ID,Province,Zone_agro_ecologique,Annee_campagne,Annee_debut,Categorie,Culture,Superficie_ha,Production_t,Rendement_kg_ha,wVHI_moyen_saison,wVHI_min_saison,Temp_moy_C,Precip_totale_mm,Humidite_rel_moy_pct
Barh_El_Ghazal_2016_Arachide,Barh El Ghazal,Sahélienne,2016/2017,2016,Autres cultures,Arachide,0.0,0.0,,0.6805,0.612,29.129890410958904,636.93,40.08619178082191
Barh_El_Ghazal_2016_Manioc,Barh El Ghazal,Sahélienne,2016/2017,2016,Autres cultures,Manioc,0.0,0.0,,0.6805,0.612,29.129890410958904,636.93,40.08619178082191
Barh_El_Ghazal_2016_Niébé,Barh El Ghazal,Sahélienne,2016/2017,2016,Autres cultures,Niébé,95.0,33.25,350.0,0.6805,0.612,29.129890410958904,636.93,40.08619178082191
Barh_El_Ghazal_2016_Patate_douce,Barh El Ghazal,Sahélienne,2016/2017,2016,Autres cultures,Patate douce,0.0,0.0,,0.6805,0.612,29.129890410958904,636.93,40.08619178082191
Barh_El_Ghazal_2016_Pois_de_terre,Barh El Ghazal,Sahélienne,2016/2017,2016,Autres cultures,Pois de terre,0.0,0.0,,0.6805,0.612,29.129890410958904,636.93,40.08619178082191
Barh_El_Ghazal_2016_Sésame,Barh El Ghazal,Sahélienne,2016/2017,2016,Autres cultures,Sésame,0.0,0.0,,0.6805,0.612,29.129890410958904,636.93,40.08619178082191
Barh_El_Ghazal_2016_Taro,Barh El Ghazal,Sahélienne,2016/2017,2016,Autres cultures,Taro,0.0,0.0,,0.6805,0.612,29.129890410958904,636.93,40.08619178082191
Barh_El_Ghazal_2016_Berbéré,Barh El Ghazal,Sahélienne,2016/2017,2016,Céréales,Berbéré,0.0,0.0,,0.6805,0.612,29.129890410958904,636.93,40.08619178082191
Barh_El_Ghazal_2016_Blé,Barh El Ghazal,Sahélienne,2016/2017,2016,Céréales,Blé,0.0,0.0,,0.6805,0.612,29.129890410958904,636.93,40.08619178082191
Barh_El_Ghazal_2016_Maïs,Barh El Ghazal,Sahélienne,2016/2017,2016,Céréales,Maïs,2175.0,1375.731,632.52,0.6805,0.612,29.129890410958904,636.93,40.08619178082191
Barh_El_Ghazal_2016_Mil,Barh El Ghazal,Sahélienne,2016/2017,2016,Céréales,Mil,31716.820000000003,12754.919163000002,402.15,0.6805,0.612,29.129890410958904,636.93,40.08619178082191
Barh_El_Ghazal_2016_Riz,Barh El Ghazal,Sahélienne,2016/2017,2016,Céréales,Riz,0.0,0.0,,0.6805,0.612,29.129890410958904,636.93,40.08619178082191
Barh_El_Ghazal_2016_Sorgho,Barh El Ghazal,Sahélienne,2016/2017,2016,Céréales,Sorgho,102.0,60.85422000000001,596.6100000000001,0.6805,0.612,29.129890410958904,636.93,40.08619178082191
Batha_2016_Arachide,Batha,Sahélienne,2016/2017,2016,Autres cultures,Arachide,25271.4,20941.188202247195,828.6516853932585,0.7188947368421053,0.546,29.129890410958904,636.93,40.08619178082191
Batha_2016_Manioc,Batha,Sahélienne,2016/2017,2016,Autres cultures,Manioc,0.0,0.0,,0.7188947368421053,0.546,29.129890410958904,636.93,40.08619178082191
Batha_2016_Niébé,Batha,Sahélienne,2016/2017,2016,Autres cultures,Niébé,12340.44,5299.601957999999,429.45,0.7188947368421053,0.546,29.129890410958904,636.93,40.08619178082191
Batha_2016_Patate_douce,Batha,Sahélienne,2016/2017,2016,Autres cultures,Patate douce,0.0,0.0,,0.7188947368421053,0.546,29.129890410958904,636.93,40.08619178082191
Batha_2016_Pois_de_terre,Batha,Sahélienne,2016/2017,2016,Autres cultures,Pois de terre,240.75,134.90025,560.3333333333334,0.7188947368421053,0.546,29.129890410958904,636.93,40.08619178082191
Batha_2016_Sésame,Batha,Sahélienne,2016/2017,2016,Autres cultures,Sésame,5760.0,2375.356915581236,412.38835339952,0.7188947368421053,0.546,29.129890410958904,636.93,40.08619178082191
Batha_2016_Taro,Batha,Sahélienne,2016/2017,2016,Autres cultures,Taro,0.0,0.0,,0.7188947368421053,0.546,29.129890410958904,636.93,40.08619178082191
Batha_2016_Berbéré,Batha,Sahélienne,2016/2017,2016,Céréales,Berbéré,103645.0,57707.70504731882,556.7823343848601,0.7188947368421053,0.546,29.129890410958904,636.93,40.08619178082191
Batha_2016_Blé,Batha,Sahélienne,2016/2017,2016,Céréales,Blé,0.0,0.0,,0.7188947368421053,0.546,29.129890410958904,636.93,40.08619178082191
Batha_2016_Maïs,Batha,Sahélienne,2016/2017,2016,Céréales,Maïs,60.0,21.42,357.00000000000006,0.7188947368421053,0.546,29.129890410958904,636.93,40.08619178082191
Batha_2016_Mil,Batha,Sahélienne,2016/2017,2016,Céréales,Mil,143695.6,60593.6559264378,421.6806633358141,0.7188947368421053,0.546,29.129890410958904,636.93,40.08619178082191
Batha_2016_Riz,Batha,Sahélienne,2016/2017,2016,Céréales,Riz,2.0,1.6555000000000002,827.7500000000001,0.7188947368421053,0.546,29.129890410958904,636.93,40.08619178082191
Batha_2016_Sorgho,Batha,Sahélienne,2016/2017,2016,Céréales,Sorgho,55080.0,30902.970297029697,561.056105610561,0.7188947368421053,0.546,29.129890410958904,636.93,40.08619178082191
Chari-Baguirmi_2016_Arachide,Chari-Baguirmi,Sahélienne,2016/2017,2016,Autres cultures,Arachide,65659.0,82073.75,1250.0,0.6688529411764705,0.521,29.129890410958904,636.93,40.08619178082191
Chari-Baguirmi_2016_Manioc,Chari-Baguirmi,Sahélienne,2016/2017,2016,Autres cultures,Manioc,1341.6666666666672,4270.745838333335,3183.1646,0.6688529411764705,0.521,29.129890410958904,636.93,40.08619178082191
Chari-Baguirmi_2016_Niébé,Chari-Baguirmi,Sahélienne,2016/2017,2016,Autres cultures,Niébé,26367.0,36102.50769230769,1369.2307692307693,0.6688529411764705,0.521,29.129890410958904,636.93,40.08619178082191
Chari-Baguirmi_2016_Patate_douce,Chari-Baguirmi,Sahélienne,2016/2017,2016,Autres cultures,Patate douce,810.0,3753.54,4634.0,0.6688529411764705,0.521,29.129890410958904,636.93,40.08619178082191
Chari-Baguirmi_2016_Pois_de_terre,Chari-Baguirmi,Sahélienne,2016/2017,2016,Autres cultures,Pois de terre,1738.0,2027.6666666666667,1166.6666666666667,0.6688529411764705,0.521,29.129890410958904,636.93,40.08619178082191
Chari-Baguirmi_2016_Sésame,Chari-Baguirmi,Sahélienne,2016/2017,2016,Autres cultures,Sésame,19881.0,13622.166666666668,685.1851851851852,0.6688529411764705,0.521,29.129890410958904,636.93,40.08619178082191
Chari-Baguirmi_2016_Taro,Chari-Baguirmi,Sahélienne,2016/2017,2016,Autres cultures,Taro,0.0,0.0,,0.6688529411764705,0.521,29.129890410958904,636.93,40.08619178082191
Chari-Baguirmi_2016_Berbéré,Chari-Baguirmi,Sahélienne,2016/2017,2016,Céréales,Berbéré,16304.06,18478.05482680087,1133.3407032850023,0.6688529411764705,0.521,29.129890410958904,636.93,40.08619178082191
Chari-Baguirmi_2016_Blé,Chari-Baguirmi,Sahélienne,2016/2017,2016,Céréales,Blé,0.0,0.0,,0.6688529411764705,0.521,29.129890410958904,636.93,40.08619178082191
Chari-Baguirmi_2016_Maïs,Chari-Baguirmi,Sahélienne,2016/2017,2016,Céréales,Maïs,39544.96000000001,42748.101760000005,1081.0,0.6688529411764705,0.521,29.129890410958904,636.93,40.08619178082191
Chari-Baguirmi_2016_Mil,Chari-Baguirmi,Sahélienne,2016/2017,2016,Céréales,Mil,138286.80000000002,90024.70680000001,651.0,0.6688529411764705,0.521,29.129890410958904,636.93,40.08619178082191
Chari-Baguirmi_2016_Riz,Chari-Baguirmi,Sahélienne,2016/2017,2016,Céréales,Riz,15544.0,24909.23546609958,1602.498421648197,0.6688529411764705,0.521,29.129890410958904,636.93,40.08619178082191
Chari-Baguirmi_2016_Sorgho,Chari-Baguirmi,Sahélienne,2016/2017,2016,Céréales,Sorgho,169495.41600000003,133562.38780800003,788.0,0.6688529411764705,0.521,29.129890410958904,636.93,40.08619178082191
Guéra_2016_Arachide,Guéra,Sahélienne,2016/2017,2016,Autres cultures,Arachide,38106.0,35251.8606,925.1,0.6689473684210526,0.5,29.129890410958904,636.93,40.08619178082191
Guéra_2016_Manioc,Guéra,Sahélienne,2016/2017,2016,Autres cultures,Manioc,456.0,255.949152,561.292,0.6689473684210526,0.5,29.129890410958904,636.93,40.08619178082191
Guéra_2016_Niébé,Guéra,Sahélienne,2016/2017,2016,Autres cultures,Niébé,7149.0,6863.04,960.0,0.6689473684210526,0.5,29.129890410958904,636.93,40.08619178082191
Guéra_2016_Patate_douce,Guéra,Sahélienne,2016/2017,2016,Autres cultures,Patate douce,1423.5,7691.1705,5403.000000000001,0.6689473684210526,0.5,29.129890410958904,636.93,40.08619178082191
Guéra_2016_Pois_de_terre,Guéra,Sahélienne,2016/2017,2016,Autres cultures,Pois de terre,3220.0,3168.48,984.0,0.6689473684210526,0.5,29.129890410958904,636.93,40.08619178082191
Guéra_2016_Sésame,Guéra,Sahélienne,2016/2017,2016,Autres cultures,Sésame,13590.8,7795.68288,573.6,0.6689473684210526,0.5,29.129890410958904,636.93,40.08619178082191
Guéra_2016_Taro,Guéra,Sahélienne,2016/2017,2016,Autres cultures,Taro,0.0,0.0,,0.6689473684210526,0.5,29.129890410958904,636.93,40.08619178082191
Guéra_2016_Berbéré,Guéra,Sahélienne,2016/2017,2016,Céréales,Berbéré,28151.550000000003,20324.687296913085,721.9740048740863,0.6689473684210526,0.5,29.129890410958904,636.93,40.08619178082191
Guéra_2016_Blé,Guéra,Sahélienne,2016/2017,2016,Céréales,Blé,0.0,0.0,,0.6689473684210526,0.5,29.129890410958904,636.93,40.08619178082191
Guéra_2016_Maïs,Guéra,Sahélienne,2016/2017,2016,Céréales,Maïs,2771.0,1710.8154,617.4,0.6689473684210526,0.5,29.129890410958904,636.93,40.08619178082191
Guéra_2016_Mil,Guéra,Sahélienne,2016/2017,2016,Céréales,Mil,61292.7,33420.7640655,545.265,0.6689473684210526,0.5,29.129890410958904,636.93,40.08619178082191
Guéra_2016_Riz,Guéra,Sahélienne,2016/2017,2016,Céréales,Riz,252.0,242.1416666666667,960.8796296296298,0.6689473684210526,0.5,29.129890410958904,636.93,40.08619178082191
Guéra_2016_Sorgho,Guéra,Sahélienne,2016/2017,2016,Céréales,Sorgho,112476.0,111010.43528319406,986.9699783348808,0.6689473684210526,0.5,29.129890410958904,636.93,40.08619178082191
Hadjer-Lamis_2016_Arachide,Hadjer-Lamis,Sahélienne,2016/2017,2016,Autres cultures,Arachide,51842.4,50582.84610566114,975.70417468445,0.7126,0.507,29.129890410958904,636.93,40.08619178082191
Hadjer-Lamis_2016_Manioc,Hadjer-Lamis,Sahélienne,2016/2017,2016,Autres cultures,Manioc,952.0,428.4595,450.0625,0.7126,0.507,29.129890410958904,636.93,40.08619178082191
Hadjer-Lamis_2016_Niébé,Hadjer-Lamis,Sahélienne,2016/2017,2016,Autres cultures,Niébé,25212.0,15511.574224147304,615.2456855524077,0.7126,0.507,29.129890410958904,636.93,40.08619178082191
Hadjer-Lamis_2016_Patate_douce,Hadjer-Lamis,Sahélienne,2016/2017,2016,Autres cultures,Patate douce,364.1,2366.65,6500.0,0.7126,0.507,29.129890410958904,636.93,40.08619178082191
Hadjer-Lamis_2016_Pois_de_terre,Hadjer-Lamis,Sahélienne,2016/2017,2016,Autres cultures,Pois de terre,0.0,0.0,,0.7126,0.507,29.129890410958904,636.93,40.08619178082191
Hadjer-Lamis_2016_Sésame,Hadjer-Lamis,Sahélienne,2016/2017,2016,Autres cultures,Sésame,8317.08,3585.4100172,431.09,0.7126,0.507,29.129890410958904,636.93,40.08619178082191
Hadjer-Lamis_2016_Taro,Hadjer-Lamis,Sahélienne,2016/2017,2016,Autres cultures,Taro,0.0,0.0,,0.7126,0.507,29.129890410958904,636.93,40.08619178082191
Hadjer-Lamis_2016_Berbéré,Hadjer-Lamis,Sahélienne,2016/2017,2016,Céréales,Berbéré,5725.8,5661.4853571740905,988.7675708502026,0.7126,0.507,29.129890410958904,636.93,40.08619178082191
Hadjer-Lamis_2016_Blé,Hadjer-Lamis,Sahélienne,2016/2017,2016,Céréales,Blé,0.0,0.0,,0.7126,0.507,29.129890410958904,636.93,40.08619178082191
Hadjer-Lamis_2016_Maïs,Hadjer-Lamis,Sahélienne,2016/2017,2016,Céréales,Maïs,36748.5975,23701.467315093752,644.9625,0.7126,0.507,29.129890410958904,636.93,40.08619178082191
Hadjer-Lamis_2016_Mil,Hadjer-Lamis,Sahélienne,2016/2017,2016,Céréales,Mil,72669.35,27469.014300000003,378.0,0.7126,0.507,29.129890410958904,636.93,40.08619178082191
Hadjer-Lamis_2016_Riz,Hadjer-Lamis,Sahélienne,2016/2017,2016,Céréales,Riz,3200.0,11923.2,3726.000000000001,0.7126,0.507,29.129890410958904,636.93,40.08619178082191
Hadjer-Lamis_2016_Sorgho,Hadjer-Lamis,Sahélienne,2016/2017,2016,Céréales,Sorgho,90280.0,54846.21495482783,607.512349964863,0.7126,0.507,29.129890410958904,636.93,40.08619178082191
Kanem_2016_Arachide,Kanem,Sahélienne,2016/2017,2016,Autres cultures,Arachide,0.0,0.0,,0.7276363636363636,0.62,29.129890410958904,636.93,40.08619178082191
Kanem_2016_Manioc,Kanem,Sahélienne,2016/2017,2016,Autres cultures,Manioc,0.0,0.0,,0.7276363636363636,0.62,29.129890410958904,636.93,40.08619178082191
Kanem_2016_Niébé,Kanem,Sahélienne,2016/2017,2016,Autres cultures,Niébé,123.0,25.43025,206.75000000000003,0.7276363636363636,0.62,29.129890410958904,636.93,40.08619178082191
Kanem_2016_Patate_douce,Kanem,Sahélienne,2016/2017,2016,Autres cultures,Patate douce,0.0,0.0,,0.7276363636363636,0.62,29.129890410958904,636.93,40.08619178082191
Kanem_2016_Pois_de_terre,Kanem,Sahélienne,2016/2017,2016,Autres cultures,Pois de terre,0.0,0.0,,0.7276363636363636,0.62,29.129890410958904,636.93,40.08619178082191
Kanem_2016_Sésame,Kanem,Sahélienne,2016/2017,2016,Autres cultures,Sésame,0.0,0.0,,0.7276363636363636,0.62,29.129890410958904,636.93,40.08619178082191
Kanem_2016_Taro,Kanem,Sahélienne,2016/2017,2016,Autres cultures,Taro,0.0,0.0,,0.7276363636363636,0.62,29.129890410958904,636.93,40.08619178082191
Kanem_2016_Berbéré,Kanem,Sahélienne,2016/2017,2016,Céréales,Berbéré,0.0,0.0,,0.7276363636363636,0.62,29.129890410958904,636.93,40.08619178082191
Kanem_2016_Blé,Kanem,Sahélienne,2016/2017,2016,Céréales,Blé,0.0,0.0,,0.7276363636363636,0.62,29.129890410958904,636.93,40.08619178082191
Kanem_2016_Maïs,Kanem,Sahélienne,2016/2017,2016,Céréales,Maïs,892.0,475.19337600000006,532.7280000000001,0.7276363636363636,0.62,29.129890410958904,636.93,40.08619178082191
Kanem_2016_Mil,Kanem,Sahélienne,2016/2017,2016,Céréales,Mil,20954.0,7749.674952681386,369.84227129337535,0.7276363636363636,0.62,29.129890410958904,636.93,40.08619178082191
Kanem_2016_Riz,Kanem,Sahélienne,2016/2017,2016,Céréales,Riz,0.0,0.0,,0.7276363636363636,0.62,29.129890410958904,636.93,40.08619178082191
Kanem_2016_Sorgho,Kanem,Sahélienne,2016/2017,2016,Céréales,Sorgho,0.0,0.0,,0.7276363636363636,0.62,29.129890410958904,636.93,40.08619178082191
Lac_2016_Arachide,Lac,Sahélienne,2016/2017,2016,Autres cultures,Arachide,170.0,179.01,1053.0,0.6947777777777778,0.557,29.129890410958904,636.93,40.08619178082191
Lac_2016_Manioc,Lac,Sahélienne,2016/2017,2016,Autres cultures,Manioc,490.0,6125.0,12500.0,0.6947777777777778,0.557,29.129890410958904,636.93,40.08619178082191
Lac_2016_Niébé,Lac,Sahélienne,2016/2017,2016,Autres cultures,Niébé,2797.0,2501.4503333333337,894.3333333333334,0.6947777777777778,0.557,29.129890410958904,636.93,40.08619178082191
Lac_2016_Patate_douce,Lac,Sahélienne,2016/2017,2016,Autres cultures,Patate douce,439.3,3323.7438,7566.0,0.6947777777777778,0.557,29.129890410958904,636.93,40.08619178082191
Lac_2016_Pois_de_terre,Lac,Sahélienne,2016/2017,2016,Autres cultures,Pois de terre,0.0,0.0,,0.6947777777777778,0.557,29.129890410958904,636.93,40.08619178082191
Lac_2016_Sésame,Lac,Sahélienne,2016/2017,2016,Autres cultures,Sésame,0.0,0.0,,0.6947777777777778,0.557,29.129890410958904,636.93,40.08619178082191
Lac_2016_Taro,Lac,Sahélienne,2016/2017,2016,Autres cultures,Taro,0.0,0.0,,0.6947777777777778,0.557,29.129890410958904,636.93,40.08619178082191
Lac_2016_Berbéré,Lac,Sahélienne,2016/2017,2016,Céréales,Berbéré,392.4,733.7880000000001,1870.0,0.6947777777777778,0.557,29.129890410958904,636.93,40.08619178082191
Lac_2016_Blé,Lac,Sahélienne,2016/2017,2016,Céréales,Blé,871.0,1742.0,2000.0,0.6947777777777778,0.557,29.129890410958904,636.93,40.08619178082191
Lac_2016_Maïs,Lac,Sahélienne,2016/2017,2016,Céréales,Maïs,45169.65,106096.7324025,2348.8499999999995,0.6947777777777778,0.557,29.129890410958904,636.93,40.08619178082191
Lac_2016_Mil,Lac,Sahélienne,2016/2017,2016,Céréales,Mil,76759.0,58003.7634714004,755.6607495069034,0.6947777777777778,0.557,29.129890410958904,636.93,40.08619178082191
Lac_2016_Riz,Lac,Sahélienne,2016/2017,2016,Céréales,Riz,440.0,1666.3647,3787.1925,0.6947777777777778,0.557,29.129890410958904,636.93,40.08619178082191
Lac_2016_Sorgho,Lac,Sahélienne,2016/2017,2016,Céréales,Sorgho,323.0,315.34167,976.2899999999998,0.6947777777777778,0.557,29.129890410958904,636.93,40.08619178082191
Ouaddaï_2016_Arachide,Ouaddaï,Sahélienne,2016/2017,2016,Autres cultures,Arachide,181833.12,179316.54961920003,986.1600000000002,0.6813846153846155,0.591,29.129890410958904,636.93,40.08619178082191
Ouaddaï_2016_Manioc,Ouaddaï,Sahélienne,2016/2017,2016,Autres cultures,Manioc,0.0,0.0,,0.6813846153846155,0.591,29.129890410958904,636.93,40.08619178082191
Ouaddaï_2016_Niébé,Ouaddaï,Sahélienne,2016/2017,2016,Autres cultures,Niébé,9690.1,3869.063128,399.28,0.6813846153846155,0.591,29.129890410958904,636.93,40.08619178082191
Ouaddaï_2016_Patate_douce,Ouaddaï,Sahélienne,2016/2017,2016,Autres cultures,Patate douce,0.0,0.0,,0.6813846153846155,0.591,29.129890410958904,636.93,40.08619178082191
Ouaddaï_2016_Pois_de_terre,Ouaddaï,Sahélienne,2016/2017,2016,Autres cultures,Pois de terre,2000.0,1344.0,672.0,0.6813846153846155,0.591,29.129890410958904,636.93,40.08619178082191
Ouaddaï_2016_Sésame,Ouaddaï,Sahélienne,2016/2017,2016,Autres cultures,Sésame,43753.0,20423.9004,466.80000000000007,0.6813846153846155,0.591,29.129890410958904,636.93,40.08619178082191
Ouaddaï_2016_Taro,Ouaddaï,Sahélienne,2016/2017,2016,Autres cultures,Taro,0.0,0.0,,0.6813846153846155,0.591,29.129890410958904,636.93,40.08619178082191
Ouaddaï_2016_Berbéré,Ouaddaï,Sahélienne,2016/2017,2016,Céréales,Berbéré,625.0,393.75,630.0,0.6813846153846155,0.591,29.129890410958904,636.93,40.08619178082191
Ouaddaï_2016_Blé,Ouaddaï,Sahélienne,2016/2017,2016,Céréales,Blé,0.0,0.0,,0.6813846153846155,0.591,29.129890410958904,636.93,40.08619178082191
Ouaddaï_2016_Maïs,Ouaddaï,Sahélienne,2016/2017,2016,Céréales,Maïs,961.0,537.82365,559.6500000000001,0.6813846153846155,0.591,29.129890410958904,636.93,40.08619178082191
Ouaddaï_2016_Mil,Ouaddaï,Sahélienne,2016/2017,2016,Céréales,Mil,222721.84,148354.79490216,666.099,0.6813846153846155,0.591,29.129890410958904,636.93,40.08619178082191
Ouaddaï_2016_Riz,Ouaddaï,Sahélienne,2016/2017,2016,Céréales,Riz,0.0,0.0,,0.6813846153846155,0.591,29.129890410958904,636.93,40.08619178082191
Ouaddaï_2016_Sorgho,Ouaddaï,Sahélienne,2016/2017,2016,Céréales,Sorgho,122317.6,74170.3347,606.375,0.6813846153846155,0.591,29.129890410958904,636.93,40.08619178082191
Salamat_2016_Arachide,Salamat,Sahélienne,2016/2017,2016,Autres cultures,Arachide,10445.6,9937.94384,951.4,0.5705652173913043,0.415,29.129890410958904,636.93,40.08619178082191
Salamat_2016_Manioc,Salamat,Sahélienne,2016/2017,2016,Autres cultures,Manioc,2557.94,29625.037904000004,11581.600000000002,0.5705652173913043,0.415,29.129890410958904,636.93,40.08619178082191
Salamat_2016_Niébé,Salamat,Sahélienne,2016/2017,2016,Autres cultures,Niébé,5072.0,2620.533333333333,516.6666666666666,0.5705652173913043,0.415,29.129890410958904,636.93,40.08619178082191
Salamat_2016_Patate_douce,Salamat,Sahélienne,2016/2017,2016,Autres cultures,Patate douce,2739.0,18625.2,6800.0,0.5705652173913043,0.415,29.129890410958904,636.93,40.08619178082191
Salamat_2016_Pois_de_terre,Salamat,Sahélienne,2016/2017,2016,Autres cultures,Pois de terre,535.92,485.114784,905.2,0.5705652173913043,0.415,29.129890410958904,636.93,40.08619178082191
Salamat_2016_Sésame,Salamat,Sahélienne,2016/2017,2016,Autres cultures,Sésame,7560.0,3314.7692307692305,438.4615384615384,0.5705652173913043,0.415,29.129890410958904,636.93,40.08619178082191
Salamat_2016_Taro,Salamat,Sahélienne,2016/2017,2016,Autres cultures,Taro,0.0,0.0,,0.5705652173913043,0.415,29.129890410958904,636.93,40.08619178082191
Salamat_2016_Berbéré,Salamat,Sahélienne,2016/2017,2016,Céréales,Berbéré,211540.0,278517.4261410789,1316.618257261411,0.5705652173913043,0.415,29.129890410958904,636.93,40.08619178082191
Salamat_2016_Blé,Salamat,Sahélienne,2016/2017,2016,Céréales,Blé,0.0,0.0,,0.5705652173913043,0.415,29.129890410958904,636.93,40.08619178082191
Salamat_2016_Maïs,Salamat,Sahélienne,2016/2017,2016,Céréales,Maïs,29974.0,39416.40948,1315.02,0.5705652173913043,0.415,29.129890410958904,636.93,40.08619178082191
Salamat_2016_Mil,Salamat,Sahélienne,2016/2017,2016,Céréales,Mil,7604.0,5760.149559748424,757.5157232704397,0.5705652173913043,0.415,29.129890410958904,636.93,40.08619178082191
Salamat_2016_Riz,Salamat,Sahélienne,2016/2017,2016,Céréales,Riz,6352.0,23017.07865168539,3623.595505617977,0.5705652173913043,0.415,29.129890410958904,636.93,40.08619178082191
Salamat_2016_Sorgho,Salamat,Sahélienne,2016/2017,2016,Céréales,Sorgho,25153.0,26148.183913043573,1039.565217391308,0.5705652173913043,0.415,29.129890410958904,636.93,40.08619178082191
Sila_2016_Arachide,Sila,Sahélienne,2016/2017,2016,Autres cultures,Arachide,97369.755,100875.06618,1036.0,0.5635263157894738,0.467,29.129890410958904,636.93,40.08619178082191
Sila_2016_Manioc,Sila,Sahélienne,2016/2017,2016,Autres cultures,Manioc,0.0,0.0,,0.5635263157894738,0.467,29.129890410958904,636.93,40.08619178082191
Sila_2016_Niébé,Sila,Sahélienne,2016/2017,2016,Autres cultures,Niébé,23826.0,11612.501068832838,487.38777255237295,0.5635263157894738,0.467,29.129890410958904,636.93,40.08619178082191
Sila_2016_Patate_douce,Sila,Sahélienne,2016/2017,2016,Autres cultures,Patate douce,113.0,666.7,5900.0,0.5635263157894738,0.467,29.129890410958904,636.93,40.08619178082191
Sila_2016_Pois_de_terre,Sila,Sahélienne,2016/2017,2016,Autres cultures,Pois de terre,0.0,0.0,,0.5635263157894738,0.467,29.129890410958904,636.93,40.08619178082191
Sila_2016_Sésame,Sila,Sahélienne,2016/2017,2016,Autres cultures,Sésame,42296.0,33836.8,800.0,0.5635263157894738,0.467,29.129890410958904,636.93,40.08619178082191
Sila_2016_Taro,Sila,Sahélienne,2016/2017,2016,Autres cultures,Taro,0.0,0.0,,0.5635263157894738,0.467,29.129890410958904,636.93,40.08619178082191
Sila_2016_Berbéré,Sila,Sahélienne,2016/2017,2016,Céréales,Berbéré,11645.24,11495.782374331577,987.1657754010716,0.5635263157894738,0.467,29.129890410958904,636.93,40.08619178082191
Sila_2016_Blé,Sila,Sahélienne,2016/2017,2016,Céréales,Blé,0.0,0.0,,0.5635263157894738,0.467,29.129890410958904,636.93,40.08619178082191
Sila_2016_Maïs,Sila,Sahélienne,2016/2017,2016,Céréales,Maïs,70961.0,96128.50133333316,1354.6666666666642,0.5635263157894738,0.467,29.129890410958904,636.93,40.08619178082191
Sila_2016_Mil,Sila,Sahélienne,2016/2017,2016,Céréales,Mil,131490.59,90570.718392,688.8000000000001,0.5635263157894738,0.467,29.129890410958904,636.93,40.08619178082191
Sila_2016_Riz,Sila,Sahélienne,2016/2017,2016,Céréales,Riz,547.0,591.7019575268818,1081.7220430107527,0.5635263157894738,0.467,29.129890410958904,636.93,40.08619178082191
Sila_2016_Sorgho,Sila,Sahélienne,2016/2017,2016,Céréales,Sorgho,140788.888,137987.1891288,980.1,0.5635263157894738,0.467,29.129890410958904,636.93,40.08619178082191
Wadi_Fira_2016_Arachide,Wadi Fira,Sahélienne,2016/2017,2016,Autres cultures,Arachide,26518.0,23866.2,900.0,0.7152000000000001,0.606,29.129890410958904,636.93,40.08619178082191
Wadi_Fira_2016_Manioc,Wadi Fira,Sahélienne,2016/2017,2016,Autres cultures,Manioc,0.0,0.0,,0.7152000000000001,0.606,29.129890410958904,636.93,40.08619178082191
Wadi_Fira_2016_Niébé,Wadi Fira,Sahélienne,2016/2017,2016,Autres cultures,Niébé,4274.0,1638.6464569967322,383.3987966768208,0.7152000000000001,0.606,29.129890410958904,636.93,40.08619178082191
Wadi_Fira_2016_Patate_douce,Wadi Fira,Sahélienne,2016/2017,2016,Autres cultures,Patate douce,0.0,0.0,,0.7152000000000001,0.606,29.129890410958904,636.93,40.08619178082191
Wadi_Fira_2016_Pois_de_terre,Wadi Fira,Sahélienne,2016/2017,2016,Autres cultures,Pois de terre,0.0,0.0,,0.7152000000000001,0.606,29.129890410958904,636.93,40.08619178082191
Wadi_Fira_2016_Sésame,Wadi Fira,Sahélienne,2016/2017,2016,Autres cultures,Sésame,5466.0,1962.294,359.00000000000006,0.7152000000000001,0.606,29.129890410958904,636.93,40.08619178082191
Wadi_Fira_2016_Taro,Wadi Fira,Sahélienne,2016/2017,2016,Autres cultures,Taro,0.0,0.0,,0.7152000000000001,0.606,29.129890410958904,636.93,40.08619178082191
Wadi_Fira_2016_Berbéré,Wadi Fira,Sahélienne,2016/2017,2016,Céréales,Berbéré,0.0,0.0,,0.7152000000000001,0.606,29.129890410958904,636.93,40.08619178082191
Wadi_Fira_2016_Blé,Wadi Fira,Sahélienne,2016/2017,2016,Céréales,Blé,0.0,0.0,,0.7152000000000001,0.606,29.129890410958904,636.93,40.08619178082191
Wadi_Fira_2016_Maïs,Wadi Fira,Sahélienne,2016/2017,2016,Céréales,Maïs,0.0,0.0,,0.7152000000000001,0.606,29.129890410958904,636.93,40.08619178082191
Wadi_Fira_2016_Mil,Wadi Fira,Sahélienne,2016/2017,2016,Céréales,Mil,125725.0,63551.43146442189,505.4796696315124,0.7152000000000001,0.606,29.129890410958904,636.93,40.08619178082191
Wadi_Fira_2016_Riz,Wadi Fira,Sahélienne,2016/2017,2016,Céréales,Riz,0.0,0.0,,0.7152000000000001,0.606,29.129890410958904,636.93,40.08619178082191
Wadi_Fira_2016_Sorgho,Wadi Fira,Sahélienne,2016/2017,2016,Céréales,Sorgho,31842.0,31922.87868,1002.54,0.7152000000000001,0.606,29.129890410958904,636.93,40.08619178082191
Logone_Occidental_2016_Arachide,Logone Occidental,Soudanienne,2016/2017,2016,Autres cultures,Arachide,69777.0,83890.82228515383,1202.270408374591,0.4683809523809524,0.357,29.129890410958904,636.93,40.08619178082191
Logone_Occidental_2016_Manioc,Logone Occidental,Soudanienne,2016/2017,2016,Autres cultures,Manioc,7073.95,131450.96848,18582.400000000005,0.4683809523809524,0.357,29.129890410958904,636.93,40.08619178082191
Logone_Occidental_2016_Niébé,Logone Occidental,Soudanienne,2016/2017,2016,Autres cultures,Niébé,12291.0,6379.432650427296,519.0328411380112,0.4683809523809524,0.357,29.129890410958904,636.93,40.08619178082191
Logone_Occidental_2016_Patate_douce,Logone Occidental,Soudanienne,2016/2017,2016,Autres cultures,Patate douce,11324.5,58887.4,5200.0,0.4683809523809524,0.357,29.129890410958904,636.93,40.08619178082191
Logone_Occidental_2016_Pois_de_terre,Logone Occidental,Soudanienne,2016/2017,2016,Autres cultures,Pois de terre,2524.0,2150.448,852.0,0.4683809523809524,0.357,29.129890410958904,636.93,40.08619178082191
Logone_Occidental_2016_Sésame,Logone Occidental,Soudanienne,2016/2017,2016,Autres cultures,Sésame,40340.745,20893.67913199848,517.9299274715546,0.4683809523809524,0.357,29.129890410958904,636.93,40.08619178082191
Logone_Occidental_2016_Taro,Logone Occidental,Soudanienne,2016/2017,2016,Autres cultures,Taro,93.0,139.5,1500.0,0.4683809523809524,0.357,29.129890410958904,636.93,40.08619178082191
Logone_Occidental_2016_Berbéré,Logone Occidental,Soudanienne,2016/2017,2016,Céréales,Berbéré,0.0,0.0,,0.4683809523809524,0.357,29.129890410958904,636.93,40.08619178082191
Logone_Occidental_2016_Blé,Logone Occidental,Soudanienne,2016/2017,2016,Céréales,Blé,0.0,0.0,,0.4683809523809524,0.357,29.129890410958904,636.93,40.08619178082191
Logone_Occidental_2016_Maïs,Logone Occidental,Soudanienne,2016/2017,2016,Céréales,Maïs,17352.324,15432.2893494,889.35,0.4683809523809524,0.357,29.129890410958904,636.93,40.08619178082191
Logone_Occidental_2016_Mil,Logone Occidental,Soudanienne,2016/2017,2016,Céréales,Mil,27147.0,16156.135375072345,595.1352037084151,0.4683809523809524,0.357,29.129890410958904,636.93,40.08619178082191
Logone_Occidental_2016_Riz,Logone Occidental,Soudanienne,2016/2017,2016,Céréales,Riz,14137.425,17671.85250543583,1250.0050401990338,0.4683809523809524,0.357,29.129890410958904,636.93,40.08619178082191
Logone_Occidental_2016_Sorgho,Logone Occidental,Soudanienne,2016/2017,2016,Céréales,Sorgho,62516.0,51289.72255319164,820.425531914896,0.4683809523809524,0.357,29.129890410958904,636.93,40.08619178082191
Logone_Oriental_2016_Arachide,Logone Oriental,Soudanienne,2016/2017,2016,Autres cultures,Arachide,49398.0,86336.72666666667,1747.7777777777778,0.5334166666666667,0.451,29.129890410958904,636.93,40.08619178082191
Logone_Oriental_2016_Manioc,Logone Oriental,Soudanienne,2016/2017,2016,Autres cultures,Manioc,3964.5,59064.15424485499,14898.260624254002,0.5334166666666667,0.451,29.129890410958904,636.93,40.08619178082191
Logone_Oriental_2016_Niébé,Logone Oriental,Soudanienne,2016/2017,2016,Autres cultures,Niébé,13910.0,9344.707066452109,671.7977761647812,0.5334166666666667,0.451,29.129890410958904,636.93,40.08619178082191
Logone_Oriental_2016_Patate_douce,Logone Oriental,Soudanienne,2016/2017,2016,Autres cultures,Patate douce,7917.299999999999,31062.207,3923.3333333333335,0.5334166666666667,0.451,29.129890410958904,636.93,40.08619178082191
Logone_Oriental_2016_Pois_de_terre,Logone Oriental,Soudanienne,2016/2017,2016,Autres cultures,Pois de terre,5260.12,7332.60728,1394.0000000000002,0.5334166666666667,0.451,29.129890410958904,636.93,40.08619178082191
Logone_Oriental_2016_Sésame,Logone Oriental,Soudanienne,2016/2017,2016,Autres cultures,Sésame,24548.748000000003,13626.329570306,555.0722819064335,0.5334166666666667,0.451,29.129890410958904,636.93,40.08619178082191
Logone_Oriental_2016_Taro,Logone Oriental,Soudanienne,2016/2017,2016,Autres cultures,Taro,2896.2000000000003,4496.3505,1552.4999999999998,0.5334166666666667,0.451,29.129890410958904,636.93,40.08619178082191
Logone_Oriental_2016_Berbéré,Logone Oriental,Soudanienne,2016/2017,2016,Céréales,Berbéré,0.0,0.0,,0.5334166666666667,0.451,29.129890410958904,636.93,40.08619178082191
Logone_Oriental_2016_Blé,Logone Oriental,Soudanienne,2016/2017,2016,Céréales,Blé,0.0,0.0,,0.5334166666666667,0.451,29.129890410958904,636.93,40.08619178082191
Logone_Oriental_2016_Maïs,Logone Oriental,Soudanienne,2016/2017,2016,Céréales,Maïs,19921.0,20305.95141376502,1019.3239000936208,0.5334166666666667,0.451,29.129890410958904,636.93,40.08619178082191
Logone_Oriental_2016_Mil,Logone Oriental,Soudanienne,2016/2017,2016,Céréales,Mil,29789.0,24923.42777369677,836.6654729496381,0.5334166666666667,0.451,29.129890410958904,636.93,40.08619178082191
Logone_Oriental_2016_Riz,Logone Oriental,Soudanienne,2016/2017,2016,Céréales,Riz,22541.5,26297.579345952498,1166.6295209259588,0.5334166666666667,0.451,29.129890410958904,636.93,40.08619178082191
Logone_Oriental_2016_Sorgho,Logone Oriental,Soudanienne,2016/2017,2016,Céréales,Sorgho,69288.0,79321.58906450235,1144.8099102947458,0.5334166666666667,0.451,29.129890410958904,636.93,40.08619178082191
Mandoul_2016_Arachide,Mandoul,Soudanienne,2016/2017,2016,Autres cultures,Arachide,48711.06,49203.0909090909,1010.10101010101,0.5263571428571429,0.338,29.129890410958904,636.93,40.08619178082191
Mandoul_2016_Manioc,Mandoul,Soudanienne,2016/2017,2016,Autres cultures,Manioc,5730.0,93907.824,16388.8,0.5263571428571429,0.338,29.129890410958904,636.93,40.08619178082191
Mandoul_2016_Niébé,Mandoul,Soudanienne,2016/2017,2016,Autres cultures,Niébé,23438.34,14226.76532751092,606.9868995633188,0.5263571428571429,0.338,29.129890410958904,636.93,40.08619178082191
Mandoul_2016_Patate_douce,Mandoul,Soudanienne,2016/2017,2016,Autres cultures,Patate douce,1254.12,6350.86368,5064.0,0.5263571428571429,0.338,29.129890410958904,636.93,40.08619178082191
Mandoul_2016_Pois_de_terre,Mandoul,Soudanienne,2016/2017,2016,Autres cultures,Pois de terre,6485.56,10816.987571428574,1667.8571428571431,0.5263571428571429,0.338,29.129890410958904,636.93,40.08619178082191
Mandoul_2016_Sésame,Mandoul,Soudanienne,2016/2017,2016,Autres cultures,Sésame,21577.3,10637.6089,493.00000000000006,0.5263571428571429,0.338,29.129890410958904,636.93,40.08619178082191
Mandoul_2016_Taro,Mandoul,Soudanienne,2016/2017,2016,Autres cultures,Taro,2066.0,4648.5,2250.0,0.5263571428571429,0.338,29.129890410958904,636.93,40.08619178082191
Mandoul_2016_Berbéré,Mandoul,Soudanienne,2016/2017,2016,Céréales,Berbéré,0.0,0.0,,0.5263571428571429,0.338,29.129890410958904,636.93,40.08619178082191
Mandoul_2016_Blé,Mandoul,Soudanienne,2016/2017,2016,Céréales,Blé,0.0,0.0,,0.5263571428571429,0.338,29.129890410958904,636.93,40.08619178082191
Mandoul_2016_Maïs,Mandoul,Soudanienne,2016/2017,2016,Céréales,Maïs,13499.0,13554.749183737807,1004.1298750824365,0.5263571428571429,0.338,29.129890410958904,636.93,40.08619178082191
Mandoul_2016_Mil,Mandoul,Soudanienne,2016/2017,2016,Céréales,Mil,50458.8,29958.792852070987,593.7278106508872,0.5263571428571429,0.338,29.129890410958904,636.93,40.08619178082191
Mandoul_2016_Riz,Mandoul,Soudanienne,2016/2017,2016,Céréales,Riz,20520.0,23508.05399067804,1145.61666621238,0.5263571428571429,0.338,29.129890410958904,636.93,40.08619178082191
Mandoul_2016_Sorgho,Mandoul,Soudanienne,2016/2017,2016,Céréales,Sorgho,85366.0,60080.11015911872,703.7943696450427,0.5263571428571429,0.338,29.129890410958904,636.93,40.08619178082191
Mayo-Kebbi_Est_2016_Arachide,Mayo-Kebbi Est,Soudanienne,2016/2017,2016,Autres cultures,Arachide,25957.72,33501.51648382926,1290.618609177896,0.5663181818181818,0.399,29.129890410958904,636.93,40.08619178082191
Mayo-Kebbi_Est_2016_Manioc,Mayo-Kebbi Est,Soudanienne,2016/2017,2016,Autres cultures,Manioc,3193.3,58924.64863565352,18452.5878043571,0.5663181818181818,0.399,29.129890410958904,636.93,40.08619178082191
Mayo-Kebbi_Est_2016_Niébé,Mayo-Kebbi Est,Soudanienne,2016/2017,2016,Autres cultures,Niébé,15377.052,9242.23461982364,601.0407339341532,0.5663181818181818,0.399,29.129890410958904,636.93,40.08619178082191
Mayo-Kebbi_Est_2016_Patate_douce,Mayo-Kebbi Est,Soudanienne,2016/2017,2016,Autres cultures,Patate douce,1031.0,4675.585,4535.0,0.5663181818181818,0.399,29.129890410958904,636.93,40.08619178082191
Mayo-Kebbi_Est_2016_Pois_de_terre,Mayo-Kebbi Est,Soudanienne,2016/2017,2016,Autres cultures,Pois de terre,6118.9,3437.6745062499995,561.8124999999999,0.5663181818181818,0.399,29.129890410958904,636.93,40.08619178082191
Mayo-Kebbi_Est_2016_Sésame,Mayo-Kebbi Est,Soudanienne,2016/2017,2016,Autres cultures,Sésame,14788.94,6476.814998412105,437.9499138147903,0.5663181818181818,0.399,29.129890410958904,636.93,40.08619178082191
Mayo-Kebbi_Est_2016_Taro,Mayo-Kebbi Est,Soudanienne,2016/2017,2016,Autres cultures,Taro,1824.0,4916.592,2695.5,0.5663181818181818,0.399,29.129890410958904,636.93,40.08619178082191
Mayo-Kebbi_Est_2016_Berbéré,Mayo-Kebbi Est,Soudanienne,2016/2017,2016,Céréales,Berbéré,57248.25,40994.89934249999,716.0899999999999,0.5663181818181818,0.399,29.129890410958904,636.93,40.08619178082191
Mayo-Kebbi_Est_2016_Blé,Mayo-Kebbi Est,Soudanienne,2016/2017,2016,Céréales,Blé,0.0,0.0,,0.5663181818181818,0.399,29.129890410958904,636.93,40.08619178082191
Mayo-Kebbi_Est_2016_Maïs,Mayo-Kebbi Est,Soudanienne,2016/2017,2016,Céréales,Maïs,11825.0,18832.407407407405,1592.5925925925924,0.5663181818181818,0.399,29.129890410958904,636.93,40.08619178082191
Mayo-Kebbi_Est_2016_Mil,Mayo-Kebbi Est,Soudanienne,2016/2017,2016,Céréales,Mil,24475.1,16451.870293772055,672.1880725215445,0.5663181818181818,0.399,29.129890410958904,636.93,40.08619178082191
Mayo-Kebbi_Est_2016_Riz,Mayo-Kebbi Est,Soudanienne,2016/2017,2016,Céréales,Riz,33626.4,58823.9829233584,1749.3392966050008,0.5663181818181818,0.399,29.129890410958904,636.93,40.08619178082191
Mayo-Kebbi_Est_2016_Sorgho,Mayo-Kebbi Est,Soudanienne,2016/2017,2016,Céréales,Sorgho,68344.15500000001,65791.57280864828,962.6510534609474,0.5663181818181818,0.399,29.129890410958904,636.93,40.08619178082191
Mayo-Kebbi_Ouest_2016_Arachide,Mayo-Kebbi Ouest,Soudanienne,2016/2017,2016,Autres cultures,Arachide,36041.25,39991.37634821673,1109.6001483915438,0.5423928571428572,0.402,29.129890410958904,636.93,40.08619178082191
Mayo-Kebbi_Ouest_2016_Manioc,Mayo-Kebbi Ouest,Soudanienne,2016/2017,2016,Autres cultures,Manioc,3543.54,30123.821772844803,8501.053120000002,0.5423928571428572,0.402,29.129890410958904,636.93,40.08619178082191
Mayo-Kebbi_Ouest_2016_Niébé,Mayo-Kebbi Ouest,Soudanienne,2016/2017,2016,Autres cultures,Niébé,8623.68,5039.367517331762,584.3639278511914,0.5423928571428572,0.402,29.129890410958904,636.93,40.08619178082191
Mayo-Kebbi_Ouest_2016_Patate_douce,Mayo-Kebbi Ouest,Soudanienne,2016/2017,2016,Autres cultures,Patate douce,1000.0,3240.0,3240.0,0.5423928571428572,0.402,29.129890410958904,636.93,40.08619178082191
Mayo-Kebbi_Ouest_2016_Pois_de_terre,Mayo-Kebbi Ouest,Soudanienne,2016/2017,2016,Autres cultures,Pois de terre,2439.36,2167.77792,888.6666666666666,0.5423928571428572,0.402,29.129890410958904,636.93,40.08619178082191
Mayo-Kebbi_Ouest_2016_Sésame,Mayo-Kebbi Ouest,Soudanienne,2016/2017,2016,Autres cultures,Sésame,11580.29,5504.304223039331,475.3166132315625,0.5423928571428572,0.402,29.129890410958904,636.93,40.08619178082191
Mayo-Kebbi_Ouest_2016_Taro,Mayo-Kebbi Ouest,Soudanienne,2016/2017,2016,Autres cultures,Taro,722.0,1062.5854500000005,1471.7250000000004,0.5423928571428572,0.402,29.129890410958904,636.93,40.08619178082191
Mayo-Kebbi_Ouest_2016_Berbéré,Mayo-Kebbi Ouest,Soudanienne,2016/2017,2016,Céréales,Berbéré,9547.3,7226.571692307682,756.9230769230759,0.5423928571428572,0.402,29.129890410958904,636.93,40.08619178082191
Mayo-Kebbi_Ouest_2016_Blé,Mayo-Kebbi Ouest,Soudanienne,2016/2017,2016,Céréales,Blé,0.0,0.0,,0.5423928571428572,0.402,29.129890410958904,636.93,40.08619178082191
Mayo-Kebbi_Ouest_2016_Maïs,Mayo-Kebbi Ouest,Soudanienne,2016/2017,2016,Céréales,Maïs,37422.0,44498.98564347974,1189.112972141514,0.5423928571428572,0.402,29.129890410958904,636.93,40.08619178082191
Mayo-Kebbi_Ouest_2016_Mil,Mayo-Kebbi Ouest,Soudanienne,2016/2017,2016,Céréales,Mil,8265.6,5537.125440000002,669.9000000000002,0.5423928571428572,0.402,29.129890410958904,636.93,40.08619178082191
Mayo-Kebbi_Ouest_2016_Riz,Mayo-Kebbi Ouest,Soudanienne,2016/2017,2016,Céréales,Riz,7036.8,11426.89390710977,1623.876464743885,0.5423928571428572,0.402,29.129890410958904,636.93,40.08619178082191
Mayo-Kebbi_Ouest_2016_Sorgho,Mayo-Kebbi Ouest,Soudanienne,2016/2017,2016,Céréales,Sorgho,60981.78,52084.43199061803,854.0982567353401,0.5423928571428572,0.402,29.129890410958904,636.93,40.08619178082191
Moyen-Chari_2016_Arachide,Moyen-Chari,Soudanienne,2016/2017,2016,Autres cultures,Arachide,35247.8566,48176.5607615262,1366.794052422643,0.5987169811320755,0.427,29.129890410958904,636.93,40.08619178082191
Moyen-Chari_2016_Manioc,Moyen-Chari,Soudanienne,2016/2017,2016,Autres cultures,Manioc,3159.28,37018.1727700129,11717.281396398195,0.5987169811320755,0.427,29.129890410958904,636.93,40.08619178082191
Moyen-Chari_2016_Niébé,Moyen-Chari,Soudanienne,2016/2017,2016,Autres cultures,Niébé,10991.56,7629.618312088656,694.1342550182736,0.5987169811320755,0.427,29.129890410958904,636.93,40.08619178082191
Moyen-Chari_2016_Patate_douce,Moyen-Chari,Soudanienne,2016/2017,2016,Autres cultures,Patate douce,1878.0,8905.476,4742.0,0.5987169811320755,0.427,29.129890410958904,636.93,40.08619178082191
Moyen-Chari_2016_Pois_de_terre,Moyen-Chari,Soudanienne,2016/2017,2016,Autres cultures,Pois de terre,3703.0,3772.43125,1018.75,0.5987169811320755,0.427,29.129890410958904,636.93,40.08619178082191
Moyen-Chari_2016_Sésame,Moyen-Chari,Soudanienne,2016/2017,2016,Autres cultures,Sésame,8587.55,4024.198726936995,468.6084770320983,0.5987169811320755,0.427,29.129890410958904,636.93,40.08619178082191
Moyen-Chari_2016_Taro,Moyen-Chari,Soudanienne,2016/2017,2016,Autres cultures,Taro,1000.8,2161.728,2159.9999999999995,0.5987169811320755,0.427,29.129890410958904,636.93,40.08619178082191
Moyen-Chari_2016_Berbéré,Moyen-Chari,Soudanienne,2016/2017,2016,Céréales,Berbéré,4262.7,8844.24996,2074.8,0.5987169811320755,0.427,29.129890410958904,636.93,40.08619178082191
Moyen-Chari_2016_Blé,Moyen-Chari,Soudanienne,2016/2017,2016,Céréales,Blé,0.0,0.0,,0.5987169811320755,0.427,29.129890410958904,636.93,40.08619178082191
Moyen-Chari_2016_Maïs,Moyen-Chari,Soudanienne,2016/2017,2016,Céréales,Maïs,13947.0,14048.920384615394,1007.307692307693,0.5987169811320755,0.427,29.129890410958904,636.93,40.08619178082191
Moyen-Chari_2016_Mil,Moyen-Chari,Soudanienne,2016/2017,2016,Céréales,Mil,23110.0,14413.707000000002,623.7000000000002,0.5987169811320755,0.427,29.129890410958904,636.93,40.08619178082191
Moyen-Chari_2016_Riz,Moyen-Chari,Soudanienne,2016/2017,2016,Céréales,Riz,3942.400000000001,4835.3536,1226.5,0.5987169811320755,0.427,29.129890410958904,636.93,40.08619178082191
Moyen-Chari_2016_Sorgho,Moyen-Chari,Soudanienne,2016/2017,2016,Céréales,Sorgho,57453.65,48924.65565750001,851.5500000000002,0.5987169811320755,0.427,29.129890410958904,636.93,40.08619178082191
Tandjilé_2016_Arachide,Tandjilé,Soudanienne,2016/2017,2016,Autres cultures,Arachide,28420.63,27124.0808594,954.38,0.5491162790697675,0.388,29.129890410958904,636.93,40.08619178082191
Tandjilé_2016_Manioc,Tandjilé,Soudanienne,2016/2017,2016,Autres cultures,Manioc,2689.856,41338.7829504,15368.4,0.5491162790697675,0.388,29.129890410958904,636.93,40.08619178082191
Tandjilé_2016_Niébé,Tandjilé,Soudanienne,2016/2017,2016,Autres cultures,Niébé,9875.855999999998,6130.438659788816,620.7501060959999,0.5491162790697675,0.388,29.129890410958904,636.93,40.08619178082191
Tandjilé_2016_Patate_douce,Tandjilé,Soudanienne,2016/2017,2016,Autres cultures,Patate douce,3548.0,20882.51428571428,5885.714285714284,0.5491162790697675,0.388,29.129890410958904,636.93,40.08619178082191
Tandjilé_2016_Pois_de_terre,Tandjilé,Soudanienne,2016/2017,2016,Autres cultures,Pois de terre,1422.0,712.422,501.0,0.5491162790697675,0.388,29.129890410958904,636.93,40.08619178082191
Tandjilé_2016_Sésame,Tandjilé,Soudanienne,2016/2017,2016,Autres cultures,Sésame,10969.76,5531.228193616289,504.2250872960109,0.5491162790697675,0.388,29.129890410958904,636.93,40.08619178082191
Tandjilé_2016_Taro,Tandjilé,Soudanienne,2016/2017,2016,Autres cultures,Taro,1138.57,1548.4552,1359.9999999999998,0.5491162790697675,0.388,29.129890410958904,636.93,40.08619178082191
Tandjilé_2016_Berbéré,Tandjilé,Soudanienne,2016/2017,2016,Céréales,Berbéré,4977.5,3337.41375,670.5,0.5491162790697675,0.388,29.129890410958904,636.93,40.08619178082191
Tandjilé_2016_Blé,Tandjilé,Soudanienne,2016/2017,2016,Céréales,Blé,0.0,0.0,,0.5491162790697675,0.388,29.129890410958904,636.93,40.08619178082191
Tandjilé_2016_Maïs,Tandjilé,Soudanienne,2016/2017,2016,Céréales,Maïs,5492.25,4893.594750000001,891.0000000000002,0.5491162790697675,0.388,29.129890410958904,636.93,40.08619178082191
Tandjilé_2016_Mil,Tandjilé,Soudanienne,2016/2017,2016,Céréales,Mil,28409.0,19982.200481840493,703.3757077630503,0.5491162790697675,0.388,29.129890410958904,636.93,40.08619178082191
Tandjilé_2016_Riz,Tandjilé,Soudanienne,2016/2017,2016,Céréales,Riz,54262.062000000005,52786.1339136,972.8,0.5491162790697675,0.388,29.129890410958904,636.93,40.08619178082191
Tandjilé_2016_Sorgho,Tandjilé,Soudanienne,2016/2017,2016,Céréales,Sorgho,39547.2,32626.44,825.0000000000001,0.5491162790697675,0.388,29.129890410958904,636.93,40.08619178082191
Barh_El_Ghazal_2017_Arachide,Barh El Ghazal,Sahélienne,2017/2018,2017,Autres cultures,Arachide,0.0,0.0,,0.7174,0.627,28.97509589041096,483.26,38.5632602739726
Barh_El_Ghazal_2017_Manioc,Barh El Ghazal,Sahélienne,2017/2018,2017,Autres cultures,Manioc,0.0,0.0,,0.7174,0.627,28.97509589041096,483.26,38.5632602739726
Barh_El_Ghazal_2017_Niébé,Barh El Ghazal,Sahélienne,2017/2018,2017,Autres cultures,Niébé,85.0,32.725,385.0,0.7174,0.627,28.97509589041096,483.26,38.5632602739726
Barh_El_Ghazal_2017_Patate_douce,Barh El Ghazal,Sahélienne,2017/2018,2017,Autres cultures,Patate douce,0.0,0.0,,0.7174,0.627,28.97509589041096,483.26,38.5632602739726
Barh_El_Ghazal_2017_Pois_de_terre,Barh El Ghazal,Sahélienne,2017/2018,2017,Autres cultures,Pois de terre,0.0,0.0,,0.7174,0.627,28.97509589041096,483.26,38.5632602739726
Barh_El_Ghazal_2017_Sésame,Barh El Ghazal,Sahélienne,2017/2018,2017,Autres cultures,Sésame,0.0,0.0,,0.7174,0.627,28.97509589041096,483.26,38.5632602739726
Barh_El_Ghazal_2017_Taro,Barh El Ghazal,Sahélienne,2017/2018,2017,Autres cultures,Taro,0.0,0.0,,0.7174,0.627,28.97509589041096,483.26,38.5632602739726
Barh_El_Ghazal_2017_Berbéré,Barh El Ghazal,Sahélienne,2017/2018,2017,Céréales,Berbéré,0.0,0.0,,0.7174,0.627,28.97509589041096,483.26,38.5632602739726
Barh_El_Ghazal_2017_Blé,Barh El Ghazal,Sahélienne,2017/2018,2017,Céréales,Blé,0.0,0.0,,0.7174,0.627,28.97509589041096,483.26,38.5632602739726
Barh_El_Ghazal_2017_Maïs,Barh El Ghazal,Sahélienne,2017/2018,2017,Céréales,Maïs,2180.2000000000003,1370.2705253600002,628.5068,0.7174,0.627,28.97509589041096,483.26,38.5632602739726
Barh_El_Ghazal_2017_Mil,Barh El Ghazal,Sahélienne,2017/2018,2017,Céréales,Mil,31025.4,10858.89,350.0,0.7174,0.627,28.97509589041096,483.26,38.5632602739726
Barh_El_Ghazal_2017_Riz,Barh El Ghazal,Sahélienne,2017/2018,2017,Céréales,Riz,0.0,0.0,,0.7174,0.627,28.97509589041096,483.26,38.5632602739726
Barh_El_Ghazal_2017_Sorgho,Barh El Ghazal,Sahélienne,2017/2018,2017,Céréales,Sorgho,92.65,52.580913300000006,567.522,0.7174,0.627,28.97509589041096,483.26,38.5632602739726
Batha_2017_Arachide,Batha,Sahélienne,2017/2018,2017,Autres cultures,Arachide,24786.3,23269.30389473684,938.796992481203,0.6703684210526316,0.53,28.97509589041096,483.26,38.5632602739726
Batha_2017_Manioc,Batha,Sahélienne,2017/2018,2017,Autres cultures,Manioc,0.0,0.0,,0.6703684210526316,0.53,28.97509589041096,483.26,38.5632602739726
Batha_2017_Niébé,Batha,Sahélienne,2017/2018,2017,Autres cultures,Niébé,12167.1,6955.437742331968,571.659453964541,0.6703684210526316,0.53,28.97509589041096,483.26,38.5632602739726
Batha_2017_Patate_douce,Batha,Sahélienne,2017/2018,2017,Autres cultures,Patate douce,324.0,1458.0,4500.0,0.6703684210526316,0.53,28.97509589041096,483.26,38.5632602739726
Batha_2017_Pois_de_terre,Batha,Sahélienne,2017/2018,2017,Autres cultures,Pois de terre,201.0,111.9503,556.9666666666666,0.6703684210526316,0.53,28.97509589041096,483.26,38.5632602739726
Batha_2017_Sésame,Batha,Sahélienne,2017/2018,2017,Autres cultures,Sésame,5784.688,2076.979507271155,359.0478012420298,0.6703684210526316,0.53,28.97509589041096,483.26,38.5632602739726
Batha_2017_Taro,Batha,Sahélienne,2017/2018,2017,Autres cultures,Taro,0.0,0.0,,0.6703684210526316,0.53,28.97509589041096,483.26,38.5632602739726
Batha_2017_Berbéré,Batha,Sahélienne,2017/2018,2017,Céréales,Berbéré,97252.002,54579.63664332061,561.2186435331234,0.6703684210526316,0.53,28.97509589041096,483.26,38.5632602739726
Batha_2017_Blé,Batha,Sahélienne,2017/2018,2017,Céréales,Blé,0.0,0.0,,0.6703684210526316,0.53,28.97509589041096,483.26,38.5632602739726
Batha_2017_Maïs,Batha,Sahélienne,2017/2018,2017,Céréales,Maïs,56.1,28.05,500.0,0.6703684210526316,0.53,28.97509589041096,483.26,38.5632602739726
Batha_2017_Mil,Batha,Sahélienne,2017/2018,2017,Céréales,Mil,135172.422,50350.8107716008,372.4932203375093,0.6703684210526316,0.53,28.97509589041096,483.26,38.5632602739726
Batha_2017_Riz,Batha,Sahélienne,2017/2018,2017,Céréales,Riz,4.0,2.637,659.25,0.6703684210526316,0.53,28.97509589041096,483.26,38.5632602739726
Batha_2017_Sorgho,Batha,Sahélienne,2017/2018,2017,Céréales,Sorgho,51078.0895,28680.210681818186,561.4973262032086,0.6703684210526316,0.53,28.97509589041096,483.26,38.5632602739726
Chari-Baguirmi_2017_Arachide,Chari-Baguirmi,Sahélienne,2017/2018,2017,Autres cultures,Arachide,56074.0,62604.13670886066,1116.45569620253,0.6637352941176471,0.491,28.97509589041096,483.26,38.5632602739726
Chari-Baguirmi_2017_Manioc,Chari-Baguirmi,Sahélienne,2017/2018,2017,Autres cultures,Manioc,1362.0,3106.117560744,2280.556212,0.6637352941176471,0.491,28.97509589041096,483.26,38.5632602739726
Chari-Baguirmi_2017_Niébé,Chari-Baguirmi,Sahélienne,2017/2018,2017,Autres cultures,Niébé,26259.2,26066.11764705882,992.6470588235292,0.6637352941176471,0.491,28.97509589041096,483.26,38.5632602739726
Chari-Baguirmi_2017_Patate_douce,Chari-Baguirmi,Sahélienne,2017/2018,2017,Autres cultures,Patate douce,790.2,3844.8761400000008,4865.700000000001,0.6637352941176471,0.491,28.97509589041096,483.26,38.5632602739726
Chari-Baguirmi_2017_Pois_de_terre,Chari-Baguirmi,Sahélienne,2017/2018,2017,Autres cultures,Pois de terre,1077.0,1585.07475,1471.75,0.6637352941176471,0.491,28.97509589041096,483.26,38.5632602739726
Chari-Baguirmi_2017_Sésame,Chari-Baguirmi,Sahélienne,2017/2018,2017,Autres cultures,Sésame,20614.4,11224.30066897502,544.4883512969099,0.6637352941176471,0.491,28.97509589041096,483.26,38.5632602739726
Chari-Baguirmi_2017_Taro,Chari-Baguirmi,Sahélienne,2017/2018,2017,Autres cultures,Taro,0.0,0.0,,0.6637352941176471,0.491,28.97509589041096,483.26,38.5632602739726
Chari-Baguirmi_2017_Berbéré,Chari-Baguirmi,Sahélienne,2017/2018,2017,Céréales,Berbéré,15732.0,16786.044,1067.0000000000002,0.6637352941176471,0.491,28.97509589041096,483.26,38.5632602739726
Chari-Baguirmi_2017_Blé,Chari-Baguirmi,Sahélienne,2017/2018,2017,Céréales,Blé,0.0,0.0,,0.6637352941176471,0.491,28.97509589041096,483.26,38.5632602739726
Chari-Baguirmi_2017_Maïs,Chari-Baguirmi,Sahélienne,2017/2018,2017,Céréales,Maïs,39232.96,22885.893333333337,583.3333333333335,0.6637352941176471,0.491,28.97509589041096,483.26,38.5632602739726
Chari-Baguirmi_2017_Mil,Chari-Baguirmi,Sahélienne,2017/2018,2017,Céréales,Mil,133264.551,91204.3106511628,684.3853820598007,0.6637352941176471,0.491,28.97509589041096,483.26,38.5632602739726
Chari-Baguirmi_2017_Riz,Chari-Baguirmi,Sahélienne,2017/2018,2017,Céréales,Riz,13838.31,14497.277142857143,1047.6190476190477,0.6637352941176471,0.491,28.97509589041096,483.26,38.5632602739726
Chari-Baguirmi_2017_Sorgho,Chari-Baguirmi,Sahélienne,2017/2018,2017,Céréales,Sorgho,161961.66,113890.84767123288,703.1963470319636,0.6637352941176471,0.491,28.97509589041096,483.26,38.5632602739726
Guéra_2017_Arachide,Guéra,Sahélienne,2017/2018,2017,Autres cultures,Arachide,35929.53,26965.112265,750.5,0.6597894736842105,0.517,28.97509589041096,483.26,38.5632602739726
Guéra_2017_Manioc,Guéra,Sahélienne,2017/2018,2017,Autres cultures,Manioc,444.55,602.5805188920001,1355.4842400000002,0.6597894736842105,0.517,28.97509589041096,483.26,38.5632602739726
Guéra_2017_Niébé,Guéra,Sahélienne,2017/2018,2017,Autres cultures,Niébé,7344.0,4112.64,560.0,0.6597894736842105,0.517,28.97509589041096,483.26,38.5632602739726
Guéra_2017_Patate_douce,Guéra,Sahélienne,2017/2018,2017,Autres cultures,Patate douce,1450.28,9484.565315333335,6539.816666666668,0.6597894736842105,0.517,28.97509589041096,483.26,38.5632602739726
Guéra_2017_Pois_de_terre,Guéra,Sahélienne,2017/2018,2017,Autres cultures,Pois de terre,3009.0,4142.038950000001,1376.5500000000004,0.6597894736842105,0.517,28.97509589041096,483.26,38.5632602739726
Guéra_2017_Sésame,Guéra,Sahélienne,2017/2018,2017,Autres cultures,Sésame,14872.48,5651.5424,380.0,0.6597894736842105,0.517,28.97509589041096,483.26,38.5632602739726
Guéra_2017_Taro,Guéra,Sahélienne,2017/2018,2017,Autres cultures,Taro,0.0,0.0,,0.6597894736842105,0.517,28.97509589041096,483.26,38.5632602739726
Guéra_2017_Berbéré,Guéra,Sahélienne,2017/2018,2017,Céréales,Berbéré,24029.224,19505.722582,811.75,0.6597894736842105,0.517,28.97509589041096,483.26,38.5632602739726
Guéra_2017_Blé,Guéra,Sahélienne,2017/2018,2017,Céréales,Blé,0.0,0.0,,0.6597894736842105,0.517,28.97509589041096,483.26,38.5632602739726
Guéra_2017_Maïs,Guéra,Sahélienne,2017/2018,2017,Céréales,Maïs,2629.6,1590.908,605.0,0.6597894736842105,0.517,28.97509589041096,483.26,38.5632602739726
Guéra_2017_Mil,Guéra,Sahélienne,2017/2018,2017,Céréales,Mil,63425.232,32957.05597297297,519.6205821205822,0.6597894736842105,0.517,28.97509589041096,483.26,38.5632602739726
Guéra_2017_Riz,Guéra,Sahélienne,2017/2018,2017,Céréales,Riz,298.87,277.9491,930.0,0.6597894736842105,0.517,28.97509589041096,483.26,38.5632602739726
Guéra_2017_Sorgho,Guéra,Sahélienne,2017/2018,2017,Céréales,Sorgho,105915.5,106406.1990377761,1004.63292943692,0.6597894736842105,0.517,28.97509589041096,483.26,38.5632602739726
Hadjer-Lamis_2017_Arachide,Hadjer-Lamis,Sahélienne,2017/2018,2017,Autres cultures,Arachide,53275.9,47421.222744680206,890.106459856712,0.66905,0.525,28.97509589041096,483.26,38.5632602739726
Hadjer-Lamis_2017_Manioc,Hadjer-Lamis,Sahélienne,2017/2018,2017,Autres cultures,Manioc,910.0,470.4825124999999,517.01375,0.66905,0.525,28.97509589041096,483.26,38.5632602739726
Hadjer-Lamis_2017_Niébé,Hadjer-Lamis,Sahélienne,2017/2018,2017,Autres cultures,Niébé,24730.0,22447.76928520877,907.7140835102616,0.66905,0.525,28.97509589041096,483.26,38.5632602739726
Hadjer-Lamis_2017_Patate_douce,Hadjer-Lamis,Sahélienne,2017/2018,2017,Autres cultures,Patate douce,285.0,2386.875,8375.0,0.66905,0.525,28.97509589041096,483.26,38.5632602739726
Hadjer-Lamis_2017_Pois_de_terre,Hadjer-Lamis,Sahélienne,2017/2018,2017,Autres cultures,Pois de terre,0.0,0.0,,0.66905,0.525,28.97509589041096,483.26,38.5632602739726
Hadjer-Lamis_2017_Sésame,Hadjer-Lamis,Sahélienne,2017/2018,2017,Autres cultures,Sésame,10727.2,4849.9795185600005,452.1198,0.66905,0.525,28.97509589041096,483.26,38.5632602739726
Hadjer-Lamis_2017_Taro,Hadjer-Lamis,Sahélienne,2017/2018,2017,Autres cultures,Taro,0.0,0.0,,0.66905,0.525,28.97509589041096,483.26,38.5632602739726
Hadjer-Lamis_2017_Berbéré,Hadjer-Lamis,Sahélienne,2017/2018,2017,Céréales,Berbéré,5495.0,5604.9,1020.0,0.66905,0.525,28.97509589041096,483.26,38.5632602739726
Hadjer-Lamis_2017_Blé,Hadjer-Lamis,Sahélienne,2017/2018,2017,Céréales,Blé,0.0,0.0,,0.66905,0.525,28.97509589041096,483.26,38.5632602739726
Hadjer-Lamis_2017_Maïs,Hadjer-Lamis,Sahélienne,2017/2018,2017,Céréales,Maïs,34999.560000000005,27299.656800000004,780.0,0.66905,0.525,28.97509589041096,483.26,38.5632602739726
Hadjer-Lamis_2017_Mil,Hadjer-Lamis,Sahélienne,2017/2018,2017,Céréales,Mil,79758.675,31049.545857067165,389.2936518449832,0.66905,0.525,28.97509589041096,483.26,38.5632602739726
Hadjer-Lamis_2017_Riz,Hadjer-Lamis,Sahélienne,2017/2018,2017,Céréales,Riz,2525.96925,5866.767290322578,2322.58064516129,0.66905,0.525,28.97509589041096,483.26,38.5632602739726
Hadjer-Lamis_2017_Sorgho,Hadjer-Lamis,Sahélienne,2017/2018,2017,Céréales,Sorgho,84615.454,39890.1426,471.4285714285714,0.66905,0.525,28.97509589041096,483.26,38.5632602739726
Kanem_2017_Arachide,Kanem,Sahélienne,2017/2018,2017,Autres cultures,Arachide,0.0,0.0,,0.6613636363636364,0.598,28.97509589041096,483.26,38.5632602739726
Kanem_2017_Manioc,Kanem,Sahélienne,2017/2018,2017,Autres cultures,Manioc,0.0,0.0,,0.6613636363636364,0.598,28.97509589041096,483.26,38.5632602739726
Kanem_2017_Niébé,Kanem,Sahélienne,2017/2018,2017,Autres cultures,Niébé,360.0,90.3276,250.91000000000005,0.6613636363636364,0.598,28.97509589041096,483.26,38.5632602739726
Kanem_2017_Patate_douce,Kanem,Sahélienne,2017/2018,2017,Autres cultures,Patate douce,0.0,0.0,,0.6613636363636364,0.598,28.97509589041096,483.26,38.5632602739726
Kanem_2017_Pois_de_terre,Kanem,Sahélienne,2017/2018,2017,Autres cultures,Pois de terre,0.0,0.0,,0.6613636363636364,0.598,28.97509589041096,483.26,38.5632602739726
Kanem_2017_Sésame,Kanem,Sahélienne,2017/2018,2017,Autres cultures,Sésame,0.0,0.0,,0.6613636363636364,0.598,28.97509589041096,483.26,38.5632602739726
Kanem_2017_Taro,Kanem,Sahélienne,2017/2018,2017,Autres cultures,Taro,0.0,0.0,,0.6613636363636364,0.598,28.97509589041096,483.26,38.5632602739726
Kanem_2017_Berbéré,Kanem,Sahélienne,2017/2018,2017,Céréales,Berbéré,0.0,0.0,,0.6613636363636364,0.598,28.97509589041096,483.26,38.5632602739726
Kanem_2017_Blé,Kanem,Sahélienne,2017/2018,2017,Céréales,Blé,0.0,0.0,,0.6613636363636364,0.598,28.97509589041096,483.26,38.5632602739726
Kanem_2017_Maïs,Kanem,Sahélienne,2017/2018,2017,Céréales,Maïs,752.4,714.78,950.0,0.6613636363636364,0.598,28.97509589041096,483.26,38.5632602739726
Kanem_2017_Mil,Kanem,Sahélienne,2017/2018,2017,Céréales,Mil,18700.0,5703.5,305.0,0.6613636363636364,0.598,28.97509589041096,483.26,38.5632602739726
Kanem_2017_Riz,Kanem,Sahélienne,2017/2018,2017,Céréales,Riz,0.0,0.0,,0.6613636363636364,0.598,28.97509589041096,483.26,38.5632602739726
Kanem_2017_Sorgho,Kanem,Sahélienne,2017/2018,2017,Céréales,Sorgho,0.0,0.0,,0.6613636363636364,0.598,28.97509589041096,483.26,38.5632602739726
Lac_2017_Arachide,Lac,Sahélienne,2017/2018,2017,Autres cultures,Arachide,425.0,552.5,1300.0,0.6673055555555556,0.563,28.97509589041096,483.26,38.5632602739726
Lac_2017_Manioc,Lac,Sahélienne,2017/2018,2017,Autres cultures,Manioc,530.0,8535.12,16104.000000000004,0.6673055555555556,0.563,28.97509589041096,483.26,38.5632602739726
Lac_2017_Niébé,Lac,Sahélienne,2017/2018,2017,Autres cultures,Niébé,1744.0,2054.0444444444447,1177.777777777778,0.6673055555555556,0.563,28.97509589041096,483.26,38.5632602739726
Lac_2017_Patate_douce,Lac,Sahélienne,2017/2018,2017,Autres cultures,Patate douce,1744.0,27289.00072364345,15647.362800254274,0.6673055555555556,0.563,28.97509589041096,483.26,38.5632602739726
Lac_2017_Pois_de_terre,Lac,Sahélienne,2017/2018,2017,Autres cultures,Pois de terre,0.0,0.0,,0.6673055555555556,0.563,28.97509589041096,483.26,38.5632602739726
Lac_2017_Sésame,Lac,Sahélienne,2017/2018,2017,Autres cultures,Sésame,0.0,0.0,,0.6673055555555556,0.563,28.97509589041096,483.26,38.5632602739726
Lac_2017_Taro,Lac,Sahélienne,2017/2018,2017,Autres cultures,Taro,0.0,0.0,,0.6673055555555556,0.563,28.97509589041096,483.26,38.5632602739726
Lac_2017_Berbéré,Lac,Sahélienne,2017/2018,2017,Céréales,Berbéré,460.0,644.0,1400.0,0.6673055555555556,0.563,28.97509589041096,483.26,38.5632602739726
Lac_2017_Blé,Lac,Sahélienne,2017/2018,2017,Céréales,Blé,950.0,1869.6,1968.0,0.6673055555555556,0.563,28.97509589041096,483.26,38.5632602739726
Lac_2017_Maïs,Lac,Sahélienne,2017/2018,2017,Céréales,Maïs,37193.0,78663.195,2115.0,0.6673055555555556,0.563,28.97509589041096,483.26,38.5632602739726
Lac_2017_Mil,Lac,Sahélienne,2017/2018,2017,Céréales,Mil,66901.96296,49373.64866448,738.0,0.6673055555555556,0.563,28.97509589041096,483.26,38.5632602739726
Lac_2017_Riz,Lac,Sahélienne,2017/2018,2017,Céréales,Riz,433.0,814.9975961538461,1882.2115384615383,0.6673055555555556,0.563,28.97509589041096,483.26,38.5632602739726
Lac_2017_Sorgho,Lac,Sahélienne,2017/2018,2017,Céréales,Sorgho,310.5,525.4249877029021,1692.1899764988796,0.6673055555555556,0.563,28.97509589041096,483.26,38.5632602739726
Ouaddaï_2017_Arachide,Ouaddaï,Sahélienne,2017/2018,2017,Autres cultures,Arachide,170879.72999999998,181132.5138,1060.0,0.5462307692307692,0.445,28.97509589041096,483.26,38.5632602739726
Ouaddaï_2017_Manioc,Ouaddaï,Sahélienne,2017/2018,2017,Autres cultures,Manioc,0.0,0.0,,0.5462307692307692,0.445,28.97509589041096,483.26,38.5632602739726
Ouaddaï_2017_Niébé,Ouaddaï,Sahélienne,2017/2018,2017,Autres cultures,Niébé,12757.8,6120.549446880002,479.7496000000001,0.5462307692307692,0.445,28.97509589041096,483.26,38.5632602739726
Ouaddaï_2017_Patate_douce,Ouaddaï,Sahélienne,2017/2018,2017,Autres cultures,Patate douce,0.0,0.0,,0.5462307692307692,0.445,28.97509589041096,483.26,38.5632602739726
Ouaddaï_2017_Pois_de_terre,Ouaddaï,Sahélienne,2017/2018,2017,Autres cultures,Pois de terre,1320.0,931.392,705.6,0.5462307692307692,0.445,28.97509589041096,483.26,38.5632602739726
Ouaddaï_2017_Sésame,Ouaddaï,Sahélienne,2017/2018,2017,Autres cultures,Sésame,58498.08,24218.488143743743,414.0048381715048,0.5462307692307692,0.445,28.97509589041096,483.26,38.5632602739726
Ouaddaï_2017_Taro,Ouaddaï,Sahélienne,2017/2018,2017,Autres cultures,Taro,0.0,0.0,,0.5462307692307692,0.445,28.97509589041096,483.26,38.5632602739726
Ouaddaï_2017_Berbéré,Ouaddaï,Sahélienne,2017/2018,2017,Céréales,Berbéré,640.5,494.78625,772.5,0.5462307692307692,0.445,28.97509589041096,483.26,38.5632602739726
Ouaddaï_2017_Blé,Ouaddaï,Sahélienne,2017/2018,2017,Céréales,Blé,0.0,0.0,,0.5462307692307692,0.445,28.97509589041096,483.26,38.5632602739726
Ouaddaï_2017_Maïs,Ouaddaï,Sahélienne,2017/2018,2017,Céréales,Maïs,858.0,678.27474,790.53,0.5462307692307692,0.445,28.97509589041096,483.26,38.5632602739726
Ouaddaï_2017_Mil,Ouaddaï,Sahélienne,2017/2018,2017,Céréales,Mil,200578.9149,117523.03045118648,585.9191655801826,0.5462307692307692,0.445,28.97509589041096,483.26,38.5632602739726
Ouaddaï_2017_Riz,Ouaddaï,Sahélienne,2017/2018,2017,Céréales,Riz,0.0,0.0,,0.5462307692307692,0.445,28.97509589041096,483.26,38.5632602739726
Ouaddaï_2017_Sorgho,Ouaddaï,Sahélienne,2017/2018,2017,Céréales,Sorgho,116423.0424,82758.54821204868,710.84337349398,0.5462307692307692,0.445,28.97509589041096,483.26,38.5632602739726
Salamat_2017_Arachide,Salamat,Sahélienne,2017/2018,2017,Autres cultures,Arachide,10588.0,9815.076,927.0,0.5246086956521739,0.373,28.97509589041096,483.26,38.5632602739726
Salamat_2017_Manioc,Salamat,Sahélienne,2017/2018,2017,Autres cultures,Manioc,2398.2,22231.966310400003,9270.272000000004,0.5246086956521739,0.373,28.97509589041096,483.26,38.5632602739726
Salamat_2017_Niébé,Salamat,Sahélienne,2017/2018,2017,Autres cultures,Niébé,4764.0,4406.7,925.0,0.5246086956521739,0.373,28.97509589041096,483.26,38.5632602739726
Salamat_2017_Patate_douce,Salamat,Sahélienne,2017/2018,2017,Autres cultures,Patate douce,2620.85,29230.9952625,11153.25,0.5246086956521739,0.373,28.97509589041096,483.26,38.5632602739726
Salamat_2017_Pois_de_terre,Salamat,Sahélienne,2017/2018,2017,Autres cultures,Pois de terre,525.0,543.6648,1035.552,0.5246086956521739,0.373,28.97509589041096,483.26,38.5632602739726
Salamat_2017_Sésame,Salamat,Sahélienne,2017/2018,2017,Autres cultures,Sésame,6717.46,4366.349,650.0,0.5246086956521739,0.373,28.97509589041096,483.26,38.5632602739726
Salamat_2017_Taro,Salamat,Sahélienne,2017/2018,2017,Autres cultures,Taro,0.0,0.0,,0.5246086956521739,0.373,28.97509589041096,483.26,38.5632602739726
Salamat_2017_Berbéré,Salamat,Sahélienne,2017/2018,2017,Céréales,Berbéré,206736.6564,262596.90095928,1270.2,0.5246086956521739,0.373,28.97509589041096,483.26,38.5632602739726
Salamat_2017_Blé,Salamat,Sahélienne,2017/2018,2017,Céréales,Blé,0.0,0.0,,0.5246086956521739,0.373,28.97509589041096,483.26,38.5632602739726
Salamat_2017_Maïs,Salamat,Sahélienne,2017/2018,2017,Céréales,Maïs,32813.0,42197.649252,1286.004,0.5246086956521739,0.373,28.97509589041096,483.26,38.5632602739726
Salamat_2017_Mil,Salamat,Sahélienne,2017/2018,2017,Céréales,Mil,7734.563693999999,5878.26840744,760.0,0.5246086956521739,0.373,28.97509589041096,483.26,38.5632602739726
Salamat_2017_Riz,Salamat,Sahélienne,2017/2018,2017,Céréales,Riz,6027.945,17108.025845022472,2838.119101123596,0.5246086956521739,0.373,28.97509589041096,483.26,38.5632602739726
Salamat_2017_Sorgho,Salamat,Sahélienne,2017/2018,2017,Céréales,Sorgho,24919.272,28912.585338,1160.25,0.5246086956521739,0.373,28.97509589041096,483.26,38.5632602739726
Sila_2017_Arachide,Sila,Sahélienne,2017/2018,2017,Autres cultures,Arachide,94268.48,99688.9176,1057.5,0.4924210526315789,0.45,28.97509589041096,483.26,38.5632602739726
Sila_2017_Manioc,Sila,Sahélienne,2017/2018,2017,Autres cultures,Manioc,0.0,0.0,,0.4924210526315789,0.45,28.97509589041096,483.26,38.5632602739726
Sila_2017_Niébé,Sila,Sahélienne,2017/2018,2017,Autres cultures,Niébé,22089.2,14675.739261927449,664.3852770551875,0.4924210526315789,0.45,28.97509589041096,483.26,38.5632602739726
Sila_2017_Patate_douce,Sila,Sahélienne,2017/2018,2017,Autres cultures,Patate douce,82.0,266.09000000000003,3245.0000000000005,0.4924210526315789,0.45,28.97509589041096,483.26,38.5632602739726
Sila_2017_Pois_de_terre,Sila,Sahélienne,2017/2018,2017,Autres cultures,Pois de terre,0.0,0.0,,0.4924210526315789,0.45,28.97509589041096,483.26,38.5632602739726
Sila_2017_Sésame,Sila,Sahélienne,2017/2018,2017,Autres cultures,Sésame,42767.58,29821.29465435405,697.2873998097168,0.4924210526315789,0.45,28.97509589041096,483.26,38.5632602739726
Sila_2017_Taro,Sila,Sahélienne,2017/2018,2017,Autres cultures,Taro,0.0,0.0,,0.4924210526315789,0.45,28.97509589041096,483.26,38.5632602739726
Sila_2017_Berbéré,Sila,Sahélienne,2017/2018,2017,Céréales,Berbéré,13262.55,17175.00225,1295.0,0.4924210526315789,0.45,28.97509589041096,483.26,38.5632602739726
Sila_2017_Blé,Sila,Sahélienne,2017/2018,2017,Céréales,Blé,0.0,0.0,,0.4924210526315789,0.45,28.97509589041096,483.26,38.5632602739726
Sila_2017_Maïs,Sila,Sahélienne,2017/2018,2017,Céréales,Maïs,68685.75,93529.5319148936,1361.7021276595744,0.4924210526315789,0.45,28.97509589041096,483.26,38.5632602739726
Sila_2017_Mil,Sila,Sahélienne,2017/2018,2017,Céréales,Mil,126970.20336,91619.83557225025,721.585325908942,0.4924210526315789,0.45,28.97509589041096,483.26,38.5632602739726
Sila_2017_Riz,Sila,Sahélienne,2017/2018,2017,Céréales,Riz,334.40000000000003,401.2800000000001,1200.0000000000002,0.4924210526315789,0.45,28.97509589041096,483.26,38.5632602739726
Sila_2017_Sorgho,Sila,Sahélienne,2017/2018,2017,Céréales,Sorgho,142318.89378,153704.40528240002,1080.0,0.4924210526315789,0.45,28.97509589041096,483.26,38.5632602739726
Wadi_Fira_2017_Arachide,Wadi Fira,Sahélienne,2017/2018,2017,Autres cultures,Arachide,22939.0,20356.0686,887.4,0.611,0.562,28.97509589041096,483.26,38.5632602739726
Wadi_Fira_2017_Manioc,Wadi Fira,Sahélienne,2017/2018,2017,Autres cultures,Manioc,0.0,0.0,,0.611,0.562,28.97509589041096,483.26,38.5632602739726
Wadi_Fira_2017_Niébé,Wadi Fira,Sahélienne,2017/2018,2017,Autres cultures,Niébé,3433.9,1613.9329999999998,470.0,0.611,0.562,28.97509589041096,483.26,38.5632602739726
Wadi_Fira_2017_Patate_douce,Wadi Fira,Sahélienne,2017/2018,2017,Autres cultures,Patate douce,0.0,0.0,,0.611,0.562,28.97509589041096,483.26,38.5632602739726
Wadi_Fira_2017_Pois_de_terre,Wadi Fira,Sahélienne,2017/2018,2017,Autres cultures,Pois de terre,0.0,0.0,,0.611,0.562,28.97509589041096,483.26,38.5632602739726
Wadi_Fira_2017_Sésame,Wadi Fira,Sahélienne,2017/2018,2017,Autres cultures,Sésame,3217.64,1069.8653,332.5,0.611,0.562,28.97509589041096,483.26,38.5632602739726
Wadi_Fira_2017_Taro,Wadi Fira,Sahélienne,2017/2018,2017,Autres cultures,Taro,0.0,0.0,,0.611,0.562,28.97509589041096,483.26,38.5632602739726
Wadi_Fira_2017_Berbéré,Wadi Fira,Sahélienne,2017/2018,2017,Céréales,Berbéré,0.0,0.0,,0.611,0.562,28.97509589041096,483.26,38.5632602739726
Wadi_Fira_2017_Blé,Wadi Fira,Sahélienne,2017/2018,2017,Céréales,Blé,0.0,0.0,,0.611,0.562,28.97509589041096,483.26,38.5632602739726
Wadi_Fira_2017_Maïs,Wadi Fira,Sahélienne,2017/2018,2017,Céréales,Maïs,0.0,0.0,,0.611,0.562,28.97509589041096,483.26,38.5632602739726
Wadi_Fira_2017_Mil,Wadi Fira,Sahélienne,2017/2018,2017,Céréales,Mil,122481.072,49237.39094399999,402.0,0.611,0.562,28.97509589041096,483.26,38.5632602739726
Wadi_Fira_2017_Riz,Wadi Fira,Sahélienne,2017/2018,2017,Céréales,Riz,0.0,0.0,,0.611,0.562,28.97509589041096,483.26,38.5632602739726
Wadi_Fira_2017_Sorgho,Wadi Fira,Sahélienne,2017/2018,2017,Céréales,Sorgho,27525.77,18442.2659,669.9999999999999,0.611,0.562,28.97509589041096,483.26,38.5632602739726
Logone_Occidental_2017_Arachide,Logone Occidental,Soudanienne,2017/2018,2017,Autres cultures,Arachide,69744.2,97868.4701875688,1403.2488749970432,0.4631428571428571,0.385,28.97509589041096,483.26,38.5632602739726
Logone_Occidental_2017_Manioc,Logone Occidental,Soudanienne,2017/2018,2017,Autres cultures,Manioc,5118.5,69232.29310811176,13525.894912203135,0.4631428571428571,0.385,28.97509589041096,483.26,38.5632602739726
Logone_Occidental_2017_Niébé,Logone Occidental,Soudanienne,2017/2018,2017,Autres cultures,Niébé,11268.0,6270.795295257211,556.5136044779208,0.4631428571428571,0.385,28.97509589041096,483.26,38.5632602739726
Logone_Occidental_2017_Patate_douce,Logone Occidental,Soudanienne,2017/2018,2017,Autres cultures,Patate douce,9130.0,51356.25,5625.0,0.4631428571428571,0.385,28.97509589041096,483.26,38.5632602739726
Logone_Occidental_2017_Pois_de_terre,Logone Occidental,Soudanienne,2017/2018,2017,Autres cultures,Pois de terre,1414.0,1264.9644,894.6,0.4631428571428571,0.385,28.97509589041096,483.26,38.5632602739726
Logone_Occidental_2017_Sésame,Logone Occidental,Soudanienne,2017/2018,2017,Autres cultures,Sésame,39800.2,23061.423042770177,579.4298280604161,0.4631428571428571,0.385,28.97509589041096,483.26,38.5632602739726
Logone_Occidental_2017_Taro,Logone Occidental,Soudanienne,2017/2018,2017,Autres cultures,Taro,88.0,183.92,2090.0,0.4631428571428571,0.385,28.97509589041096,483.26,38.5632602739726
Logone_Occidental_2017_Berbéré,Logone Occidental,Soudanienne,2017/2018,2017,Céréales,Berbéré,0.0,0.0,,0.4631428571428571,0.385,28.97509589041096,483.26,38.5632602739726
Logone_Occidental_2017_Blé,Logone Occidental,Soudanienne,2017/2018,2017,Céréales,Blé,0.0,0.0,,0.4631428571428571,0.385,28.97509589041096,483.26,38.5632602739726
Logone_Occidental_2017_Maïs,Logone Occidental,Soudanienne,2017/2018,2017,Céréales,Maïs,16219.5264,15971.607614117647,984.7147950089128,0.4631428571428571,0.385,28.97509589041096,483.26,38.5632602739726
Logone_Occidental_2017_Mil,Logone Occidental,Soudanienne,2017/2018,2017,Céréales,Mil,25501.245000000003,17595.85905,690.0,0.4631428571428571,0.385,28.97509589041096,483.26,38.5632602739726
Logone_Occidental_2017_Riz,Logone Occidental,Soudanienne,2017/2018,2017,Céréales,Riz,15565.55,17087.182291666664,1097.7564102564102,0.4631428571428571,0.385,28.97509589041096,483.26,38.5632602739726
Logone_Occidental_2017_Sorgho,Logone Occidental,Soudanienne,2017/2018,2017,Céréales,Sorgho,60860.079000000005,43675.3544701856,717.6355204893113,0.4631428571428571,0.385,28.97509589041096,483.26,38.5632602739726
Logone_Oriental_2017_Arachide,Logone Oriental,Soudanienne,2017/2018,2017,Autres cultures,Arachide,48217.4,77366.18227078217,1604.5282879371796,0.5692916666666666,0.43,28.97509589041096,483.26,38.5632602739726
Logone_Oriental_2017_Manioc,Logone Oriental,Soudanienne,2017/2018,2017,Autres cultures,Manioc,4755.0,38346.483596809856,8064.455015101968,0.5692916666666666,0.43,28.97509589041096,483.26,38.5632602739726
Logone_Oriental_2017_Niébé,Logone Oriental,Soudanienne,2017/2018,2017,Autres cultures,Niébé,13563.1,9702.62534363056,715.3692993217303,0.5692916666666666,0.43,28.97509589041096,483.26,38.5632602739726
Logone_Oriental_2017_Patate_douce,Logone Oriental,Soudanienne,2017/2018,2017,Autres cultures,Patate douce,3906.0,16049.59125,4108.958333333334,0.5692916666666666,0.43,28.97509589041096,483.26,38.5632602739726
Logone_Oriental_2017_Pois_de_terre,Logone Oriental,Soudanienne,2017/2018,2017,Autres cultures,Pois de terre,4123.0,6034.8351,1463.7,0.5692916666666666,0.43,28.97509589041096,483.26,38.5632602739726
Logone_Oriental_2017_Sésame,Logone Oriental,Soudanienne,2017/2018,2017,Autres cultures,Sésame,24672.0,15689.926861160067,635.9406153193931,0.5692916666666666,0.43,28.97509589041096,483.26,38.5632602739726
Logone_Oriental_2017_Taro,Logone Oriental,Soudanienne,2017/2018,2017,Autres cultures,Taro,2439.5,4474.652875000001,1834.2500000000005,0.5692916666666666,0.43,28.97509589041096,483.26,38.5632602739726
Logone_Oriental_2017_Berbéré,Logone Oriental,Soudanienne,2017/2018,2017,Céréales,Berbéré,0.0,0.0,,0.5692916666666666,0.43,28.97509589041096,483.26,38.5632602739726
Logone_Oriental_2017_Blé,Logone Oriental,Soudanienne,2017/2018,2017,Céréales,Blé,0.0,0.0,,0.5692916666666666,0.43,28.97509589041096,483.26,38.5632602739726
Logone_Oriental_2017_Maïs,Logone Oriental,Soudanienne,2017/2018,2017,Céréales,Maïs,19359.1125,20218.31350695079,1044.3822518698,0.5692916666666666,0.43,28.97509589041096,483.26,38.5632602739726
Logone_Oriental_2017_Mil,Logone Oriental,Soudanienne,2017/2018,2017,Céréales,Mil,27178.749000000003,21090.709224,776.0,0.5692916666666666,0.43,28.97509589041096,483.26,38.5632602739726
Logone_Oriental_2017_Riz,Logone Oriental,Soudanienne,2017/2018,2017,Céréales,Riz,22259.523,22746.53959073359,1021.879021879022,0.5692916666666666,0.43,28.97509589041096,483.26,38.5632602739726
Logone_Oriental_2017_Sorgho,Logone Oriental,Soudanienne,2017/2018,2017,Céréales,Sorgho,65890.03512,82334.99448147022,1249.5818879367782,0.5692916666666666,0.43,28.97509589041096,483.26,38.5632602739726
Mandoul_2017_Arachide,Mandoul,Soudanienne,2017/2018,2017,Autres cultures,Arachide,49590.2,68476.3771503699,1380.8449482028684,0.5384642857142857,0.233,28.97509589041096,483.26,38.5632602739726
Mandoul_2017_Manioc,Mandoul,Soudanienne,2017/2018,2017,Autres cultures,Manioc,5414.200000000001,49821.100997776266,9201.93214099521,0.5384642857142857,0.233,28.97509589041096,483.26,38.5632602739726
Mandoul_2017_Niébé,Mandoul,Soudanienne,2017/2018,2017,Autres cultures,Niébé,22312.710000000003,16349.108936539436,732.7262773791007,0.5384642857142857,0.233,28.97509589041096,483.26,38.5632602739726
Mandoul_2017_Patate_douce,Mandoul,Soudanienne,2017/2018,2017,Autres cultures,Patate douce,1881.2,12343.932746666667,6561.733333333334,0.5384642857142857,0.233,28.97509589041096,483.26,38.5632602739726
Mandoul_2017_Pois_de_terre,Mandoul,Soudanienne,2017/2018,2017,Autres cultures,Pois de terre,6022.500000000001,8563.069040625001,1421.84625,0.5384642857142857,0.233,28.97509589041096,483.26,38.5632602739726
Mandoul_2017_Sésame,Mandoul,Soudanienne,2017/2018,2017,Autres cultures,Sésame,20845.88,10256.17296,492.00000000000006,0.5384642857142857,0.233,28.97509589041096,483.26,38.5632602739726
Mandoul_2017_Taro,Mandoul,Soudanienne,2017/2018,2017,Autres cultures,Taro,1975.6,6193.506000000001,3135.0000000000005,0.5384642857142857,0.233,28.97509589041096,483.26,38.5632602739726
Mandoul_2017_Berbéré,Mandoul,Soudanienne,2017/2018,2017,Céréales,Berbéré,0.0,0.0,,0.5384642857142857,0.233,28.97509589041096,483.26,38.5632602739726
Mandoul_2017_Blé,Mandoul,Soudanienne,2017/2018,2017,Céréales,Blé,0.0,0.0,,0.5384642857142857,0.233,28.97509589041096,483.26,38.5632602739726
Mandoul_2017_Maïs,Mandoul,Soudanienne,2017/2018,2017,Céréales,Maïs,11280.03975,14252.382240118575,1263.5046113306985,0.5384642857142857,0.233,28.97509589041096,483.26,38.5632602739726
Mandoul_2017_Mil,Mandoul,Soudanienne,2017/2018,2017,Céréales,Mil,44575.38,27345.078123653893,613.456982837923,0.5384642857142857,0.233,28.97509589041096,483.26,38.5632602739726
Mandoul_2017_Riz,Mandoul,Soudanienne,2017/2018,2017,Céréales,Riz,19717.25,18840.92777777778,955.5555555555557,0.5384642857142857,0.233,28.97509589041096,483.26,38.5632602739726
Mandoul_2017_Sorgho,Mandoul,Soudanienne,2017/2018,2017,Céréales,Sorgho,75424.72275,55090.24118064835,730.4003140090873,0.5384642857142857,0.233,28.97509589041096,483.26,38.5632602739726
Mayo-Kebbi_Est_2017_Arachide,Mayo-Kebbi Est,Soudanienne,2017/2018,2017,Autres cultures,Arachide,27913.86,37181.26152,1332.0,0.5198139534883721,0.348,28.97509589041096,483.26,38.5632602739726
Mayo-Kebbi_Est_2017_Manioc,Mayo-Kebbi Est,Soudanienne,2017/2018,2017,Autres cultures,Manioc,3599.7,34181.24983040086,9495.582918132306,0.5198139534883721,0.348,28.97509589041096,483.26,38.5632602739726
Mayo-Kebbi_Est_2017_Niébé,Mayo-Kebbi Est,Soudanienne,2017/2018,2017,Autres cultures,Niébé,16287.0,9606.743475201582,589.8411908394168,0.5198139534883721,0.348,28.97509589041096,483.26,38.5632602739726
Mayo-Kebbi_Est_2017_Patate_douce,Mayo-Kebbi Est,Soudanienne,2017/2018,2017,Autres cultures,Patate douce,780.0,3991.9425,5117.875,0.5198139534883721,0.348,28.97509589041096,483.26,38.5632602739726
Mayo-Kebbi_Est_2017_Pois_de_terre,Mayo-Kebbi Est,Soudanienne,2017/2018,2017,Autres cultures,Pois de terre,4772.4,3763.671234375,788.6328125,0.5198139534883721,0.348,28.97509589041096,483.26,38.5632602739726
Mayo-Kebbi_Est_2017_Sésame,Mayo-Kebbi Est,Soudanienne,2017/2018,2017,Autres cultures,Sésame,13655.6,6478.193191052102,474.398282832838,0.5198139534883721,0.348,28.97509589041096,483.26,38.5632602739726
Mayo-Kebbi_Est_2017_Taro,Mayo-Kebbi Est,Soudanienne,2017/2018,2017,Autres cultures,Taro,1680.0,5205.4926000000005,3098.5075,0.5198139534883721,0.348,28.97509589041096,483.26,38.5632602739726
Mayo-Kebbi_Est_2017_Berbéré,Mayo-Kebbi Est,Soudanienne,2017/2018,2017,Céréales,Berbéré,67869.62700000001,50948.95258038805,750.688560294991,0.5198139534883721,0.348,28.97509589041096,483.26,38.5632602739726
Mayo-Kebbi_Est_2017_Blé,Mayo-Kebbi Est,Soudanienne,2017/2018,2017,Céréales,Blé,0.0,0.0,,0.5198139534883721,0.348,28.97509589041096,483.26,38.5632602739726
Mayo-Kebbi_Est_2017_Maïs,Mayo-Kebbi Est,Soudanienne,2017/2018,2017,Céréales,Maïs,12425.6,20289.903797468352,1632.911392405063,0.5198139534883721,0.348,28.97509589041096,483.26,38.5632602739726
Mayo-Kebbi_Est_2017_Mil,Mayo-Kebbi Est,Soudanienne,2017/2018,2017,Céréales,Mil,25924.575,19599.50169713257,756.0201737977411,0.5198139534883721,0.348,28.97509589041096,483.26,38.5632602739726
Mayo-Kebbi_Est_2017_Riz,Mayo-Kebbi Est,Soudanienne,2017/2018,2017,Céréales,Riz,37751.805,69919.40295049129,1852.0810581240096,0.5198139534883721,0.348,28.97509589041096,483.26,38.5632602739726
Mayo-Kebbi_Est_2017_Sorgho,Mayo-Kebbi Est,Soudanienne,2017/2018,2017,Céréales,Sorgho,71037.88965000001,55685.21536307829,783.8804845897937,0.5198139534883721,0.348,28.97509589041096,483.26,38.5632602739726
Mayo-Kebbi_Ouest_2017_Arachide,Mayo-Kebbi Ouest,Soudanienne,2017/2018,2017,Autres cultures,Arachide,37951.2,28380.897391304352,747.8260869565217,0.45775,0.245,28.97509589041096,483.26,38.5632602739726
Mayo-Kebbi_Ouest_2017_Manioc,Mayo-Kebbi Ouest,Soudanienne,2017/2018,2017,Autres cultures,Manioc,3498.0,15710.05308166166,4491.15296788498,0.45775,0.245,28.97509589041096,483.26,38.5632602739726
Mayo-Kebbi_Ouest_2017_Niébé,Mayo-Kebbi Ouest,Soudanienne,2017/2018,2017,Autres cultures,Niébé,8948.0,5288.79558574468,591.0589613036075,0.45775,0.245,28.97509589041096,483.26,38.5632602739726
Mayo-Kebbi_Ouest_2017_Patate_douce,Mayo-Kebbi Ouest,Soudanienne,2017/2018,2017,Autres cultures,Patate douce,750.0,2551.5,3402.0,0.45775,0.245,28.97509589041096,483.26,38.5632602739726
Mayo-Kebbi_Ouest_2017_Pois_de_terre,Mayo-Kebbi Ouest,Soudanienne,2017/2018,2017,Autres cultures,Pois de terre,2497.0,2438.029183333333,976.3833333333332,0.45775,0.245,28.97509589041096,483.26,38.5632602739726
Mayo-Kebbi_Ouest_2017_Sésame,Mayo-Kebbi Ouest,Soudanienne,2017/2018,2017,Autres cultures,Sésame,14232.72,7748.925333333334,544.4444444444443,0.45775,0.245,28.97509589041096,483.26,38.5632602739726
Mayo-Kebbi_Ouest_2017_Taro,Mayo-Kebbi Ouest,Soudanienne,2017/2018,2017,Autres cultures,Taro,859.0,1152.713038125,1341.924375,0.45775,0.245,28.97509589041096,483.26,38.5632602739726
Mayo-Kebbi_Ouest_2017_Berbéré,Mayo-Kebbi Ouest,Soudanienne,2017/2018,2017,Céréales,Berbéré,11025.0,10198.125,925.0,0.45775,0.245,28.97509589041096,483.26,38.5632602739726
Mayo-Kebbi_Ouest_2017_Blé,Mayo-Kebbi Ouest,Soudanienne,2017/2018,2017,Céréales,Blé,0.0,0.0,,0.45775,0.245,28.97509589041096,483.26,38.5632602739726
Mayo-Kebbi_Ouest_2017_Maïs,Mayo-Kebbi Ouest,Soudanienne,2017/2018,2017,Céréales,Maïs,39331.026000000005,41457.41394384987,1054.0638818791522,0.45775,0.245,28.97509589041096,483.26,38.5632602739726
Mayo-Kebbi_Ouest_2017_Mil,Mayo-Kebbi Ouest,Soudanienne,2017/2018,2017,Céréales,Mil,8206.155,4611.85911,562.0,0.45775,0.245,28.97509589041096,483.26,38.5632602739726
Mayo-Kebbi_Ouest_2017_Riz,Mayo-Kebbi Ouest,Soudanienne,2017/2018,2017,Céréales,Riz,7046.149130000001,11255.536921948067,1597.4025974025997,0.45775,0.245,28.97509589041096,483.26,38.5632602739726
Mayo-Kebbi_Ouest_2017_Sorgho,Mayo-Kebbi Ouest,Soudanienne,2017/2018,2017,Céréales,Sorgho,64375.5,57465.92147438869,892.66757499963,0.45775,0.245,28.97509589041096,483.26,38.5632602739726
Moyen-Chari_2017_Arachide,Moyen-Chari,Soudanienne,2017/2018,2017,Autres cultures,Arachide,35742.0,50762.5755,1420.25,0.5893653846153846,0.466,28.97509589041096,483.26,38.5632602739726
Moyen-Chari_2017_Manioc,Moyen-Chari,Soudanienne,2017/2018,2017,Autres cultures,Manioc,3664.0,19898.749935026583,5430.881532485421,0.5893653846153846,0.466,28.97509589041096,483.26,38.5632602739726
Moyen-Chari_2017_Niébé,Moyen-Chari,Soudanienne,2017/2018,2017,Autres cultures,Niébé,11654.1,9240.756256950484,792.9189089634107,0.5893653846153846,0.466,28.97509589041096,483.26,38.5632602739726
Moyen-Chari_2017_Patate_douce,Moyen-Chari,Soudanienne,2017/2018,2017,Autres cultures,Patate douce,2256.0,15647.6912,6936.033333333333,0.5893653846153846,0.466,28.97509589041096,483.26,38.5632602739726
Moyen-Chari_2017_Pois_de_terre,Moyen-Chari,Soudanienne,2017/2018,2017,Autres cultures,Pois de terre,3867.0,4663.058203125,1205.859375,0.5893653846153846,0.466,28.97509589041096,483.26,38.5632602739726
Moyen-Chari_2017_Sésame,Moyen-Chari,Soudanienne,2017/2018,2017,Autres cultures,Sésame,10046.4,5348.677104472626,532.3973865735613,0.5893653846153846,0.466,28.97509589041096,483.26,38.5632602739726
Moyen-Chari_2017_Taro,Moyen-Chari,Soudanienne,2017/2018,2017,Autres cultures,Taro,1272.6,4031.596800000001,3168.0000000000005,0.5893653846153846,0.466,28.97509589041096,483.26,38.5632602739726
Moyen-Chari_2017_Berbéré,Moyen-Chari,Soudanienne,2017/2018,2017,Céréales,Berbéré,3376.8,5740.56,1700.0,0.5893653846153846,0.466,28.97509589041096,483.26,38.5632602739726
Moyen-Chari_2017_Blé,Moyen-Chari,Soudanienne,2017/2018,2017,Céréales,Blé,0.0,0.0,,0.5893653846153846,0.466,28.97509589041096,483.26,38.5632602739726
Moyen-Chari_2017_Maïs,Moyen-Chari,Soudanienne,2017/2018,2017,Céréales,Maïs,11833.29,10432.783304625527,881.6468881118883,0.5893653846153846,0.466,28.97509589041096,483.26,38.5632602739726
Moyen-Chari_2017_Mil,Moyen-Chari,Soudanienne,2017/2018,2017,Céréales,Mil,19563.255,14227.82181818182,727.2727272727273,0.5893653846153846,0.466,28.97509589041096,483.26,38.5632602739726
Moyen-Chari_2017_Riz,Moyen-Chari,Soudanienne,2017/2018,2017,Céréales,Riz,4438.379,5126.3277450000005,1155.0000000000002,0.5893653846153846,0.466,28.97509589041096,483.26,38.5632602739726
Moyen-Chari_2017_Sorgho,Moyen-Chari,Soudanienne,2017/2018,2017,Céréales,Sorgho,51174.9,43508.0926594312,850.1842242863435,0.5893653846153846,0.466,28.97509589041096,483.26,38.5632602739726
Tandjilé_2017_Arachide,Tandjilé,Soudanienne,2017/2018,2017,Autres cultures,Arachide,29731.0,38253.21886862993,1286.644205328779,0.5591666666666667,0.451,28.97509589041096,483.26,38.5632602739726
Tandjilé_2017_Manioc,Tandjilé,Soudanienne,2017/2018,2017,Autres cultures,Manioc,3500.0,28447.49198851704,8127.854853862012,0.5591666666666667,0.451,28.97509589041096,483.26,38.5632602739726
Tandjilé_2017_Niébé,Tandjilé,Soudanienne,2017/2018,2017,Autres cultures,Niébé,9542.0,6939.636363636363,727.2727272727271,0.5591666666666667,0.451,28.97509589041096,483.26,38.5632602739726
Tandjilé_2017_Patate_douce,Tandjilé,Soudanienne,2017/2018,2017,Autres cultures,Patate douce,2982.0,24011.16624,8052.034285714287,0.5591666666666667,0.451,28.97509589041096,483.26,38.5632602739726
Tandjilé_2017_Pois_de_terre,Tandjilé,Soudanienne,2017/2018,2017,Autres cultures,Pois de terre,1270.0,668.0835,526.0500000000001,0.5591666666666667,0.451,28.97509589041096,483.26,38.5632602739726
Tandjilé_2017_Sésame,Tandjilé,Soudanienne,2017/2018,2017,Autres cultures,Sésame,11202.02,6852.619312747376,611.7306800690749,0.5591666666666667,0.451,28.97509589041096,483.26,38.5632602739726
Tandjilé_2017_Taro,Tandjilé,Soudanienne,2017/2018,2017,Autres cultures,Taro,4306.0,7410.147555555556,1720.8888888888891,0.5591666666666667,0.451,28.97509589041096,483.26,38.5632602739726
Tandjilé_2017_Berbéré,Tandjilé,Soudanienne,2017/2018,2017,Céréales,Berbéré,5993.1900000000005,4225.19895,705.0,0.5591666666666667,0.451,28.97509589041096,483.26,38.5632602739726
Tandjilé_2017_Blé,Tandjilé,Soudanienne,2017/2018,2017,Céréales,Blé,0.0,0.0,,0.5591666666666667,0.451,28.97509589041096,483.26,38.5632602739726
Tandjilé_2017_Maïs,Tandjilé,Soudanienne,2017/2018,2017,Céréales,Maïs,5787.3525,4925.256847253663,851.0379914224446,0.5591666666666667,0.451,28.97509589041096,483.26,38.5632602739726
Tandjilé_2017_Mil,Tandjilé,Soudanienne,2017/2018,2017,Céréales,Mil,28496.448,19947.5136,700.0000000000001,0.5591666666666667,0.451,28.97509589041096,483.26,38.5632602739726
Tandjilé_2017_Riz,Tandjilé,Soudanienne,2017/2018,2017,Céréales,Riz,60788.208,79610.48917546932,1309.6370463078845,0.5591666666666667,0.451,28.97509589041096,483.26,38.5632602739726
Tandjilé_2017_Sorgho,Tandjilé,Soudanienne,2017/2018,2017,Céréales,Sorgho,43545.762,35272.06722,809.9999999999999,0.5591666666666667,0.451,28.97509589041096,483.26,38.5632602739726
Barh_El_Ghazal_2018_Arachide,Barh El Ghazal,Sahélienne,2018/2019,2018,Autres cultures,Arachide,0.0,0.0,,0.7741,0.725,28.89210958904109,664.9300000000001,41.55767123287671
Barh_El_Ghazal_2018_Manioc,Barh El Ghazal,Sahélienne,2018/2019,2018,Autres cultures,Manioc,0.0,0.0,,0.7741,0.725,28.89210958904109,664.9300000000001,41.55767123287671
Barh_El_Ghazal_2018_Niébé,Barh El Ghazal,Sahélienne,2018/2019,2018,Autres cultures,Niébé,201.0,79.65027,396.27,0.7741,0.725,28.89210958904109,664.9300000000001,41.55767123287671
Barh_El_Ghazal_2018_Patate_douce,Barh El Ghazal,Sahélienne,2018/2019,2018,Autres cultures,Patate douce,0.0,0.0,,0.7741,0.725,28.89210958904109,664.9300000000001,41.55767123287671
Barh_El_Ghazal_2018_Pois_de_terre,Barh El Ghazal,Sahélienne,2018/2019,2018,Autres cultures,Pois de terre,0.0,0.0,,0.7741,0.725,28.89210958904109,664.9300000000001,41.55767123287671
Barh_El_Ghazal_2018_Sésame,Barh El Ghazal,Sahélienne,2018/2019,2018,Autres cultures,Sésame,0.0,0.0,,0.7741,0.725,28.89210958904109,664.9300000000001,41.55767123287671
Barh_El_Ghazal_2018_Taro,Barh El Ghazal,Sahélienne,2018/2019,2018,Autres cultures,Taro,0.0,0.0,,0.7741,0.725,28.89210958904109,664.9300000000001,41.55767123287671
Barh_El_Ghazal_2018_Berbéré,Barh El Ghazal,Sahélienne,2018/2019,2018,Céréales,Berbéré,,0.0,,0.7741,0.725,28.89210958904109,664.9300000000001,41.55767123287671
Barh_El_Ghazal_2018_Blé,Barh El Ghazal,Sahélienne,2018/2019,2018,Céréales,Blé,0.0,0.0,,0.7741,0.725,28.89210958904109,664.9300000000001,41.55767123287671
Barh_El_Ghazal_2018_Maïs,Barh El Ghazal,Sahélienne,2018/2019,2018,Céréales,Maïs,1579.6,1086.7648000000002,688.0,0.7741,0.725,28.89210958904109,664.9300000000001,41.55767123287671
Barh_El_Ghazal_2018_Mil,Barh El Ghazal,Sahélienne,2018/2019,2018,Céréales,Mil,38226.93,14604.311904525,382.0425,0.7741,0.725,28.89210958904109,664.9300000000001,41.55767123287671
Barh_El_Ghazal_2018_Riz,Barh El Ghazal,Sahélienne,2018/2019,2018,Céréales,Riz,0.0,0.0,,0.7741,0.725,28.89210958904109,664.9300000000001,41.55767123287671
Barh_El_Ghazal_2018_Sorgho,Barh El Ghazal,Sahélienne,2018/2019,2018,Céréales,Sorgho,132.3,81.3645,615.0,0.7741,0.725,28.89210958904109,664.9300000000001,41.55767123287671
Batha_2018_Arachide,Batha,Sahélienne,2018/2019,2018,Autres cultures,Arachide,26594.44,25473.21372203254,957.8398237388168,0.7467631578947368,0.593,28.89210958904109,664.9300000000001,41.55767123287671
Batha_2018_Manioc,Batha,Sahélienne,2018/2019,2018,Autres cultures,Manioc,0.0,0.0,,0.7467631578947368,0.593,28.89210958904109,664.9300000000001,41.55767123287671
Batha_2018_Niébé,Batha,Sahélienne,2018/2019,2018,Autres cultures,Niébé,12622.5,6750.254145472741,534.7794926102389,0.7467631578947368,0.593,28.89210958904109,664.9300000000001,41.55767123287671
Batha_2018_Patate_douce,Batha,Sahélienne,2018/2019,2018,Autres cultures,Patate douce,240.0,1198.8,4995.0,0.7467631578947368,0.593,28.89210958904109,664.9300000000001,41.55767123287671
Batha_2018_Pois_de_terre,Batha,Sahélienne,2018/2019,2018,Autres cultures,Pois de terre,0.0,0.0,,0.7467631578947368,0.593,28.89210958904109,664.9300000000001,41.55767123287671
Batha_2018_Sésame,Batha,Sahélienne,2018/2019,2018,Autres cultures,Sésame,6371.1,2627.477989974638,412.4057054471972,0.7467631578947368,0.593,28.89210958904109,664.9300000000001,41.55767123287671
Batha_2018_Taro,Batha,Sahélienne,2018/2019,2018,Autres cultures,Taro,0.0,0.0,,0.7467631578947368,0.593,28.89210958904109,664.9300000000001,41.55767123287671
Batha_2018_Berbéré,Batha,Sahélienne,2018/2019,2018,Céréales,Berbéré,110972.818412,76904.16315951599,693.0,0.7467631578947368,0.593,28.89210958904109,664.9300000000001,41.55767123287671
Batha_2018_Blé,Batha,Sahélienne,2018/2019,2018,Céréales,Blé,0.0,0.0,,0.7467631578947368,0.593,28.89210958904109,664.9300000000001,41.55767123287671
Batha_2018_Maïs,Batha,Sahélienne,2018/2019,2018,Céréales,Maïs,95.0,55.575,585.0000000000001,0.7467631578947368,0.593,28.89210958904109,664.9300000000001,41.55767123287671
Batha_2018_Mil,Batha,Sahélienne,2018/2019,2018,Céréales,Mil,151161.92,69655.412736,460.8,0.7467631578947368,0.593,28.89210958904109,664.9300000000001,41.55767123287671
Batha_2018_Riz,Batha,Sahélienne,2018/2019,2018,Céréales,Riz,6.0,4.8920025,815.3337500000001,0.7467631578947368,0.593,28.89210958904109,664.9300000000001,41.55767123287671
Batha_2018_Sorgho,Batha,Sahélienne,2018/2019,2018,Céréales,Sorgho,51257.8,37774.43570999999,736.9499999999999,0.7467631578947368,0.593,28.89210958904109,664.9300000000001,41.55767123287671
Chari-Baguirmi_2018_Arachide,Chari-Baguirmi,Sahélienne,2018/2019,2018,Autres cultures,Arachide,65124.546,76241.83576199066,1170.70813456405,0.7020294117647059,0.512,28.89210958904109,664.9300000000001,41.55767123287671
Chari-Baguirmi_2018_Manioc,Chari-Baguirmi,Sahélienne,2018/2019,2018,Autres cultures,Manioc,2116.71,6786.05314392702,3205.943725842,0.7020294117647059,0.512,28.89210958904109,664.9300000000001,41.55767123287671
Chari-Baguirmi_2018_Niébé,Chari-Baguirmi,Sahélienne,2018/2019,2018,Autres cultures,Niébé,29630.88,30140.48422627888,1017.1984168637204,0.7020294117647059,0.512,28.89210958904109,664.9300000000001,41.55767123287671
Chari-Baguirmi_2018_Patate_douce,Chari-Baguirmi,Sahélienne,2018/2019,2018,Autres cultures,Patate douce,1640.0,8848.97055,5395.71375,0.7020294117647059,0.512,28.89210958904109,664.9300000000001,41.55767123287671
Chari-Baguirmi_2018_Pois_de_terre,Chari-Baguirmi,Sahélienne,2018/2019,2018,Autres cultures,Pois de terre,0.0,0.0,,0.7020294117647059,0.512,28.89210958904109,664.9300000000001,41.55767123287671
Chari-Baguirmi_2018_Sésame,Chari-Baguirmi,Sahélienne,2018/2019,2018,Autres cultures,Sésame,23857.92,12948.443147116675,542.731434555765,0.7020294117647059,0.512,28.89210958904109,664.9300000000001,41.55767123287671
Chari-Baguirmi_2018_Taro,Chari-Baguirmi,Sahélienne,2018/2019,2018,Autres cultures,Taro,0.0,0.0,,0.7020294117647059,0.512,28.89210958904109,664.9300000000001,41.55767123287671
Chari-Baguirmi_2018_Berbéré,Chari-Baguirmi,Sahélienne,2018/2019,2018,Céréales,Berbéré,17881.186786666633,24521.226938129163,1371.3422509748498,0.7020294117647059,0.512,28.89210958904109,664.9300000000001,41.55767123287671
Chari-Baguirmi_2018_Blé,Chari-Baguirmi,Sahélienne,2018/2019,2018,Céréales,Blé,0.0,0.0,,0.7020294117647059,0.512,28.89210958904109,664.9300000000001,41.55767123287671
Chari-Baguirmi_2018_Maïs,Chari-Baguirmi,Sahélienne,2018/2019,2018,Céréales,Maïs,43480.0,39951.598,918.85,0.7020294117647059,0.512,28.89210958904109,664.9300000000001,41.55767123287671
Chari-Baguirmi_2018_Mil,Chari-Baguirmi,Sahélienne,2018/2019,2018,Céréales,Mil,167445.63,122504.8973643,731.61,0.7020294117647059,0.512,28.89210958904109,664.9300000000001,41.55767123287671
Chari-Baguirmi_2018_Riz,Chari-Baguirmi,Sahélienne,2018/2019,2018,Céréales,Riz,9150.9,12678.32468859714,1385.472979553611,0.7020294117647059,0.512,28.89210958904109,664.9300000000001,41.55767123287671
Chari-Baguirmi_2018_Sorgho,Chari-Baguirmi,Sahélienne,2018/2019,2018,Céréales,Sorgho,164747.0,140707.13790355797,854.0801222696497,0.7020294117647059,0.512,28.89210958904109,664.9300000000001,41.55767123287671
Guéra_2018_Arachide,Guéra,Sahélienne,2018/2019,2018,Autres cultures,Arachide,38585.75,36264.410136107,939.839452028456,0.6733684210526316,0.39,28.89210958904109,664.9300000000001,41.55767123287671
Guéra_2018_Manioc,Guéra,Sahélienne,2018/2019,2018,Autres cultures,Manioc,511.5,963.13017721338,1882.95244812,0.6733684210526316,0.39,28.89210958904109,664.9300000000001,41.55767123287671
Guéra_2018_Niébé,Guéra,Sahélienne,2018/2019,2018,Autres cultures,Niébé,7917.0,4707.485445886365,594.6047045454546,0.6733684210526316,0.39,28.89210958904109,664.9300000000001,41.55767123287671
Guéra_2018_Patate_douce,Guéra,Sahélienne,2018/2019,2018,Autres cultures,Patate douce,1628.8000000000002,10682.381235466675,6558.436416666671,0.6733684210526316,0.39,28.89210958904109,664.9300000000001,41.55767123287671
Guéra_2018_Pois_de_terre,Guéra,Sahélienne,2018/2019,2018,Autres cultures,Pois de terre,3791.0,5649.052975875001,1490.1221250000003,0.6733684210526316,0.39,28.89210958904109,664.9300000000001,41.55767123287671
Guéra_2018_Sésame,Guéra,Sahélienne,2018/2019,2018,Autres cultures,Sésame,15445.1325,6724.603849433514,435.3866080095793,0.6733684210526316,0.39,28.89210958904109,664.9300000000001,41.55767123287671
Guéra_2018_Taro,Guéra,Sahélienne,2018/2019,2018,Autres cultures,Taro,0.0,0.0,,0.6733684210526316,0.39,28.89210958904109,664.9300000000001,41.55767123287671
Guéra_2018_Berbéré,Guéra,Sahélienne,2018/2019,2018,Céréales,Berbéré,31609.6479096,39012.627450028325,1234.2000000000005,0.6733684210526316,0.39,28.89210958904109,664.9300000000001,41.55767123287671
Guéra_2018_Blé,Guéra,Sahélienne,2018/2019,2018,Céréales,Blé,0.0,0.0,,0.6733684210526316,0.39,28.89210958904109,664.9300000000001,41.55767123287671
Guéra_2018_Maïs,Guéra,Sahélienne,2018/2019,2018,Céréales,Maïs,3041.0,1912.789,629.0,0.6733684210526316,0.39,28.89210958904109,664.9300000000001,41.55767123287671
Guéra_2018_Mil,Guéra,Sahélienne,2018/2019,2018,Céréales,Mil,69644.75,37215.347716574994,534.3596999999999,0.6733684210526316,0.39,28.89210958904109,664.9300000000001,41.55767123287671
Guéra_2018_Riz,Guéra,Sahélienne,2018/2019,2018,Céréales,Riz,320.4,334.4976,1044.0,0.6733684210526316,0.39,28.89210958904109,664.9300000000001,41.55767123287671
Guéra_2018_Sorgho,Guéra,Sahélienne,2018/2019,2018,Céréales,Sorgho,109035.8,99414.481008,911.76,0.6733684210526316,0.39,28.89210958904109,664.9300000000001,41.55767123287671
Hadjer-Lamis_2018_Arachide,Hadjer-Lamis,Sahélienne,2018/2019,2018,Autres cultures,Arachide,54851.94000000001,53084.36147864277,967.7754602415658,0.73525,0.475,28.89210958904109,664.9300000000001,41.55767123287671
Hadjer-Lamis_2018_Manioc,Hadjer-Lamis,Sahélienne,2018/2019,2018,Autres cultures,Manioc,796.8597000000001,571.4499623030878,717.12744703125,0.73525,0.475,28.89210958904109,664.9300000000001,41.55767123287671
Hadjer-Lamis_2018_Niébé,Hadjer-Lamis,Sahélienne,2018/2019,2018,Autres cultures,Niébé,26543.460000000003,19894.80102391853,749.5179989315081,0.73525,0.475,28.89210958904109,664.9300000000001,41.55767123287671
Hadjer-Lamis_2018_Patate_douce,Hadjer-Lamis,Sahélienne,2018/2019,2018,Autres cultures,Patate douce,335.90925000000004,2748.1575515625004,8181.25,0.73525,0.475,28.89210958904109,664.9300000000001,41.55767123287671
Hadjer-Lamis_2018_Pois_de_terre,Hadjer-Lamis,Sahélienne,2018/2019,2018,Autres cultures,Pois de terre,0.0,0.0,,0.73525,0.475,28.89210958904109,664.9300000000001,41.55767123287671
Hadjer-Lamis_2018_Sésame,Hadjer-Lamis,Sahélienne,2018/2019,2018,Autres cultures,Sésame,11133.96,4833.408557209681,434.11405800000006,0.73525,0.475,28.89210958904109,664.9300000000001,41.55767123287671
Hadjer-Lamis_2018_Taro,Hadjer-Lamis,Sahélienne,2018/2019,2018,Autres cultures,Taro,0.0,0.0,,0.73525,0.475,28.89210958904109,664.9300000000001,41.55767123287671
Hadjer-Lamis_2018_Berbéré,Hadjer-Lamis,Sahélienne,2018/2019,2018,Céréales,Berbéré,6204.762799999996,6202.280894879996,999.6,0.73525,0.475,28.89210958904109,664.9300000000001,41.55767123287671
Hadjer-Lamis_2018_Blé,Hadjer-Lamis,Sahélienne,2018/2019,2018,Céréales,Blé,0.0,0.0,,0.73525,0.475,28.89210958904109,664.9300000000001,41.55767123287671
Hadjer-Lamis_2018_Maïs,Hadjer-Lamis,Sahélienne,2018/2019,2018,Céréales,Maïs,35090.58,26002.11978,741.0,0.73525,0.475,28.89210958904109,664.9300000000001,41.55767123287671
Hadjer-Lamis_2018_Mil,Hadjer-Lamis,Sahélienne,2018/2019,2018,Céréales,Mil,88713.03,35580.99038917497,401.0796428571425,0.73525,0.475,28.89210958904109,664.9300000000001,41.55767123287671
Hadjer-Lamis_2018_Riz,Hadjer-Lamis,Sahélienne,2018/2019,2018,Céréales,Riz,3063.6000000000004,6422.071500000001,2096.25,0.73525,0.475,28.89210958904109,664.9300000000001,41.55767123287671
Hadjer-Lamis_2018_Sorgho,Hadjer-Lamis,Sahélienne,2018/2019,2018,Céréales,Sorgho,85824.70000000001,52934.10021900001,616.7700000000001,0.73525,0.475,28.89210958904109,664.9300000000001,41.55767123287671
Kanem_2018_Arachide,Kanem,Sahélienne,2018/2019,2018,Autres cultures,Arachide,0.0,0.0,,0.8371818181818181,0.689,28.89210958904109,664.9300000000001,41.55767123287671
Kanem_2018_Manioc,Kanem,Sahélienne,2018/2019,2018,Autres cultures,Manioc,0.0,0.0,,0.8371818181818181,0.689,28.89210958904109,664.9300000000001,41.55767123287671
Kanem_2018_Niébé,Kanem,Sahélienne,2018/2019,2018,Autres cultures,Niébé,448.8,97.88785776000002,218.1102,0.8371818181818181,0.689,28.89210958904109,664.9300000000001,41.55767123287671
Kanem_2018_Patate_douce,Kanem,Sahélienne,2018/2019,2018,Autres cultures,Patate douce,0.0,0.0,,0.8371818181818181,0.689,28.89210958904109,664.9300000000001,41.55767123287671
Kanem_2018_Pois_de_terre,Kanem,Sahélienne,2018/2019,2018,Autres cultures,Pois de terre,0.0,0.0,,0.8371818181818181,0.689,28.89210958904109,664.9300000000001,41.55767123287671
Kanem_2018_Sésame,Kanem,Sahélienne,2018/2019,2018,Autres cultures,Sésame,0.0,0.0,,0.8371818181818181,0.689,28.89210958904109,664.9300000000001,41.55767123287671
Kanem_2018_Taro,Kanem,Sahélienne,2018/2019,2018,Autres cultures,Taro,0.0,0.0,,0.8371818181818181,0.689,28.89210958904109,664.9300000000001,41.55767123287671
Kanem_2018_Berbéré,Kanem,Sahélienne,2018/2019,2018,Céréales,Berbéré,0.0,0.0,,0.8371818181818181,0.689,28.89210958904109,664.9300000000001,41.55767123287671
Kanem_2018_Blé,Kanem,Sahélienne,2018/2019,2018,Céréales,Blé,0.0,0.0,,0.8371818181818181,0.689,28.89210958904109,664.9300000000001,41.55767123287671
Kanem_2018_Maïs,Kanem,Sahélienne,2018/2019,2018,Céréales,Maïs,893.49,721.4931750000001,807.5000000000001,0.8371818181818181,0.689,28.89210958904109,664.9300000000001,41.55767123287671
Kanem_2018_Mil,Kanem,Sahélienne,2018/2019,2018,Céréales,Mil,19110.168,6714.360541022074,351.3501577287062,0.8371818181818181,0.689,28.89210958904109,664.9300000000001,41.55767123287671
Kanem_2018_Riz,Kanem,Sahélienne,2018/2019,2018,Céréales,Riz,0.0,0.0,,0.8371818181818181,0.689,28.89210958904109,664.9300000000001,41.55767123287671
Kanem_2018_Sorgho,Kanem,Sahélienne,2018/2019,2018,Céréales,Sorgho,0.0,0.0,,0.8371818181818181,0.689,28.89210958904109,664.9300000000001,41.55767123287671
Lac_2018_Arachide,Lac,Sahélienne,2018/2019,2018,Autres cultures,Arachide,493.68,686.0053859999999,1389.575,0.7176666666666667,0.551,28.89210958904109,664.9300000000001,41.55767123287671
Lac_2018_Manioc,Lac,Sahélienne,2018/2019,2018,Autres cultures,Manioc,553.0139999999999,8632.367151407998,15609.672,0.7176666666666667,0.551,28.89210958904109,664.9300000000001,41.55767123287671
Lac_2018_Niébé,Lac,Sahélienne,2018/2019,2018,Autres cultures,Niébé,2056.2,2191.8607650666618,1065.9764444444422,0.7176666666666667,0.551,28.89210958904109,664.9300000000001,41.55767123287671
Lac_2018_Patate_douce,Lac,Sahélienne,2018/2019,2018,Autres cultures,Patate douce,3027.2,45824.89885597086,15137.717645339211,0.7176666666666667,0.551,28.89210958904109,664.9300000000001,41.55767123287671
Lac_2018_Pois_de_terre,Lac,Sahélienne,2018/2019,2018,Autres cultures,Pois de terre,0.0,0.0,,0.7176666666666667,0.551,28.89210958904109,664.9300000000001,41.55767123287671
Lac_2018_Sésame,Lac,Sahélienne,2018/2019,2018,Autres cultures,Sésame,0.0,0.0,,0.7176666666666667,0.551,28.89210958904109,664.9300000000001,41.55767123287671
Lac_2018_Taro,Lac,Sahélienne,2018/2019,2018,Autres cultures,Taro,0.0,0.0,,0.7176666666666667,0.551,28.89210958904109,664.9300000000001,41.55767123287671
Lac_2018_Berbéré,Lac,Sahélienne,2018/2019,2018,Céréales,Berbéré,337.4112,542.62469184,1608.1999999999998,0.7176666666666667,0.551,28.89210958904109,664.9300000000001,41.55767123287671
Lac_2018_Blé,Lac,Sahélienne,2018/2019,2018,Céréales,Blé,801.25562,1798.01761128,2244.0,0.7176666666666667,0.551,28.89210958904109,664.9300000000001,41.55767123287671
Lac_2018_Maïs,Lac,Sahélienne,2018/2019,2018,Céréales,Maïs,40647.04,96079.8472704,2363.76,0.7176666666666667,0.551,28.89210958904109,664.9300000000001,41.55767123287671
Lac_2018_Mil,Lac,Sahélienne,2018/2019,2018,Céréales,Mil,72775.57419999999,52793.89914793653,725.4343195266268,0.7176666666666667,0.551,28.89210958904109,664.9300000000001,41.55767123287671
Lac_2018_Riz,Lac,Sahélienne,2018/2019,2018,Céréales,Riz,472.23,1888.92,4000.0,0.7176666666666667,0.551,28.89210958904109,664.9300000000001,41.55767123287671
Lac_2018_Sorgho,Lac,Sahélienne,2018/2019,2018,Céréales,Sorgho,267.6661,267.79993304999994,1000.5,0.7176666666666667,0.551,28.89210958904109,664.9300000000001,41.55767123287671
Ouaddaï_2018_Arachide,Ouaddaï,Sahélienne,2018/2019,2018,Autres cultures,Arachide,190274.76,212816.9000348352,1118.47152,0.7377692307692307,0.505,28.89210958904109,664.9300000000001,41.55767123287671
Ouaddaï_2018_Manioc,Ouaddaï,Sahélienne,2018/2019,2018,Autres cultures,Manioc,0.0,0.0,,0.7377692307692307,0.505,28.89210958904109,664.9300000000001,41.55767123287671
Ouaddaï_2018_Niébé,Ouaddaï,Sahélienne,2018/2019,2018,Autres cultures,Niébé,13409.2862,7387.2173900043645,550.903104,0.7377692307692307,0.505,28.89210958904109,664.9300000000001,41.55767123287671
Ouaddaï_2018_Patate_douce,Ouaddaï,Sahélienne,2018/2019,2018,Autres cultures,Patate douce,0.0,0.0,,0.7377692307692307,0.505,28.89210958904109,664.9300000000001,41.55767123287671
Ouaddaï_2018_Pois_de_terre,Ouaddaï,Sahélienne,2018/2019,2018,Autres cultures,Pois de terre,1195.2,905.579136,757.6800000000001,0.7377692307692307,0.505,28.89210958904109,664.9300000000001,41.55767123287671
Ouaddaï_2018_Sésame,Ouaddaï,Sahélienne,2018/2019,2018,Autres cultures,Sésame,59497.240000000005,26882.62872980786,451.8298450450451,0.7377692307692307,0.505,28.89210958904109,664.9300000000001,41.55767123287671
Ouaddaï_2018_Taro,Ouaddaï,Sahélienne,2018/2019,2018,Autres cultures,Taro,0.0,0.0,,0.7377692307692307,0.505,28.89210958904109,664.9300000000001,41.55767123287671
Ouaddaï_2018_Berbéré,Ouaddaï,Sahélienne,2018/2019,2018,Céréales,Berbéré,680.6311416666671,566.5233307662504,832.3500000000001,0.7377692307692307,0.505,28.89210958904109,664.9300000000001,41.55767123287671
Ouaddaï_2018_Blé,Ouaddaï,Sahélienne,2018/2019,2018,Céréales,Blé,0.0,0.0,,0.7377692307692307,0.505,28.89210958904109,664.9300000000001,41.55767123287671
Ouaddaï_2018_Maïs,Ouaddaï,Sahélienne,2018/2019,2018,Céréales,Maïs,913.41,779.5406304,853.4399999999999,0.7377692307692307,0.505,28.89210958904109,664.9300000000001,41.55767123287671
Ouaddaï_2018_Mil,Ouaddaï,Sahélienne,2018/2019,2018,Céréales,Mil,207168.728125,142635.6693140625,688.5000000000001,0.7377692307692307,0.505,28.89210958904109,664.9300000000001,41.55767123287671
Ouaddaï_2018_Riz,Ouaddaï,Sahélienne,2018/2019,2018,Céréales,Riz,0.0,0.0,,0.7377692307692307,0.505,28.89210958904109,664.9300000000001,41.55767123287671
Ouaddaï_2018_Sorgho,Ouaddaï,Sahélienne,2018/2019,2018,Céréales,Sorgho,121334.2208,99372.7268352,819.0000000000001,0.7377692307692307,0.505,28.89210958904109,664.9300000000001,41.55767123287671
Salamat_2018_Arachide,Salamat,Sahélienne,2018/2019,2018,Autres cultures,Arachide,9905.0,10564.213408,1066.5536,0.6042173913043478,0.472,28.89210958904109,664.9300000000001,41.55767123287671
Salamat_2018_Manioc,Salamat,Sahélienne,2018/2019,2018,Autres cultures,Manioc,1400.0,15113.914368000002,10795.65312,0.6042173913043478,0.472,28.89210958904109,664.9300000000001,41.55767123287671
Salamat_2018_Niébé,Salamat,Sahélienne,2018/2019,2018,Autres cultures,Niébé,4775.0,3956.883333333332,828.6666666666664,0.6042173913043478,0.472,28.89210958904109,664.9300000000001,41.55767123287671
Salamat_2018_Patate_douce,Salamat,Sahélienne,2018/2019,2018,Autres cultures,Patate douce,3930.0,43467.04777500001,11060.3175,0.6042173913043478,0.472,28.89210958904109,664.9300000000001,41.55767123287671
Salamat_2018_Pois_de_terre,Salamat,Sahélienne,2018/2019,2018,Autres cultures,Pois de terre,400.0,391.42016,978.5504,0.6042173913043478,0.472,28.89210958904109,664.9300000000001,41.55767123287671
Salamat_2018_Sésame,Salamat,Sahélienne,2018/2019,2018,Autres cultures,Sésame,6771.6,3752.537354584617,554.158153846154,0.6042173913043478,0.472,28.89210958904109,664.9300000000001,41.55767123287671
Salamat_2018_Taro,Salamat,Sahélienne,2018/2019,2018,Autres cultures,Taro,0.0,0.0,,0.6042173913043478,0.472,28.89210958904109,664.9300000000001,41.55767123287671
Salamat_2018_Berbéré,Salamat,Sahélienne,2018/2019,2018,Céréales,Berbéré,227839.64778432,339225.89479311835,1488.88,0.6042173913043478,0.472,28.89210958904109,664.9300000000001,41.55767123287671
Salamat_2018_Blé,Salamat,Sahélienne,2018/2019,2018,Céréales,Blé,0.0,0.0,,0.6042173913043478,0.472,28.89210958904109,664.9300000000001,41.55767123287671
Salamat_2018_Maïs,Salamat,Sahélienne,2018/2019,2018,Céréales,Maïs,34359.0,45947.60352,1337.2799999999995,0.6042173913043478,0.472,28.89210958904109,664.9300000000001,41.55767123287671
Salamat_2018_Mil,Salamat,Sahélienne,2018/2019,2018,Céréales,Mil,7648.992,6244.713558720001,816.4100000000001,0.6042173913043478,0.472,28.89210958904109,664.9300000000001,41.55767123287671
Salamat_2018_Riz,Salamat,Sahélienne,2018/2019,2018,Céréales,Riz,6724.5,23468.505,3490.0,0.6042173913043478,0.472,28.89210958904109,664.9300000000001,41.55767123287671
Salamat_2018_Sorgho,Salamat,Sahélienne,2018/2019,2018,Céréales,Sorgho,23729.552000000003,30083.376843520004,1267.76,0.6042173913043478,0.472,28.89210958904109,664.9300000000001,41.55767123287671
Sila_2018_Arachide,Sila,Sahélienne,2018/2019,2018,Autres cultures,Arachide,87588.72,95259.1842143588,1087.5736534836767,0.6263684210526316,0.45,28.89210958904109,664.9300000000001,41.55767123287671
Sila_2018_Manioc,Sila,Sahélienne,2018/2019,2018,Autres cultures,Manioc,0.0,0.0,,0.6263684210526316,0.45,28.89210958904109,664.9300000000001,41.55767123287671
Sila_2018_Niébé,Sila,Sahélienne,2018/2019,2018,Autres cultures,Niébé,24303.16,15881.61226226724,653.4793114256435,0.6263684210526316,0.45,28.89210958904109,664.9300000000001,41.55767123287671
Sila_2018_Patate_douce,Sila,Sahélienne,2018/2019,2018,Autres cultures,Patate douce,68.25,405.6950625,5944.25,0.6263684210526316,0.45,28.89210958904109,664.9300000000001,41.55767123287671
Sila_2018_Pois_de_terre,Sila,Sahélienne,2018/2019,2018,Autres cultures,Pois de terre,0.0,0.0,,0.6263684210526316,0.45,28.89210958904109,664.9300000000001,41.55767123287671
Sila_2018_Sésame,Sila,Sahélienne,2018/2019,2018,Autres cultures,Sésame,54369.0,37271.1042222313,685.5212386144917,0.6263684210526316,0.45,28.89210958904109,664.9300000000001,41.55767123287671
Sila_2018_Taro,Sila,Sahélienne,2018/2019,2018,Autres cultures,Taro,0.0,0.0,,0.6263684210526316,0.45,28.89210958904109,664.9300000000001,41.55767123287671
Sila_2018_Berbéré,Sila,Sahélienne,2018/2019,2018,Céréales,Berbéré,16575.417988066598,23611.68292400088,1424.5000000000002,0.6263684210526316,0.45,28.89210958904109,664.9300000000001,41.55767123287671
Sila_2018_Blé,Sila,Sahélienne,2018/2019,2018,Céréales,Blé,0.0,0.0,,0.6263684210526316,0.45,28.89210958904109,664.9300000000001,41.55767123287671
Sila_2018_Maïs,Sila,Sahélienne,2018/2019,2018,Céréales,Maïs,65509.206,93587.10678366,1428.61,0.6263684210526316,0.45,28.89210958904109,664.9300000000001,41.55767123287671
Sila_2018_Mil,Sila,Sahélienne,2018/2019,2018,Céréales,Mil,108002.112,87476.3106144,809.9499999999999,0.6263684210526316,0.45,28.89210958904109,664.9300000000001,41.55767123287671
Sila_2018_Riz,Sila,Sahélienne,2018/2019,2018,Céréales,Riz,266.475,326.1654,1224.0,0.6263684210526316,0.45,28.89210958904109,664.9300000000001,41.55767123287671
Sila_2018_Sorgho,Sila,Sahélienne,2018/2019,2018,Céréales,Sorgho,144899.69999999998,151796.92571999997,1047.6,0.6263684210526316,0.45,28.89210958904109,664.9300000000001,41.55767123287671
Wadi_Fira_2018_Arachide,Wadi Fira,Sahélienne,2018/2019,2018,Autres cultures,Arachide,24411.884800000003,31973.690870730927,1309.759206742239,0.7084,0.66,28.89210958904109,664.9300000000001,41.55767123287671
Wadi_Fira_2018_Manioc,Wadi Fira,Sahélienne,2018/2019,2018,Autres cultures,Manioc,0.0,0.0,,0.7084,0.66,28.89210958904109,664.9300000000001,41.55767123287671
Wadi_Fira_2018_Niébé,Wadi Fira,Sahélienne,2018/2019,2018,Autres cultures,Niébé,4775.484,2468.3059668422384,516.8703249434484,0.7084,0.66,28.89210958904109,664.9300000000001,41.55767123287671
Wadi_Fira_2018_Patate_douce,Wadi Fira,Sahélienne,2018/2019,2018,Autres cultures,Patate douce,0.0,0.0,,0.7084,0.66,28.89210958904109,664.9300000000001,41.55767123287671
Wadi_Fira_2018_Pois_de_terre,Wadi Fira,Sahélienne,2018/2019,2018,Autres cultures,Pois de terre,0.0,0.0,,0.7084,0.66,28.89210958904109,664.9300000000001,41.55767123287671
Wadi_Fira_2018_Sésame,Wadi Fira,Sahélienne,2018/2019,2018,Autres cultures,Sésame,3738.8064,1447.3731947688932,387.1217281453496,0.7084,0.66,28.89210958904109,664.9300000000001,41.55767123287671
Wadi_Fira_2018_Taro,Wadi Fira,Sahélienne,2018/2019,2018,Autres cultures,Taro,0.0,0.0,,0.7084,0.66,28.89210958904109,664.9300000000001,41.55767123287671
Wadi_Fira_2018_Berbéré,Wadi Fira,Sahélienne,2018/2019,2018,Céréales,Berbéré,0.0,0.0,,0.7084,0.66,28.89210958904109,664.9300000000001,41.55767123287671
Wadi_Fira_2018_Blé,Wadi Fira,Sahélienne,2018/2019,2018,Céréales,Blé,0.0,0.0,,0.7084,0.66,28.89210958904109,664.9300000000001,41.55767123287671
Wadi_Fira_2018_Maïs,Wadi Fira,Sahélienne,2018/2019,2018,Céréales,Maïs,0.0,0.0,,0.7084,0.66,28.89210958904109,664.9300000000001,41.55767123287671
Wadi_Fira_2018_Mil,Wadi Fira,Sahélienne,2018/2019,2018,Céréales,Mil,119264.488,67128.59238594829,562.8548238596244,0.7084,0.66,28.89210958904109,664.9300000000001,41.55767123287671
Wadi_Fira_2018_Riz,Wadi Fira,Sahélienne,2018/2019,2018,Céréales,Riz,0.0,0.0,,0.7084,0.66,28.89210958904109,664.9300000000001,41.55767123287671
Wadi_Fira_2018_Sorgho,Wadi Fira,Sahélienne,2018/2019,2018,Céréales,Sorgho,30692.200000000004,28616.247114840004,932.3622,0.7084,0.66,28.89210958904109,664.9300000000001,41.55767123287671
Logone_Occidental_2018_Arachide,Logone Occidental,Soudanienne,2018/2019,2018,Autres cultures,Arachide,71432.4,80762.67392956311,1130.616833951584,0.4773809523809524,0.267,28.89210958904109,664.9300000000001,41.55767123287671
Logone_Occidental_2018_Manioc,Logone Occidental,Soudanienne,2018/2019,2018,Autres cultures,Manioc,5762.4,65037.093976986616,11286.45945734184,0.4773809523809524,0.267,28.89210958904109,664.9300000000001,41.55767123287671
Logone_Occidental_2018_Niébé,Logone Occidental,Soudanienne,2018/2019,2018,Autres cultures,Niébé,11368.5,6041.698069459008,531.4419729479711,0.4773809523809524,0.267,28.89210958904109,664.9300000000001,41.55767123287671
Logone_Occidental_2018_Patate_douce,Logone Occidental,Soudanienne,2018/2019,2018,Autres cultures,Patate douce,8976.5,48012.773859375,5348.71875,0.4773809523809524,0.267,28.89210958904109,664.9300000000001,41.55767123287671
Logone_Occidental_2018_Pois_de_terre,Logone Occidental,Soudanienne,2018/2019,2018,Autres cultures,Pois de terre,1230.82,1071.650480682,870.6800999999999,0.4773809523809524,0.267,28.89210958904109,664.9300000000001,41.55767123287671
Logone_Occidental_2018_Sésame,Logone Occidental,Soudanienne,2018/2019,2018,Autres cultures,Sésame,42518.7,22380.191578290047,526.3611441151786,0.4773809523809524,0.267,28.89210958904109,664.9300000000001,41.55767123287671
Logone_Occidental_2018_Taro,Logone Occidental,Soudanienne,2018/2019,2018,Autres cultures,Taro,113.0,191.458725,1694.325,0.4773809523809524,0.267,28.89210958904109,664.9300000000001,41.55767123287671
Logone_Occidental_2018_Berbéré,Logone Occidental,Soudanienne,2018/2019,2018,Céréales,Berbéré,0.0,0.0,,0.4773809523809524,0.267,28.89210958904109,664.9300000000001,41.55767123287671
Logone_Occidental_2018_Blé,Logone Occidental,Soudanienne,2018/2019,2018,Céréales,Blé,0.0,0.0,,0.4773809523809524,0.267,28.89210958904109,664.9300000000001,41.55767123287671
Logone_Occidental_2018_Maïs,Logone Occidental,Soudanienne,2018/2019,2018,Céréales,Maïs,14482.44,13629.170079722422,941.0824474137248,0.4773809523809524,0.267,28.89210958904109,664.9300000000001,41.55767123287671
Logone_Occidental_2018_Mil,Logone Occidental,Soudanienne,2018/2019,2018,Céréales,Mil,23346.5247,14174.583979825764,607.1389280403589,0.4773809523809524,0.267,28.89210958904109,664.9300000000001,41.55767123287671
Logone_Occidental_2018_Riz,Logone Occidental,Soudanienne,2018/2019,2018,Céréales,Riz,15863.4,18699.396186514063,1178.7760622889205,0.4773809523809524,0.267,28.89210958904109,664.9300000000001,41.55767123287671
Logone_Occidental_2018_Sorgho,Logone Occidental,Soudanienne,2018/2019,2018,Céréales,Sorgho,58058.55,42394.42525288482,730.201240866071,0.4773809523809524,0.267,28.89210958904109,664.9300000000001,41.55767123287671
Logone_Oriental_2018_Arachide,Logone Oriental,Soudanienne,2018/2019,2018,Autres cultures,Arachide,46470.86340000001,68083.96409719053,1465.0892864019936,0.5260833333333333,0.187,28.89210958904109,664.9300000000001,41.55767123287671
Logone_Oriental_2018_Manioc,Logone Oriental,Soudanienne,2018/2019,2018,Autres cultures,Manioc,5036.700000000001,37805.97763198138,7506.100746913927,0.5260833333333333,0.187,28.89210958904109,664.9300000000001,41.55767123287671
Logone_Oriental_2018_Niébé,Logone Oriental,Soudanienne,2018/2019,2018,Autres cultures,Niébé,13930.501,8169.080091838291,586.4168195988278,0.5260833333333333,0.187,28.89210958904109,664.9300000000001,41.55767123287671
Logone_Oriental_2018_Patate_douce,Logone Oriental,Soudanienne,2018/2019,2018,Autres cultures,Patate douce,6922.40625,29064.7934503418,4198.6546875,0.5260833333333333,0.187,28.89210958904109,664.9300000000001,41.55767123287671
Logone_Oriental_2018_Pois_de_terre,Logone Oriental,Soudanienne,2018/2019,2018,Autres cultures,Pois de terre,4236.599999999999,4683.315577199988,1105.4419999999973,0.5260833333333333,0.187,28.89210958904109,664.9300000000001,41.55767123287671
Logone_Oriental_2018_Sésame,Logone Oriental,Soudanienne,2018/2019,2018,Autres cultures,Sésame,33352.452,18371.78191914722,550.8375192069003,0.5260833333333333,0.187,28.89210958904109,664.9300000000001,41.55767123287671
Logone_Oriental_2018_Taro,Logone Oriental,Soudanienne,2018/2019,2018,Autres cultures,Taro,864.5,1167.2981490625002,1350.2581250000003,0.5260833333333333,0.187,28.89210958904109,664.9300000000001,41.55767123287671
Logone_Oriental_2018_Berbéré,Logone Oriental,Soudanienne,2018/2019,2018,Céréales,Berbéré,0.0,0.0,,0.5260833333333333,0.187,28.89210958904109,664.9300000000001,41.55767123287671
Logone_Oriental_2018_Blé,Logone Oriental,Soudanienne,2018/2019,2018,Céréales,Blé,0.0,0.0,,0.5260833333333333,0.187,28.89210958904109,664.9300000000001,41.55767123287671
Logone_Oriental_2018_Maïs,Logone Oriental,Soudanienne,2018/2019,2018,Céréales,Maïs,20007.9,20670.90559205908,1033.1371904127404,0.5260833333333333,0.187,28.89210958904109,664.9300000000001,41.55767123287671
Logone_Oriental_2018_Mil,Logone Oriental,Soudanienne,2018/2019,2018,Céréales,Mil,24160.6211,17890.942489592202,740.5001061662359,0.5260833333333333,0.187,28.89210958904109,664.9300000000001,41.55767123287671
Logone_Oriental_2018_Riz,Logone Oriental,Soudanienne,2018/2019,2018,Céréales,Riz,23514.7488,23995.96806338244,1020.464571723702,0.5260833333333333,0.187,28.89210958904109,664.9300000000001,41.55767123287671
Logone_Oriental_2018_Sorgho,Logone Oriental,Soudanienne,2018/2019,2018,Céréales,Sorgho,62394.64000000001,67157.39267708258,1076.3327214818864,0.5260833333333333,0.187,28.89210958904109,664.9300000000001,41.55767123287671
Mandoul_2018_Arachide,Mandoul,Soudanienne,2018/2019,2018,Autres cultures,Arachide,44413.424,54179.34134320169,1219.8866122819463,0.5136071428571428,0.354,28.89210958904109,664.9300000000001,41.55767123287671
Mandoul_2018_Manioc,Mandoul,Soudanienne,2018/2019,2018,Autres cultures,Manioc,6081.0,60287.85578864516,9914.135140379076,0.5136071428571428,0.354,28.89210958904109,664.9300000000001,41.55767123287671
Mandoul_2018_Niébé,Mandoul,Soudanienne,2018/2019,2018,Autres cultures,Niébé,23022.0,14765.639755465056,641.3708520313203,0.5136071428571428,0.354,28.89210958904109,664.9300000000001,41.55767123287671
Mandoul_2018_Patate_douce,Mandoul,Soudanienne,2018/2019,2018,Autres cultures,Patate douce,2218.0,14337.717589999991,6464.254999999997,0.5136071428571428,0.354,28.89210958904109,664.9300000000001,41.55767123287671
Mandoul_2018_Pois_de_terre,Mandoul,Soudanienne,2018/2019,2018,Autres cultures,Pois de terre,6203.0,8325.311666555383,1342.1427803571469,0.5136071428571428,0.354,28.89210958904109,664.9300000000001,41.55767123287671
Mandoul_2018_Sésame,Mandoul,Soudanienne,2018/2019,2018,Autres cultures,Sésame,19043.0,10519.312177502614,552.3978457964929,0.5136071428571428,0.354,28.89210958904109,664.9300000000001,41.55767123287671
Mandoul_2018_Taro,Mandoul,Soudanienne,2018/2019,2018,Autres cultures,Taro,1695.4,5101.2678675,3008.8875000000003,0.5136071428571428,0.354,28.89210958904109,664.9300000000001,41.55767123287671
Mandoul_2018_Berbéré,Mandoul,Soudanienne,2018/2019,2018,Céréales,Berbéré,0.0,0.0,,0.5136071428571428,0.354,28.89210958904109,664.9300000000001,41.55767123287671
Mandoul_2018_Blé,Mandoul,Soudanienne,2018/2019,2018,Céréales,Blé,0.0,0.0,,0.5136071428571428,0.354,28.89210958904109,664.9300000000001,41.55767123287671
Mandoul_2018_Maïs,Mandoul,Soudanienne,2018/2019,2018,Céréales,Maïs,10911.6,13218.65136644718,1211.43107944272,0.5136071428571428,0.354,28.89210958904109,664.9300000000001,41.55767123287671
Mandoul_2018_Mil,Mandoul,Soudanienne,2018/2019,2018,Céréales,Mil,44758.5,26079.231496208104,582.6654489361374,0.5136071428571428,0.354,28.89210958904109,664.9300000000001,41.55767123287671
Mandoul_2018_Riz,Mandoul,Soudanienne,2018/2019,2018,Céréales,Riz,15564.419999999998,15034.79980165062,965.972378132344,0.5136071428571428,0.354,28.89210958904109,664.9300000000001,41.55767123287671
Mandoul_2018_Sorgho,Mandoul,Soudanienne,2018/2019,2018,Céréales,Sorgho,70191.9375,50007.8913681457,712.4449495092751,0.5136071428571428,0.354,28.89210958904109,664.9300000000001,41.55767123287671
Mayo-Kebbi_Est_2018_Arachide,Mayo-Kebbi Est,Soudanienne,2018/2019,2018,Autres cultures,Arachide,31556.448000000004,35191.873094163864,1115.2038751054574,0.5839772727272727,0.328,28.89210958904109,664.9300000000001,41.55767123287671
Mayo-Kebbi_Est_2018_Manioc,Mayo-Kebbi Est,Soudanienne,2018/2019,2018,Autres cultures,Manioc,3284.0,29397.97470167629,8951.880238025666,0.5839772727272727,0.328,28.89210958904109,664.9300000000001,41.55767123287671
Mayo-Kebbi_Est_2018_Niébé,Mayo-Kebbi Est,Soudanienne,2018/2019,2018,Autres cultures,Niébé,17944.0,10182.680605167472,567.4699401007285,0.5839772727272727,0.328,28.89210958904109,664.9300000000001,41.55767123287671
Mayo-Kebbi_Est_2018_Patate_douce,Mayo-Kebbi Est,Soudanienne,2018/2019,2018,Autres cultures,Patate douce,1574.0,10397.885973333328,6606.026666666662,0.5839772727272727,0.328,28.89210958904109,664.9300000000001,41.55767123287671
Mayo-Kebbi_Est_2018_Pois_de_terre,Mayo-Kebbi Est,Soudanienne,2018/2019,2018,Autres cultures,Pois de terre,4327.5,3019.498164697265,697.7465429687498,0.5839772727272727,0.328,28.89210958904109,664.9300000000001,41.55767123287671
Mayo-Kebbi_Est_2018_Sésame,Mayo-Kebbi Est,Soudanienne,2018/2019,2018,Autres cultures,Sésame,14891.0,7021.021491966314,471.49429131464063,0.5839772727272727,0.328,28.89210958904109,664.9300000000001,41.55767123287671
Mayo-Kebbi_Est_2018_Taro,Mayo-Kebbi Est,Soudanienne,2018/2019,2018,Autres cultures,Taro,1928.0,6093.400909200001,3160.4776500000003,0.5839772727272727,0.328,28.89210958904109,664.9300000000001,41.55767123287671
Mayo-Kebbi_Est_2018_Berbéré,Mayo-Kebbi Est,Soudanienne,2018/2019,2018,Céréales,Berbéré,63081.4605087333,49582.027959864376,786.0,0.5839772727272727,0.328,28.89210958904109,664.9300000000001,41.55767123287671
Mayo-Kebbi_Est_2018_Blé,Mayo-Kebbi Est,Soudanienne,2018/2019,2018,Céréales,Blé,0.0,0.0,,0.5839772727272727,0.328,28.89210958904109,664.9300000000001,41.55767123287671
Mayo-Kebbi_Est_2018_Maïs,Mayo-Kebbi Est,Soudanienne,2018/2019,2018,Céréales,Maïs,12883.9,18870.028155501725,1464.6208178813656,0.5839772727272727,0.328,28.89210958904109,664.9300000000001,41.55767123287671
Mayo-Kebbi_Est_2018_Mil,Mayo-Kebbi Est,Soudanienne,2018/2019,2018,Céréales,Mil,26404.0,19563.975855556368,740.9474267367204,0.5839772727272727,0.328,28.89210958904109,664.9300000000001,41.55767123287671
Mayo-Kebbi_Est_2018_Riz,Mayo-Kebbi Est,Soudanienne,2018/2019,2018,Céréales,Riz,40197.48,65469.74882024411,1628.70281470988,0.5839772727272727,0.328,28.89210958904109,664.9300000000001,41.55767123287671
Mayo-Kebbi_Est_2018_Sorgho,Mayo-Kebbi Est,Soudanienne,2018/2019,2018,Céréales,Sorgho,72355.8,63484.96808984047,877.3998503207824,0.5839772727272727,0.328,28.89210958904109,664.9300000000001,41.55767123287671
Mayo-Kebbi_Ouest_2018_Arachide,Mayo-Kebbi Ouest,Soudanienne,2018/2019,2018,Autres cultures,Arachide,32939.2,33916.50715434246,1029.670033101668,0.4937499999999999,0.35,28.89210958904109,664.9300000000001,41.55767123287671
Mayo-Kebbi_Ouest_2018_Manioc,Mayo-Kebbi Ouest,Soudanienne,2018/2019,2018,Autres cultures,Manioc,2898.5,15817.598404546174,5457.166949990055,0.4937499999999999,0.35,28.89210958904109,664.9300000000001,41.55767123287671
Mayo-Kebbi_Ouest_2018_Niébé,Mayo-Kebbi Ouest,Soudanienne,2018/2019,2018,Autres cultures,Niébé,9166.5,5446.674532334044,594.193479772437,0.4937499999999999,0.35,28.89210958904109,664.9300000000001,41.55767123287671
Mayo-Kebbi_Ouest_2018_Patate_douce,Mayo-Kebbi Ouest,Soudanienne,2018/2019,2018,Autres cultures,Patate douce,1295.59,4865.147744399999,3755.16,0.4937499999999999,0.35,28.89210958904109,664.9300000000001,41.55767123287671
Mayo-Kebbi_Ouest_2018_Pois_de_terre,Mayo-Kebbi Ouest,Soudanienne,2018/2019,2018,Autres cultures,Pois de terre,2496.0,2232.51444,894.436875,0.4937499999999999,0.35,28.89210958904109,664.9300000000001,41.55767123287671
Mayo-Kebbi_Ouest_2018_Sésame,Mayo-Kebbi Ouest,Soudanienne,2018/2019,2018,Autres cultures,Sésame,13831.05,7187.974553879708,519.6983998958654,0.4937499999999999,0.35,28.89210958904109,664.9300000000001,41.55767123287671
Mayo-Kebbi_Ouest_2018_Taro,Mayo-Kebbi Ouest,Soudanienne,2018/2019,2018,Autres cultures,Taro,1572.0,2249.4995480249995,1430.9793562499997,0.4937499999999999,0.35,28.89210958904109,664.9300000000001,41.55767123287671
Mayo-Kebbi_Ouest_2018_Berbéré,Mayo-Kebbi Ouest,Soudanienne,2018/2019,2018,Céréales,Berbéré,9559.179933333304,8780.519385469834,918.5431644457026,0.4937499999999999,0.35,28.89210958904109,664.9300000000001,41.55767123287671
Mayo-Kebbi_Ouest_2018_Blé,Mayo-Kebbi Ouest,Soudanienne,2018/2019,2018,Céréales,Blé,0.0,0.0,,0.4937499999999999,0.35,28.89210958904109,664.9300000000001,41.55767123287671
Mayo-Kebbi_Ouest_2018_Maïs,Mayo-Kebbi Ouest,Soudanienne,2018/2019,2018,Céréales,Maïs,38257.14,47241.79454036815,1234.849090663028,0.4937499999999999,0.35,28.89210958904109,664.9300000000001,41.55767123287671
Mayo-Kebbi_Ouest_2018_Mil,Mayo-Kebbi Ouest,Soudanienne,2018/2019,2018,Céréales,Mil,7247.099999999999,4083.357566512561,563.4471121569402,0.4937499999999999,0.35,28.89210958904109,664.9300000000001,41.55767123287671
Mayo-Kebbi_Ouest_2018_Riz,Mayo-Kebbi Ouest,Soudanienne,2018/2019,2018,Céréales,Riz,6290.41,8353.868010534861,1328.03235568665,0.4937499999999999,0.35,28.89210958904109,664.9300000000001,41.55767123287671
Mayo-Kebbi_Ouest_2018_Sorgho,Mayo-Kebbi Ouest,Soudanienne,2018/2019,2018,Céréales,Sorgho,59412.12,51300.59525944443,863.4702020302327,0.4937499999999999,0.35,28.89210958904109,664.9300000000001,41.55767123287671
Moyen-Chari_2018_Arachide,Moyen-Chari,Soudanienne,2018/2019,2018,Autres cultures,Arachide,35251.53,46590.18630865446,1321.650047775358,0.5944423076923078,0.361,28.89210958904109,664.9300000000001,41.55767123287671
Moyen-Chari_2018_Manioc,Moyen-Chari,Soudanienne,2018/2019,2018,Autres cultures,Manioc,3779.2,22523.415197025253,5959.836790068071,0.5944423076923078,0.361,28.89210958904109,664.9300000000001,41.55767123287671
Moyen-Chari_2018_Niébé,Moyen-Chari,Soudanienne,2018/2019,2018,Autres cultures,Niébé,11470.14,8348.932363625552,727.8840854275146,0.5944423076923078,0.361,28.89210958904109,664.9300000000001,41.55767123287671
Moyen-Chari_2018_Patate_douce,Moyen-Chari,Soudanienne,2018/2019,2018,Autres cultures,Patate douce,2145.7,13085.622079291656,6098.532916666663,0.5944423076923078,0.361,28.89210958904109,664.9300000000001,41.55767123287671
Moyen-Chari_2018_Pois_de_terre,Moyen-Chari,Soudanienne,2018/2019,2018,Autres cultures,Pois de terre,3465.0,3822.8661474609376,1103.2802734375,0.5944423076923078,0.361,28.89210958904109,664.9300000000001,41.55767123287671
Moyen-Chari_2018_Sésame,Moyen-Chari,Soudanienne,2018/2019,2018,Autres cultures,Sésame,9540.0,4753.85411708665,498.30755944304514,0.5944423076923078,0.361,28.89210958904109,664.9300000000001,41.55767123287671
Moyen-Chari_2018_Taro,Moyen-Chari,Soudanienne,2018/2019,2018,Autres cultures,Taro,1101.6,2950.5254400000003,2678.4,0.5944423076923078,0.361,28.89210958904109,664.9300000000001,41.55767123287671
Moyen-Chari_2018_Berbéré,Moyen-Chari,Soudanienne,2018/2019,2018,Céréales,Berbéré,3667.9256666666697,4886.266790447204,1332.1608,0.5944423076923078,0.361,28.89210958904109,664.9300000000001,41.55767123287671
Moyen-Chari_2018_Blé,Moyen-Chari,Soudanienne,2018/2019,2018,Céréales,Blé,0.0,0.0,,0.5944423076923078,0.361,28.89210958904109,664.9300000000001,41.55767123287671
Moyen-Chari_2018_Maïs,Moyen-Chari,Soudanienne,2018/2019,2018,Céréales,Maïs,11847.0,11489.310894851542,969.807621748252,0.5944423076923078,0.361,28.89210958904109,664.9300000000001,41.55767123287671
Moyen-Chari_2018_Mil,Moyen-Chari,Soudanienne,2018/2019,2018,Céréales,Mil,18979.0,13111.303346091488,690.8321484847193,0.5944423076923078,0.361,28.89210958904109,664.9300000000001,41.55767123287671
Moyen-Chari_2018_Riz,Moyen-Chari,Soudanienne,2018/2019,2018,Céréales,Riz,4349.0,4807.063394416789,1105.326142657344,0.5944423076923078,0.361,28.89210958904109,664.9300000000001,41.55767123287671
Moyen-Chari_2018_Sorgho,Moyen-Chari,Soudanienne,2018/2019,2018,Céréales,Sorgho,44811.600000000006,37978.93550559517,847.5246477607396,0.5944423076923078,0.361,28.89210958904109,664.9300000000001,41.55767123287671
Tandjilé_2018_Arachide,Tandjilé,Soudanienne,2018/2019,2018,Autres cultures,Arachide,26995.2,32852.10668204878,1216.9610405571652,0.5237441860465116,0.314,28.89210958904109,664.9300000000001,41.55767123287671
Tandjilé_2018_Manioc,Tandjilé,Soudanienne,2018/2019,2018,Autres cultures,Manioc,2839.5,21370.0268160003,7525.982326466033,0.5237441860465116,0.314,28.89210958904109,664.9300000000001,41.55767123287671
Tandjilé_2018_Niébé,Tandjilé,Soudanienne,2018/2019,2018,Autres cultures,Niébé,8597.45,5420.591911836544,630.4883322190351,0.5237441860465116,0.314,28.89210958904109,664.9300000000001,41.55767123287671
Tandjilé_2018_Patate_douce,Tandjilé,Soudanienne,2018/2019,2018,Autres cultures,Patate douce,2972.088,22506.753555302388,7572.707657142852,0.5237441860465116,0.314,28.89210958904109,664.9300000000001,41.55767123287671
Tandjilé_2018_Pois_de_terre,Tandjilé,Soudanienne,2018/2019,2018,Autres cultures,Pois de terre,1528.8000000000002,778.60492164,509.2915499999999,0.5237441860465116,0.314,28.89210958904109,664.9300000000001,41.55767123287671
Tandjilé_2018_Sésame,Tandjilé,Soudanienne,2018/2019,2018,Autres cultures,Sésame,10753.05,5816.791714320307,540.9434266854804,0.5237441860465116,0.314,28.89210958904109,664.9300000000001,41.55767123287671
Tandjilé_2018_Taro,Tandjilé,Soudanienne,2018/2019,2018,Autres cultures,Taro,1871.518,3301.191394844454,1763.911111111116,0.5237441860465116,0.314,28.89210958904109,664.9300000000001,41.55767123287671
Tandjilé_2018_Berbéré,Tandjilé,Soudanienne,2018/2019,2018,Céréales,Berbéré,6532.61924,4726.60315913555,723.5387500000002,0.5237441860465116,0.314,28.89210958904109,664.9300000000001,41.55767123287671
Tandjilé_2018_Blé,Tandjilé,Soudanienne,2018/2019,2018,Céréales,Blé,0.0,0.0,,0.5237441860465116,0.314,28.89210958904109,664.9300000000001,41.55767123287671
Tandjilé_2018_Maïs,Tandjilé,Soudanienne,2018/2019,2018,Céréales,Maïs,7873.6,6654.04409686302,845.1082220157259,0.5237441860465116,0.314,28.89210958904109,664.9300000000001,41.55767123287671
Tandjilé_2018_Mil,Tandjilé,Soudanienne,2018/2019,2018,Céréales,Mil,27890.0,19158.16717572205,686.9188661069219,0.5237441860465116,0.314,28.89210958904109,664.9300000000001,41.55767123287671
Tandjilé_2018_Riz,Tandjilé,Soudanienne,2018/2019,2018,Céréales,Riz,60041.66,78055.6331243906,1300.0245683478872,0.5237441860465116,0.314,28.89210958904109,664.9300000000001,41.55767123287671
Tandjilé_2018_Sorgho,Tandjilé,Soudanienne,2018/2019,2018,Céréales,Sorgho,39641.4,34185.06821796303,862.3577426115886,0.5237441860465116,0.314,28.89210958904109,664.9300000000001,41.55767123287671
Barh_El_Ghazal_2019_Arachide,Barh El Ghazal,Sahélienne,2019/2020,2019,Autres cultures,Arachide,0.0,0.0,,0.6049,0.511,28.684535519125685,523.88,42.700437158469946
Barh_El_Ghazal_2019_Manioc,Barh El Ghazal,Sahélienne,2019/2020,2019,Autres cultures,Manioc,0.0,0.0,,0.6049,0.511,28.684535519125685,523.88,42.700437158469946
Barh_El_Ghazal_2019_Niébé,Barh El Ghazal,Sahélienne,2019/2020,2019,Autres cultures,Niébé,117.0,27.58275,235.75,0.6049,0.511,28.684535519125685,523.88,42.700437158469946
Barh_El_Ghazal_2019_Patate_douce,Barh El Ghazal,Sahélienne,2019/2020,2019,Autres cultures,Patate douce,0.0,0.0,,0.6049,0.511,28.684535519125685,523.88,42.700437158469946
Barh_El_Ghazal_2019_Pois_de_terre,Barh El Ghazal,Sahélienne,2019/2020,2019,Autres cultures,Pois de terre,0.0,0.0,,0.6049,0.511,28.684535519125685,523.88,42.700437158469946
Barh_El_Ghazal_2019_Sésame,Barh El Ghazal,Sahélienne,2019/2020,2019,Autres cultures,Sésame,0.0,0.0,,0.6049,0.511,28.684535519125685,523.88,42.700437158469946
Barh_El_Ghazal_2019_Taro,Barh El Ghazal,Sahélienne,2019/2020,2019,Autres cultures,Taro,0.0,0.0,,0.6049,0.511,28.684535519125685,523.88,42.700437158469946
Barh_El_Ghazal_2019_Berbéré,Barh El Ghazal,Sahélienne,2019/2020,2019,Céréales,Berbéré,0.0,0.0,,0.6049,0.511,28.684535519125685,523.88,42.700437158469946
Barh_El_Ghazal_2019_Blé,Barh El Ghazal,Sahélienne,2019/2020,2019,Céréales,Blé,0.0,0.0,,0.6049,0.511,28.684535519125685,523.88,42.700437158469946
Barh_El_Ghazal_2019_Maïs,Barh El Ghazal,Sahélienne,2019/2020,2019,Céréales,Maïs,1780.8,1026.27504,576.3000000000001,0.6049,0.511,28.684535519125685,523.88,42.700437158469946
Barh_El_Ghazal_2019_Mil,Barh El Ghazal,Sahélienne,2019/2020,2019,Céréales,Mil,34857.92,10980.2448,315.0,0.6049,0.511,28.684535519125685,523.88,42.700437158469946
Barh_El_Ghazal_2019_Riz,Barh El Ghazal,Sahélienne,2019/2020,2019,Céréales,Riz,0.0,0.0,,0.6049,0.511,28.684535519125685,523.88,42.700437158469946
Barh_El_Ghazal_2019_Sorgho,Barh El Ghazal,Sahélienne,2019/2020,2019,Céréales,Sorgho,132.0,53.328,404.0,0.6049,0.511,28.684535519125685,523.88,42.700437158469946
Batha_2019_Arachide,Batha,Sahélienne,2019/2020,2019,Autres cultures,Arachide,25522.0,23684.270432125923,927.9942963766916,0.693342105263158,0.485,28.684535519125685,523.88,42.700437158469946
Batha_2019_Manioc,Batha,Sahélienne,2019/2020,2019,Autres cultures,Manioc,0.0,0.0,,0.693342105263158,0.485,28.684535519125685,523.88,42.700437158469946
Batha_2019_Niébé,Batha,Sahélienne,2019/2020,2019,Autres cultures,Niébé,11916.0,6378.30697250232,535.2724884610875,0.693342105263158,0.485,28.684535519125685,523.88,42.700437158469946
Batha_2019_Patate_douce,Batha,Sahélienne,2019/2020,2019,Autres cultures,Patate douce,216.2,916.07047875,4237.14375,0.693342105263158,0.485,28.684535519125685,523.88,42.700437158469946
Batha_2019_Pois_de_terre,Batha,Sahélienne,2019/2020,2019,Autres cultures,Pois de terre,0.0,0.0,,0.693342105263158,0.485,28.684535519125685,523.88,42.700437158469946
Batha_2019_Sésame,Batha,Sahélienne,2019/2020,2019,Autres cultures,Sésame,7564.0,3092.5414,408.85,0.693342105263158,0.485,28.684535519125685,523.88,42.700437158469946
Batha_2019_Taro,Batha,Sahélienne,2019/2020,2019,Autres cultures,Taro,0.0,0.0,,0.693342105263158,0.485,28.684535519125685,523.88,42.700437158469946
Batha_2019_Berbéré,Batha,Sahélienne,2019/2020,2019,Céréales,Berbéré,107318.0914775418,66176.62792871137,616.64,0.693342105263158,0.485,28.684535519125685,523.88,42.700437158469946
Batha_2019_Blé,Batha,Sahélienne,2019/2020,2019,Céréales,Blé,0.0,0.0,,0.693342105263158,0.485,28.684535519125685,523.88,42.700437158469946
Batha_2019_Maïs,Batha,Sahélienne,2019/2020,2019,Céréales,Maïs,95.0,55.575,585.0000000000001,0.693342105263158,0.485,28.684535519125685,523.88,42.700437158469946
Batha_2019_Mil,Batha,Sahélienne,2019/2020,2019,Céréales,Mil,146455.0,63707.925,435.0,0.693342105263158,0.485,28.684535519125685,523.88,42.700437158469946
Batha_2019_Riz,Batha,Sahélienne,2019/2020,2019,Céréales,Riz,112.0,109.76,980.0,0.693342105263158,0.485,28.684535519125685,523.88,42.700437158469946
Batha_2019_Sorgho,Batha,Sahélienne,2019/2020,2019,Céréales,Sorgho,50225.4848590178,34912.53960529168,695.116029308441,0.693342105263158,0.485,28.684535519125685,523.88,42.700437158469946
Chari-Baguirmi_2019_Arachide,Chari-Baguirmi,Sahélienne,2019/2020,2019,Autres cultures,Arachide,62792.0,71698.10030379212,1141.834951965093,0.7306176470588236,0.405,28.684535519125685,523.88,42.700437158469946
Chari-Baguirmi_2019_Manioc,Chari-Baguirmi,Sahélienne,2019/2020,2019,Autres cultures,Manioc,1489.0,3775.831508630035,2535.816997065168,0.7306176470588236,0.405,28.684535519125685,523.88,42.700437158469946
Chari-Baguirmi_2019_Niébé,Chari-Baguirmi,Sahélienne,2019/2020,2019,Autres cultures,Niébé,31869.0,33706.40458200491,1057.6549180082495,0.7306176470588236,0.405,28.684535519125685,523.88,42.700437158469946
Chari-Baguirmi_2019_Patate_douce,Chari-Baguirmi,Sahélienne,2019/2020,2019,Autres cultures,Patate douce,969.0,4547.789583485155,4693.281303906249,0.7306176470588236,0.405,28.684535519125685,523.88,42.700437158469946
Chari-Baguirmi_2019_Pois_de_terre,Chari-Baguirmi,Sahélienne,2019/2020,2019,Autres cultures,Pois de terre,1381.3,1256.983,910.0,0.7306176470588236,0.405,28.684535519125685,523.88,42.700437158469946
Chari-Baguirmi_2019_Sésame,Chari-Baguirmi,Sahélienne,2019/2020,2019,Autres cultures,Sésame,35677.0,21456.1478,601.4000000000001,0.7306176470588236,0.405,28.684535519125685,523.88,42.700437158469946
Chari-Baguirmi_2019_Taro,Chari-Baguirmi,Sahélienne,2019/2020,2019,Autres cultures,Taro,0.0,0.0,,0.7306176470588236,0.405,28.684535519125685,523.88,42.700437158469946
Chari-Baguirmi_2019_Berbéré,Chari-Baguirmi,Sahélienne,2019/2020,2019,Céréales,Berbéré,18526.8242507435,20649.468972042923,1114.5714285714262,0.7306176470588236,0.405,28.684535519125685,523.88,42.700437158469946
Chari-Baguirmi_2019_Blé,Chari-Baguirmi,Sahélienne,2019/2020,2019,Céréales,Blé,0.0,0.0,,0.7306176470588236,0.405,28.684535519125685,523.88,42.700437158469946
Chari-Baguirmi_2019_Maïs,Chari-Baguirmi,Sahélienne,2019/2020,2019,Céréales,Maïs,38946.0,36025.05,925.0,0.7306176470588236,0.405,28.684535519125685,523.88,42.700437158469946
Chari-Baguirmi_2019_Mil,Chari-Baguirmi,Sahélienne,2019/2020,2019,Céréales,Mil,155635.0,117193.155,753.0,0.7306176470588236,0.405,28.684535519125685,523.88,42.700437158469946
Chari-Baguirmi_2019_Riz,Chari-Baguirmi,Sahélienne,2019/2020,2019,Céréales,Riz,9993.986467089602,12985.936165674551,1299.3750000000002,0.7306176470588236,0.405,28.684535519125685,523.88,42.700437158469946
Chari-Baguirmi_2019_Sorgho,Chari-Baguirmi,Sahélienne,2019/2020,2019,Céréales,Sorgho,165534.11764705885,147739.2,892.5000000000001,0.7306176470588236,0.405,28.684535519125685,523.88,42.700437158469946
Guéra_2019_Arachide,Guéra,Sahélienne,2019/2020,2019,Autres cultures,Arachide,34456.45,31302.573394317053,908.4677439004034,0.7271052631578947,0.237,28.684535519125685,523.88,42.700437158469946
Guéra_2019_Manioc,Guéra,Sahélienne,2019/2020,2019,Autres cultures,Manioc,534.85,635.1279777390594,1187.488039149405,0.7271052631578947,0.237,28.684535519125685,523.88,42.700437158469946
Guéra_2019_Niébé,Guéra,Sahélienne,2019/2020,2019,Autres cultures,Niébé,6921.7,4322.146267377022,624.434209425,0.7271052631578947,0.237,28.684535519125685,523.88,42.700437158469946
Guéra_2019_Patate_douce,Guéra,Sahélienne,2019/2020,2019,Autres cultures,Patate douce,1802.15,9181.760913940068,5094.892719218749,0.7271052631578947,0.237,28.684535519125685,523.88,42.700437158469946
Guéra_2019_Pois_de_terre,Guéra,Sahélienne,2019/2020,2019,Autres cultures,Pois de terre,3171.1,4848.092984912132,1528.8363611718748,0.7271052631578947,0.237,28.684535519125685,523.88,42.700437158469946
Guéra_2019_Sésame,Guéra,Sahélienne,2019/2020,2019,Autres cultures,Sésame,17645.0,9351.85,530.0,0.7271052631578947,0.237,28.684535519125685,523.88,42.700437158469946
Guéra_2019_Taro,Guéra,Sahélienne,2019/2020,2019,Autres cultures,Taro,0.0,0.0,,0.7271052631578947,0.237,28.684535519125685,523.88,42.700437158469946
Guéra_2019_Berbéré,Guéra,Sahélienne,2019/2020,2019,Céréales,Berbéré,32486.2225586677,25386.033756245288,781.44,0.7271052631578947,0.237,28.684535519125685,523.88,42.700437158469946
Guéra_2019_Blé,Guéra,Sahélienne,2019/2020,2019,Céréales,Blé,0.0,0.0,,0.7271052631578947,0.237,28.684535519125685,523.88,42.700437158469946
Guéra_2019_Maïs,Guéra,Sahélienne,2019/2020,2019,Céréales,Maïs,2781.441717791409,1722.824999999999,619.4000000000001,0.7271052631578947,0.237,28.684535519125685,523.88,42.700437158469946
Guéra_2019_Mil,Guéra,Sahélienne,2019/2020,2019,Céréales,Mil,67963.0,33030.018,486.0,0.7271052631578947,0.237,28.684535519125685,523.88,42.700437158469946
Guéra_2019_Riz,Guéra,Sahélienne,2019/2020,2019,Céréales,Riz,317.915437561455,301.5580769230766,948.5480769230768,0.7271052631578947,0.237,28.684535519125685,523.88,42.700437158469946
Guéra_2019_Sorgho,Guéra,Sahélienne,2019/2020,2019,Céréales,Sorgho,106058.498744351,93543.59589251758,882.0,0.7271052631578947,0.237,28.684535519125685,523.88,42.700437158469946
Hadjer-Lamis_2019_Arachide,Hadjer-Lamis,Sahélienne,2019/2020,2019,Autres cultures,Arachide,53889.448,46209.80759380175,857.4926875072417,0.7297368421052631,0.643,28.684535519125685,523.88,42.700437158469946
Hadjer-Lamis_2019_Manioc,Hadjer-Lamis,Sahélienne,2019/2020,2019,Autres cultures,Manioc,985.0,741.392534730914,752.6827763765624,0.7297368421052631,0.643,28.684535519125685,523.88,42.700437158469946
Hadjer-Lamis_2019_Niébé,Hadjer-Lamis,Sahélienne,2019/2020,2019,Autres cultures,Niébé,27743.46,17420.40328656094,627.910263772469,0.7297368421052631,0.643,28.684535519125685,523.88,42.700437158469946
Hadjer-Lamis_2019_Patate_douce,Hadjer-Lamis,Sahélienne,2019/2020,2019,Autres cultures,Patate douce,305.1,2215.855490625,7262.718749999999,0.7297368421052631,0.643,28.684535519125685,523.88,42.700437158469946
Hadjer-Lamis_2019_Pois_de_terre,Hadjer-Lamis,Sahélienne,2019/2020,2019,Autres cultures,Pois de terre,0.0,0.0,,0.7297368421052631,0.643,28.684535519125685,523.88,42.700437158469946
Hadjer-Lamis_2019_Sésame,Hadjer-Lamis,Sahélienne,2019/2020,2019,Autres cultures,Sésame,18522.0,7475.849639999999,403.62,0.7297368421052631,0.643,28.684535519125685,523.88,42.700437158469946
Hadjer-Lamis_2019_Taro,Hadjer-Lamis,Sahélienne,2019/2020,2019,Autres cultures,Taro,0.0,0.0,,0.7297368421052631,0.643,28.684535519125685,523.88,42.700437158469946
Hadjer-Lamis_2019_Berbéré,Hadjer-Lamis,Sahélienne,2019/2020,2019,Céréales,Berbéré,5963.822181982795,4971.442170900858,833.6000000000001,0.7297368421052631,0.643,28.684535519125685,523.88,42.700437158469946
Hadjer-Lamis_2019_Blé,Hadjer-Lamis,Sahélienne,2019/2020,2019,Céréales,Blé,0.0,0.0,,0.7297368421052631,0.643,28.684535519125685,523.88,42.700437158469946
Hadjer-Lamis_2019_Maïs,Hadjer-Lamis,Sahélienne,2019/2020,2019,Céréales,Maïs,30954.94174025915,19501.613296363263,629.9999999999999,0.7297368421052631,0.643,28.684535519125685,523.88,42.700437158469946
Hadjer-Lamis_2019_Mil,Hadjer-Lamis,Sahélienne,2019/2020,2019,Céréales,Mil,80769.15028921903,27854.049168740075,344.86,0.7297368421052631,0.643,28.684535519125685,523.88,42.700437158469946
Hadjer-Lamis_2019_Riz,Hadjer-Lamis,Sahélienne,2019/2020,2019,Céréales,Riz,2992.32,6275.493503999999,2097.2,0.7297368421052631,0.643,28.684535519125685,523.88,42.700437158469946
Hadjer-Lamis_2019_Sorgho,Hadjer-Lamis,Sahélienne,2019/2020,2019,Céréales,Sorgho,75976.17824773415,40783.25272160121,536.79,0.7297368421052631,0.643,28.684535519125685,523.88,42.700437158469946
Kanem_2019_Arachide,Kanem,Sahélienne,2019/2020,2019,Autres cultures,Arachide,0.0,0.0,,0.7266363636363636,0.615,28.684535519125685,523.88,42.700437158469946
Kanem_2019_Manioc,Kanem,Sahélienne,2019/2020,2019,Autres cultures,Manioc,0.0,0.0,,0.7266363636363636,0.615,28.684535519125685,523.88,42.700437158469946
Kanem_2019_Niébé,Kanem,Sahélienne,2019/2020,2019,Autres cultures,Niébé,226.0,42.714,189.0,0.7266363636363636,0.615,28.684535519125685,523.88,42.700437158469946
Kanem_2019_Patate_douce,Kanem,Sahélienne,2019/2020,2019,Autres cultures,Patate douce,0.0,0.0,,0.7266363636363636,0.615,28.684535519125685,523.88,42.700437158469946
Kanem_2019_Pois_de_terre,Kanem,Sahélienne,2019/2020,2019,Autres cultures,Pois de terre,0.0,0.0,,0.7266363636363636,0.615,28.684535519125685,523.88,42.700437158469946
Kanem_2019_Sésame,Kanem,Sahélienne,2019/2020,2019,Autres cultures,Sésame,0.0,0.0,,0.7266363636363636,0.615,28.684535519125685,523.88,42.700437158469946
Kanem_2019_Taro,Kanem,Sahélienne,2019/2020,2019,Autres cultures,Taro,0.0,0.0,,0.7266363636363636,0.615,28.684535519125685,523.88,42.700437158469946
Kanem_2019_Berbéré,Kanem,Sahélienne,2019/2020,2019,Céréales,Berbéré,0.0,0.0,,0.7266363636363636,0.615,28.684535519125685,523.88,42.700437158469946
Kanem_2019_Blé,Kanem,Sahélienne,2019/2020,2019,Céréales,Blé,0.0,0.0,,0.7266363636363636,0.615,28.684535519125685,523.88,42.700437158469946
Kanem_2019_Maïs,Kanem,Sahélienne,2019/2020,2019,Céréales,Maïs,726.0,405.5436,558.6,0.7266363636363636,0.615,28.684535519125685,523.88,42.700437158469946
Kanem_2019_Mil,Kanem,Sahélienne,2019/2020,2019,Céréales,Mil,16352.666666666631,4536.556786666658,277.4200000000001,0.7266363636363636,0.615,28.684535519125685,523.88,42.700437158469946
Kanem_2019_Riz,Kanem,Sahélienne,2019/2020,2019,Céréales,Riz,0.0,0.0,,0.7266363636363636,0.615,28.684535519125685,523.88,42.700437158469946
Kanem_2019_Sorgho,Kanem,Sahélienne,2019/2020,2019,Céréales,Sorgho,0.0,0.0,,0.7266363636363636,0.615,28.684535519125685,523.88,42.700437158469946
Lac_2019_Arachide,Lac,Sahélienne,2019/2020,2019,Autres cultures,Arachide,533.0,713.9062455525,1339.4113425,0.6871111111111111,0.511,28.684535519125685,523.88,42.700437158469946
Lac_2019_Manioc,Lac,Sahélienne,2019/2020,2019,Autres cultures,Manioc,567.0,7980.2053680384,14074.4362752,0.6871111111111111,0.511,28.684535519125685,523.88,42.700437158469946
Lac_2019_Niébé,Lac,Sahélienne,2019/2020,2019,Autres cultures,Niébé,1994.0,2277.1447830133325,1141.9983866666664,0.6871111111111111,0.511,28.684535519125685,523.88,42.700437158469946
Lac_2019_Patate_douce,Lac,Sahélienne,2019/2020,2019,Autres cultures,Patate douce,2972.0,44469.44069005949,14962.7996938289,0.6871111111111111,0.511,28.684535519125685,523.88,42.700437158469946
Lac_2019_Pois_de_terre,Lac,Sahélienne,2019/2020,2019,Autres cultures,Pois de terre,0.0,0.0,,0.6871111111111111,0.511,28.684535519125685,523.88,42.700437158469946
Lac_2019_Sésame,Lac,Sahélienne,2019/2020,2019,Autres cultures,Sésame,0.0,0.0,,0.6871111111111111,0.511,28.684535519125685,523.88,42.700437158469946
Lac_2019_Taro,Lac,Sahélienne,2019/2020,2019,Autres cultures,Taro,0.0,0.0,,0.6871111111111111,0.511,28.684535519125685,523.88,42.700437158469946
Lac_2019_Berbéré,Lac,Sahélienne,2019/2020,2019,Céréales,Berbéré,372.78,552.5603238461526,1482.2692307692273,0.6871111111111111,0.511,28.684535519125685,523.88,42.700437158469946
Lac_2019_Blé,Lac,Sahélienne,2019/2020,2019,Céréales,Blé,862.0,1613.3000000000004,1871.577726218098,0.6871111111111111,0.511,28.684535519125685,523.88,42.700437158469946
Lac_2019_Maïs,Lac,Sahélienne,2019/2020,2019,Céréales,Maïs,40668.6531486776,96588.0512281093,2375.0,0.6871111111111111,0.511,28.684535519125685,523.88,42.700437158469946
Lac_2019_Mil,Lac,Sahélienne,2019/2020,2019,Céréales,Mil,69716.2554426705,44966.98476052248,645.0,0.6871111111111111,0.511,28.684535519125685,523.88,42.700437158469946
Lac_2019_Riz,Lac,Sahélienne,2019/2020,2019,Céréales,Riz,472.23,1731.4399999999987,3666.518433814029,0.6871111111111111,0.511,28.684535519125685,523.88,42.700437158469946
Lac_2019_Sorgho,Lac,Sahélienne,2019/2020,2019,Céréales,Sorgho,265.0,242.475,915.0,0.6871111111111111,0.511,28.684535519125685,523.88,42.700437158469946
Ouaddaï_2019_Arachide,Ouaddaï,Sahélienne,2019/2020,2019,Autres cultures,Arachide,168238.0,189106.690981949,1124.042671584,0.6979615384615385,0.621,28.684535519125685,523.88,42.700437158469946
Ouaddaï_2019_Manioc,Ouaddaï,Sahélienne,2019/2020,2019,Autres cultures,Manioc,1622.0,0.0,0.0,0.6979615384615385,0.621,28.684535519125685,523.88,42.700437158469946
Ouaddaï_2019_Niébé,Ouaddaï,Sahélienne,2019/2020,2019,Autres cultures,Niébé,12319.0,6286.33229955938,510.2956651968,0.6979615384615385,0.621,28.684535519125685,523.88,42.700437158469946
Ouaddaï_2019_Patate_douce,Ouaddaï,Sahélienne,2019/2020,2019,Autres cultures,Patate douce,1280.0,0.0,0.0,0.6979615384615385,0.621,28.684535519125685,523.88,42.700437158469946
Ouaddaï_2019_Pois_de_terre,Ouaddaï,Sahélienne,2019/2020,2019,Autres cultures,Pois de terre,1478.1999999999998,901.702,610.0,0.6979615384615385,0.621,28.684535519125685,523.88,42.700437158469946
Ouaddaï_2019_Sésame,Ouaddaï,Sahélienne,2019/2020,2019,Autres cultures,Sésame,66850.0,32500.898320295302,486.1764894584189,0.6979615384615385,0.621,28.684535519125685,523.88,42.700437158469946
Ouaddaï_2019_Taro,Ouaddaï,Sahélienne,2019/2020,2019,Autres cultures,Taro,0.0,0.0,,0.6979615384615385,0.621,28.684535519125685,523.88,42.700437158469946
Ouaddaï_2019_Berbéré,Ouaddaï,Sahélienne,2019/2020,2019,Céréales,Berbéré,655.5,511.39488000000006,780.1600000000001,0.6979615384615385,0.621,28.684535519125685,523.88,42.700437158469946
Ouaddaï_2019_Blé,Ouaddaï,Sahélienne,2019/2020,2019,Céréales,Blé,0.0,0.0,,0.6979615384615385,0.621,28.684535519125685,523.88,42.700437158469946
Ouaddaï_2019_Maïs,Ouaddaï,Sahélienne,2019/2020,2019,Céréales,Maïs,913.41,779.5406304,853.4399999999999,0.6979615384615385,0.621,28.684535519125685,523.88,42.700437158469946
Ouaddaï_2019_Mil,Ouaddaï,Sahélienne,2019/2020,2019,Céréales,Mil,202309.047971589,144037.94577090922,711.9698659801761,0.6979615384615385,0.621,28.684535519125685,523.88,42.700437158469946
Ouaddaï_2019_Riz,Ouaddaï,Sahélienne,2019/2020,2019,Céréales,Riz,0.0,0.0,,0.6979615384615385,0.621,28.684535519125685,523.88,42.700437158469946
Ouaddaï_2019_Sorgho,Ouaddaï,Sahélienne,2019/2020,2019,Céréales,Sorgho,116329.03981264636,92365.25761124122,794.0,0.6979615384615385,0.621,28.684535519125685,523.88,42.700437158469946
Salamat_2019_Arachide,Salamat,Sahélienne,2019/2020,2019,Autres cultures,Arachide,9480.6,9811.629876543262,1034.9165534399997,0.6599130434782609,0.533,28.684535519125685,523.88,42.700437158469946
Salamat_2019_Manioc,Salamat,Sahélienne,2019/2020,2019,Autres cultures,Manioc,1997.0,22766.8789295744,11400.5402752,0.6599130434782609,0.533,28.684535519125685,523.88,42.700437158469946
Salamat_2019_Niébé,Salamat,Sahélienne,2019/2020,2019,Autres cultures,Niébé,4575.0,3547.12743,775.3284,0.6599130434782609,0.533,28.684535519125685,523.88,42.700437158469946
Salamat_2019_Patate_douce,Salamat,Sahélienne,2019/2020,2019,Autres cultures,Patate douce,2853.0,29952.417856275,10498.569175,0.6599130434782609,0.533,28.684535519125685,523.88,42.700437158469946
Salamat_2019_Pois_de_terre,Salamat,Sahélienne,2019/2020,2019,Autres cultures,Pois de terre,488.0,501.260669952,1027.173504,0.6599130434782609,0.533,28.684535519125685,523.88,42.700437158469946
Salamat_2019_Sésame,Salamat,Sahélienne,2019/2020,2019,Autres cultures,Sésame,9134.0,5526.07,605.0,0.6599130434782609,0.533,28.684535519125685,523.88,42.700437158469946
Salamat_2019_Taro,Salamat,Sahélienne,2019/2020,2019,Autres cultures,Taro,0.0,0.0,,0.6599130434782609,0.533,28.684535519125685,523.88,42.700437158469946
Salamat_2019_Berbéré,Salamat,Sahélienne,2019/2020,2019,Céréales,Berbéré,211051.67021276584,317632.7636702126,1505.0000000000002,0.6599130434782609,0.533,28.684535519125685,523.88,42.700437158469946
Salamat_2019_Blé,Salamat,Sahélienne,2019/2020,2019,Céréales,Blé,0.0,0.0,,0.6599130434782609,0.533,28.684535519125685,523.88,42.700437158469946
Salamat_2019_Maïs,Salamat,Sahélienne,2019/2020,2019,Céréales,Maïs,31236.7073241504,42399.049063862105,1357.34693877551,0.6599130434782609,0.533,28.684535519125685,523.88,42.700437158469946
Salamat_2019_Mil,Salamat,Sahélienne,2019/2020,2019,Céréales,Mil,7252.83524352941,5693.475666170587,785.0,0.6599130434782609,0.533,28.684535519125685,523.88,42.700437158469946
Salamat_2019_Riz,Salamat,Sahélienne,2019/2020,2019,Céréales,Riz,6137.57470076637,20705.76225689685,3373.6065573770406,0.6599130434782609,0.533,28.684535519125685,523.88,42.700437158469946
Salamat_2019_Sorgho,Salamat,Sahélienne,2019/2020,2019,Céréales,Sorgho,22245.900550458664,27473.68717981645,1235.0,0.6599130434782609,0.533,28.684535519125685,523.88,42.700437158469946
Sila_2019_Arachide,Sila,Sahélienne,2019/2020,2019,Autres cultures,Arachide,71066.3,74781.04074760339,1052.2714809635984,0.6978947368421052,0.6,28.684535519125685,523.88,42.700437158469946
Sila_2019_Manioc,Sila,Sahélienne,2019/2020,2019,Autres cultures,Manioc,0.0,0.0,,0.6978947368421052,0.6,28.684535519125685,523.88,42.700437158469946
Sila_2019_Niébé,Sila,Sahélienne,2019/2020,2019,Autres cultures,Niébé,22803.16,13660.054213557069,599.0421596637076,0.6978947368421052,0.6,28.684535519125685,523.88,42.700437158469946
Sila_2019_Patate_douce,Sila,Sahélienne,2019/2020,2019,Autres cultures,Patate douce,92.0,476.67385,5181.2375,0.6978947368421052,0.6,28.684535519125685,523.88,42.700437158469946
Sila_2019_Pois_de_terre,Sila,Sahélienne,2019/2020,2019,Autres cultures,Pois de terre,0.0,0.0,,0.6978947368421052,0.6,28.684535519125685,523.88,42.700437158469946
Sila_2019_Sésame,Sila,Sahélienne,2019/2020,2019,Autres cultures,Sésame,54890.0,39215.80466059949,714.4435172271724,0.6978947368421052,0.6,28.684535519125685,523.88,42.700437158469946
Sila_2019_Taro,Sila,Sahélienne,2019/2020,2019,Autres cultures,Taro,0.0,0.0,,0.6978947368421052,0.6,28.684535519125685,523.88,42.700437158469946
Sila_2019_Berbéré,Sila,Sahélienne,2019/2020,2019,Céréales,Berbéré,13093.72742200328,15150.751999999997,1157.1,0.6978947368421052,0.6,28.684535519125685,523.88,42.700437158469946
Sila_2019_Blé,Sila,Sahélienne,2019/2020,2019,Céréales,Blé,0.0,0.0,,0.6978947368421052,0.6,28.684535519125685,523.88,42.700437158469946
Sila_2019_Maïs,Sila,Sahélienne,2019/2020,2019,Céréales,Maïs,58874.59565475468,73387.18348365171,1246.5,0.6978947368421052,0.6,28.684535519125685,523.88,42.700437158469946
Sila_2019_Mil,Sila,Sahélienne,2019/2020,2019,Céréales,Mil,103571.0,84099.652,812.0,0.6978947368421052,0.6,28.684535519125685,523.88,42.700437158469946
Sila_2019_Riz,Sila,Sahélienne,2019/2020,2019,Céréales,Riz,267.5,321.0,1200.0,0.6978947368421052,0.6,28.684535519125685,523.88,42.700437158469946
Sila_2019_Sorgho,Sila,Sahélienne,2019/2020,2019,Céréales,Sorgho,142750.0,142321.75,997.0,0.6978947368421052,0.6,28.684535519125685,523.88,42.700437158469946
Wadi_Fira_2019_Arachide,Wadi Fira,Sahélienne,2019/2020,2019,Autres cultures,Arachide,25048.75,31545.06109460378,1259.346717684666,0.6869,0.616,28.684535519125685,523.88,42.700437158469946
Wadi_Fira_2019_Manioc,Wadi Fira,Sahélienne,2019/2020,2019,Autres cultures,Manioc,0.0,0.0,,0.6869,0.616,28.684535519125685,523.88,42.700437158469946
Wadi_Fira_2019_Niébé,Wadi Fira,Sahélienne,2019/2020,2019,Autres cultures,Niébé,5185.484,2534.580292213274,488.7837455892784,0.6869,0.616,28.684535519125685,523.88,42.700437158469946
Wadi_Fira_2019_Patate_douce,Wadi Fira,Sahélienne,2019/2020,2019,Autres cultures,Patate douce,0.0,,,0.6869,0.616,28.684535519125685,523.88,42.700437158469946
Wadi_Fira_2019_Pois_de_terre,Wadi Fira,Sahélienne,2019/2020,2019,Autres cultures,Pois de terre,0.0,0.0,,0.6869,0.616,28.684535519125685,523.88,42.700437158469946
Wadi_Fira_2019_Sésame,Wadi Fira,Sahélienne,2019/2020,2019,Autres cultures,Sésame,4655.0,1760.75375,378.25000000000006,0.6869,0.616,28.684535519125685,523.88,42.700437158469946
Wadi_Fira_2019_Taro,Wadi Fira,Sahélienne,2019/2020,2019,Autres cultures,Taro,0.0,0.0,,0.6869,0.616,28.684535519125685,523.88,42.700437158469946
Wadi_Fira_2019_Berbéré,Wadi Fira,Sahélienne,2019/2020,2019,Céréales,Berbéré,0.0,0.0,,0.6869,0.616,28.684535519125685,523.88,42.700437158469946
Wadi_Fira_2019_Blé,Wadi Fira,Sahélienne,2019/2020,2019,Céréales,Blé,0.0,0.0,,0.6869,0.616,28.684535519125685,523.88,42.700437158469946
Wadi_Fira_2019_Maïs,Wadi Fira,Sahélienne,2019/2020,2019,Céréales,Maïs,0.0,0.0,,0.6869,0.616,28.684535519125685,523.88,42.700437158469946
Wadi_Fira_2019_Mil,Wadi Fira,Sahélienne,2019/2020,2019,Céréales,Mil,115421.701405367,60480.971536412304,524.0,0.6869,0.616,28.684535519125685,523.88,42.700437158469946
Wadi_Fira_2019_Riz,Wadi Fira,Sahélienne,2019/2020,2019,Céréales,Riz,0.0,0.0,,0.6869,0.616,28.684535519125685,523.88,42.700437158469946
Wadi_Fira_2019_Sorgho,Wadi Fira,Sahélienne,2019/2020,2019,Céréales,Sorgho,29146.0,25211.29,865.0,0.6869,0.616,28.684535519125685,523.88,42.700437158469946
Logone_Occidental_2019_Arachide,Logone Occidental,Soudanienne,2019/2020,2019,Autres cultures,Arachide,72515.0,85079.33764140496,1173.2653608412736,0.457,0.372,28.684535519125685,523.88,42.700437158469946
Logone_Occidental_2019_Manioc,Logone Occidental,Soudanienne,2019/2020,2019,Autres cultures,Manioc,5897.97,76517.65881620489,12973.558498297698,0.457,0.372,28.684535519125685,523.88,42.700437158469946
Logone_Occidental_2019_Niébé,Logone Occidental,Soudanienne,2019/2020,2019,Autres cultures,Niébé,11368.5,6430.57159360619,565.6482028065435,0.457,0.372,28.684535519125685,523.88,42.700437158469946
Logone_Occidental_2019_Patate_douce,Logone Occidental,Soudanienne,2019/2020,2019,Autres cultures,Patate douce,8052.674999999999,44183.02783058144,5486.751648437499,0.457,0.372,28.684535519125685,523.88,42.700437158469946
Logone_Occidental_2019_Pois_de_terre,Logone Occidental,Soudanienne,2019/2020,2019,Autres cultures,Pois de terre,1326.0,1190.3861005218,897.7270743,0.457,0.372,28.684535519125685,523.88,42.700437158469946
Logone_Occidental_2019_Sésame,Logone Occidental,Soudanienne,2019/2020,2019,Autres cultures,Sésame,49808.129,28605.21754690948,574.308212759999,0.457,0.372,28.684535519125685,523.88,42.700437158469946
Logone_Occidental_2019_Taro,Logone Occidental,Soudanienne,2019/2020,2019,Autres cultures,Taro,124.0,220.224,1776.0,0.457,0.372,28.684535519125685,523.88,42.700437158469946
Logone_Occidental_2019_Berbéré,Logone Occidental,Soudanienne,2019/2020,2019,Céréales,Berbéré,0.0,0.0,,0.457,0.372,28.684535519125685,523.88,42.700437158469946
Logone_Occidental_2019_Blé,Logone Occidental,Soudanienne,2019/2020,2019,Céréales,Blé,0.0,0.0,,0.457,0.372,28.684535519125685,523.88,42.700437158469946
Logone_Occidental_2019_Maïs,Logone Occidental,Soudanienne,2019/2020,2019,Céréales,Maïs,14724.4317952726,15092.542590154417,1025.0,0.457,0.372,28.684535519125685,523.88,42.700437158469946
Logone_Occidental_2019_Mil,Logone Occidental,Soudanienne,2019/2020,2019,Céréales,Mil,24119.587628866,15074.74226804125,625.0,0.457,0.372,28.684535519125685,523.88,42.700437158469946
Logone_Occidental_2019_Riz,Logone Occidental,Soudanienne,2019/2020,2019,Céréales,Riz,16349.7041139253,21237.93864990669,1298.98,0.457,0.372,28.684535519125685,523.88,42.700437158469946
Logone_Occidental_2019_Sorgho,Logone Occidental,Soudanienne,2019/2020,2019,Céréales,Sorgho,60189.0159126003,52434.26310242088,871.16,0.457,0.372,28.684535519125685,523.88,42.700437158469946
Logone_Oriental_2019_Arachide,Logone Oriental,Soudanienne,2019/2020,2019,Autres cultures,Arachide,54130.480046,80121.49390188661,1480.15487455126,0.5316458333333333,0.369,28.684535519125685,523.88,42.700437158469946
Logone_Oriental_2019_Manioc,Logone Oriental,Soudanienne,2019/2020,2019,Autres cultures,Manioc,4113.4912,33798.87568907128,8216.591222820965,0.5316458333333333,0.369,28.684535519125685,523.88,42.700437158469946
Logone_Oriental_2019_Niébé,Logone Oriental,Soudanienne,2019/2020,2019,Autres cultures,Niébé,13930.501,8506.348364040612,610.6275979622421,0.5316458333333333,0.369,28.684535519125685,523.88,42.700437158469946
Logone_Oriental_2019_Patate_douce,Logone Oriental,Soudanienne,2019/2020,2019,Autres cultures,Patate douce,6196.4934375,28944.00517408848,4671.029747070312,0.5316458333333333,0.369,28.684535519125685,523.88,42.700437158469946
Logone_Oriental_2019_Pois_de_terre,Logone Oriental,Soudanienne,2019/2020,2019,Autres cultures,Pois de terre,5627.0,6726.02236133625,1195.3123087499998,0.5316458333333333,0.369,28.684535519125685,523.88,42.700437158469946
Logone_Oriental_2019_Sésame,Logone Oriental,Soudanienne,2019/2020,2019,Autres cultures,Sésame,37457.64,22759.92251577828,607.6176319644878,0.5316458333333333,0.369,28.684535519125685,523.88,42.700437158469946
Logone_Oriental_2019_Taro,Logone Oriental,Soudanienne,2019/2020,2019,Autres cultures,Taro,2596.0,3788.4528840898433,1459.3424052734374,0.5316458333333333,0.369,28.684535519125685,523.88,42.700437158469946
Logone_Oriental_2019_Berbéré,Logone Oriental,Soudanienne,2019/2020,2019,Céréales,Berbéré,0.0,0.0,,0.5316458333333333,0.369,28.684535519125685,523.88,42.700437158469946
Logone_Oriental_2019_Blé,Logone Oriental,Soudanienne,2019/2020,2019,Céréales,Blé,0.0,0.0,,0.5316458333333333,0.369,28.684535519125685,523.88,42.700437158469946
Logone_Oriental_2019_Maïs,Logone Oriental,Soudanienne,2019/2020,2019,Céréales,Maïs,20945.347698335,23689.188246816884,1131.0,0.5316458333333333,0.369,28.684535519125685,523.88,42.700437158469946
Logone_Oriental_2019_Mil,Logone Oriental,Soudanienne,2019/2020,2019,Céréales,Mil,26021.2598425197,19828.20000000001,762.0,0.5316458333333333,0.369,28.684535519125685,523.88,42.700437158469946
Logone_Oriental_2019_Riz,Logone Oriental,Soudanienne,2019/2020,2019,Céréales,Riz,25083.5486183945,27667.15412608913,1103.0,0.5316458333333333,0.369,28.684535519125685,523.88,42.700437158469946
Logone_Oriental_2019_Sorgho,Logone Oriental,Soudanienne,2019/2020,2019,Céréales,Sorgho,63558.9563307624,67989.24271543958,1069.7035735077502,0.5316458333333333,0.369,28.684535519125685,523.88,42.700437158469946
Mandoul_2019_Arachide,Mandoul,Soudanienne,2019/2020,2019,Autres cultures,Arachide,53911.0,70041.24939088871,1299.2014503698451,0.5188928571428572,0.123,28.684535519125685,523.88,42.700437158469946
Mandoul_2019_Manioc,Mandoul,Soudanienne,2019/2020,2019,Autres cultures,Manioc,6164.5,54632.23271960748,8862.394795945735,0.5188928571428572,0.123,28.684535519125685,523.88,42.700437158469946
Mandoul_2019_Niébé,Mandoul,Soudanienne,2019/2020,2019,Autres cultures,Niébé,23036.0,15167.543751897563,658.4278412874443,0.5188928571428572,0.123,28.684535519125685,523.88,42.700437158469946
Mandoul_2019_Patate_douce,Mandoul,Soudanienne,2019/2020,2019,Autres cultures,Patate douce,1585.75,10235.813174890623,6454.871937499999,0.5188928571428572,0.123,28.684535519125685,523.88,42.700437158469946
Mandoul_2019_Pois_de_terre,Mandoul,Soudanienne,2019/2020,2019,Autres cultures,Pois de terre,5863.650000000001,8814.259962859795,1503.2036296265626,0.5188928571428572,0.123,28.684535519125685,523.88,42.700437158469946
Mandoul_2019_Sésame,Mandoul,Soudanienne,2019/2020,2019,Autres cultures,Sésame,23943.0,13812.846656481011,576.9054277442682,0.5188928571428572,0.123,28.684535519125685,523.88,42.700437158469946
Mandoul_2019_Taro,Mandoul,Soudanienne,2019/2020,2019,Autres cultures,Taro,2596.825,7289.621053143515,2807.1283406250004,0.5188928571428572,0.123,28.684535519125685,523.88,42.700437158469946
Mandoul_2019_Berbéré,Mandoul,Soudanienne,2019/2020,2019,Céréales,Berbéré,0.0,0.0,,0.5188928571428572,0.123,28.684535519125685,523.88,42.700437158469946
Mandoul_2019_Blé,Mandoul,Soudanienne,2019/2020,2019,Céréales,Blé,0.0,0.0,,0.5188928571428572,0.123,28.684535519125685,523.88,42.700437158469946
Mandoul_2019_Maïs,Mandoul,Soudanienne,2019/2020,2019,Céréales,Maïs,11547.8010666705,14480.942537604808,1254.0,0.5188928571428572,0.123,28.684535519125685,523.88,42.700437158469946
Mandoul_2019_Mil,Mandoul,Soudanienne,2019/2020,2019,Céréales,Mil,47489.0,28968.29,610.0,0.5188928571428572,0.123,28.684535519125685,523.88,42.700437158469946
Mandoul_2019_Riz,Mandoul,Soudanienne,2019/2020,2019,Céréales,Riz,16873.5884609427,19919.20434461485,1180.4960391633251,0.5188928571428572,0.123,28.684535519125685,523.88,42.700437158469946
Mandoul_2019_Sorgho,Mandoul,Soudanienne,2019/2020,2019,Céréales,Sorgho,67932.421332126,54006.27495904017,795.0,0.5188928571428572,0.123,28.684535519125685,523.88,42.700437158469946
Mayo-Kebbi_Est_2019_Arachide,Mayo-Kebbi Est,Soudanienne,2019/2020,2019,Autres cultures,Arachide,32121.0,33035.00754387664,1028.4551397489693,0.5988409090909091,0.286,28.684535519125685,523.88,42.700437158469946
Mayo-Kebbi_Est_2019_Manioc,Mayo-Kebbi Est,Soudanienne,2019/2020,2019,Autres cultures,Manioc,3405.0,34596.83620789089,10160.5980052543,0.5988409090909091,0.286,28.684535519125685,523.88,42.700437158469946
Mayo-Kebbi_Est_2019_Niébé,Mayo-Kebbi Est,Soudanienne,2019/2020,2019,Autres cultures,Niébé,20246.0,11634.919729929105,574.6774538145364,0.5988409090909091,0.286,28.684535519125685,523.88,42.700437158469946
Mayo-Kebbi_Est_2019_Patate_douce,Mayo-Kebbi Est,Soudanienne,2019/2020,2019,Autres cultures,Patate douce,906.2,4898.994049535831,5406.084804166663,0.5988409090909091,0.286,28.684535519125685,523.88,42.700437158469946
Mayo-Kebbi_Est_2019_Pois_de_terre,Mayo-Kebbi Est,Soudanienne,2019/2020,2019,Autres cultures,Pois de terre,4869.7,3230.092303594971,663.3041673193361,0.5988409090909091,0.286,28.684535519125685,523.88,42.700437158469946
Mayo-Kebbi_Est_2019_Sésame,Mayo-Kebbi Est,Soudanienne,2019/2020,2019,Autres cultures,Sésame,19553.0,9539.9087,487.9,0.5988409090909091,0.286,28.684535519125685,523.88,42.700437158469946
Mayo-Kebbi_Est_2019_Taro,Mayo-Kebbi Est,Soudanienne,2019/2020,2019,Autres cultures,Taro,1844.0,6124.945622099995,3321.554024999997,0.5988409090909091,0.286,28.684535519125685,523.88,42.700437158469946
Mayo-Kebbi_Est_2019_Berbéré,Mayo-Kebbi Est,Soudanienne,2019/2020,2019,Céréales,Berbéré,67099.85386221299,55282.22760000004,823.8800000000001,0.5988409090909091,0.286,28.684535519125685,523.88,42.700437158469946
Mayo-Kebbi_Est_2019_Blé,Mayo-Kebbi Est,Soudanienne,2019/2020,2019,Céréales,Blé,0.0,0.0,,0.5988409090909091,0.286,28.684535519125685,523.88,42.700437158469946
Mayo-Kebbi_Est_2019_Maïs,Mayo-Kebbi Est,Soudanienne,2019/2020,2019,Céréales,Maïs,12869.2383691884,17731.880086986235,1377.85,0.5988409090909091,0.286,28.684535519125685,523.88,42.700437158469946
Mayo-Kebbi_Est_2019_Mil,Mayo-Kebbi Est,Soudanienne,2019/2020,2019,Céréales,Mil,27389.22961906367,17957.7483997391,655.6500000000002,0.5988409090909091,0.286,28.684535519125685,523.88,42.700437158469946
Mayo-Kebbi_Est_2019_Riz,Mayo-Kebbi Est,Soudanienne,2019/2020,2019,Céréales,Riz,42121.1993264588,76685.56502230141,1820.5931039131333,0.5988409090909091,0.286,28.684535519125685,523.88,42.700437158469946
Mayo-Kebbi_Est_2019_Sorgho,Mayo-Kebbi Est,Soudanienne,2019/2020,2019,Céréales,Sorgho,69725.9884065134,62364.98838534241,894.429606673265,0.5988409090909091,0.286,28.684535519125685,523.88,42.700437158469946
Mayo-Kebbi_Ouest_2019_Arachide,Mayo-Kebbi Ouest,Soudanienne,2019/2020,2019,Autres cultures,Arachide,41683.0,39509.44286576417,947.8550695910604,0.4790714285714285,0.188,28.684535519125685,523.88,42.700437158469946
Mayo-Kebbi_Ouest_2019_Manioc,Mayo-Kebbi Ouest,Soudanienne,2019/2020,2019,Autres cultures,Manioc,2857.0,14004.176404160658,4901.706826797571,0.4790714285714285,0.188,28.684535519125685,523.88,42.700437158469946
Mayo-Kebbi_Ouest_2019_Niébé,Mayo-Kebbi Ouest,Soudanienne,2019/2020,2019,Autres cultures,Niébé,8642.0,5217.397132172776,603.7256575066855,0.4790714285714285,0.188,28.684535519125685,523.88,42.700437158469946
Mayo-Kebbi_Ouest_2019_Patate_douce,Mayo-Kebbi Ouest,Soudanienne,2019/2020,2019,Autres cultures,Patate douce,797.0,2755.2733929,3457.0557,0.4790714285714285,0.188,28.684535519125685,523.88,42.700437158469946
Mayo-Kebbi_Ouest_2019_Pois_de_terre,Mayo-Kebbi Ouest,Soudanienne,2019/2020,2019,Autres cultures,Pois de terre,2580.0,2279.310737484375,883.4537742187499,0.4790714285714285,0.188,28.684535519125685,523.88,42.700437158469946
Mayo-Kebbi_Ouest_2019_Sésame,Mayo-Kebbi Ouest,Soudanienne,2019/2020,2019,Autres cultures,Sésame,16554.0,8874.958511396993,536.1216933307353,0.4790714285714285,0.188,28.684535519125685,523.88,42.700437158469946
Mayo-Kebbi_Ouest_2019_Taro,Mayo-Kebbi Ouest,Soudanienne,2019/2020,2019,Autres cultures,Taro,986.0,1813.259916,1839.006,0.4790714285714285,0.188,28.684535519125685,523.88,42.700437158469946
Mayo-Kebbi_Ouest_2019_Berbéré,Mayo-Kebbi Ouest,Soudanienne,2019/2020,2019,Céréales,Berbéré,10581.9883994205,10214.793401960607,965.3,0.4790714285714285,0.188,28.684535519125685,523.88,42.700437158469946
Mayo-Kebbi_Ouest_2019_Blé,Mayo-Kebbi Ouest,Soudanienne,2019/2020,2019,Céréales,Blé,0.0,0.0,,0.4790714285714285,0.188,28.684535519125685,523.88,42.700437158469946
Mayo-Kebbi_Ouest_2019_Maïs,Mayo-Kebbi Ouest,Soudanienne,2019/2020,2019,Céréales,Maïs,41094.5790285738,52794.1321280794,1284.69821022794,0.4790714285714285,0.188,28.684535519125685,523.88,42.700437158469946
Mayo-Kebbi_Ouest_2019_Mil,Mayo-Kebbi Ouest,Soudanienne,2019/2020,2019,Céréales,Mil,7104.47381066795,4555.42044817927,641.2044817927167,0.4790714285714285,0.188,28.684535519125685,523.88,42.700437158469946
Mayo-Kebbi_Ouest_2019_Riz,Mayo-Kebbi Ouest,Soudanienne,2019/2020,2019,Céréales,Riz,6546.61354581673,9525.322709163342,1454.9999999999998,0.4790714285714285,0.188,28.684535519125685,523.88,42.700437158469946
Mayo-Kebbi_Ouest_2019_Sorgho,Mayo-Kebbi Ouest,Soudanienne,2019/2020,2019,Céréales,Sorgho,58177.88142733765,51590.98169213448,886.7799999999999,0.4790714285714285,0.188,28.684535519125685,523.88,42.700437158469946
Moyen-Chari_2019_Arachide,Moyen-Chari,Soudanienne,2019/2020,2019,Autres cultures,Arachide,36279.0,48637.8235382109,1340.660534695303,0.6439999999999999,0.296,28.684535519125685,523.88,42.700437158469946
Moyen-Chari_2019_Manioc,Moyen-Chari,Soudanienne,2019/2020,2019,Autres cultures,Manioc,3540.0,21877.2513957447,6180.014518571949,0.6439999999999999,0.296,28.684535519125685,523.88,42.700437158469946
Moyen-Chari_2019_Niébé,Moyen-Chari,Soudanienne,2019/2020,2019,Autres cultures,Niébé,13264.0,9563.969983459634,721.0471941691522,0.6439999999999999,0.296,28.684535519125685,523.88,42.700437158469946
Moyen-Chari_2019_Patate_douce,Moyen-Chari,Soudanienne,2019/2020,2019,Autres cultures,Patate douce,1985.0,11619.125596476562,5853.4637765625,0.6439999999999999,0.296,28.684535519125685,523.88,42.700437158469946
Moyen-Chari_2019_Pois_de_terre,Moyen-Chari,Soudanienne,2019/2020,2019,Autres cultures,Pois de terre,3659.0,3799.3711857952753,1038.3632647705044,0.6439999999999999,0.296,28.684535519125685,523.88,42.700437158469946
Moyen-Chari_2019_Sésame,Moyen-Chari,Soudanienne,2019/2020,2019,Autres cultures,Sésame,12579.0,6497.311923342798,516.5205440291596,0.6439999999999999,0.296,28.684535519125685,523.88,42.700437158469946
Moyen-Chari_2019_Taro,Moyen-Chari,Soudanienne,2019/2020,2019,Autres cultures,Taro,1225.0,2319.10875,1893.15,0.6439999999999999,0.296,28.684535519125685,523.88,42.700437158469946
Moyen-Chari_2019_Berbéré,Moyen-Chari,Soudanienne,2019/2020,2019,Céréales,Berbéré,4017.0,5768.412,1436.0000000000002,0.6439999999999999,0.296,28.684535519125685,523.88,42.700437158469946
Moyen-Chari_2019_Blé,Moyen-Chari,Soudanienne,2019/2020,2019,Céréales,Blé,0.0,0.0,,0.6439999999999999,0.296,28.684535519125685,523.88,42.700437158469946
Moyen-Chari_2019_Maïs,Moyen-Chari,Soudanienne,2019/2020,2019,Céréales,Maïs,12659.13729388059,12470.9729441129,985.13608428446,0.6439999999999999,0.296,28.684535519125685,523.88,42.700437158469946
Moyen-Chari_2019_Mil,Moyen-Chari,Soudanienne,2019/2020,2019,Céréales,Mil,19589.2617449664,14010.239999999969,715.1999999999999,0.6439999999999999,0.296,28.684535519125685,523.88,42.700437158469946
Moyen-Chari_2019_Riz,Moyen-Chari,Soudanienne,2019/2020,2019,Céréales,Riz,5024.464609800361,6284.097887477312,1250.6999999999998,0.6439999999999999,0.296,28.684535519125685,523.88,42.700437158469946
Moyen-Chari_2019_Sorgho,Moyen-Chari,Soudanienne,2019/2020,2019,Céréales,Sorgho,48366.588680975576,44574.12337734085,921.589150546678,0.6439999999999999,0.296,28.684535519125685,523.88,42.700437158469946
Tandjilé_2019_Arachide,Tandjilé,Soudanienne,2019/2020,2019,Autres cultures,Arachide,29245.6666666667,37950.9333255386,1297.660051934938,0.546,0.416,28.684535519125685,523.88,42.700437158469946
Tandjilé_2019_Manioc,Tandjilé,Soudanienne,2019/2020,2019,Autres cultures,Manioc,3121.0,25649.254745406048,8218.28091810511,0.546,0.416,28.684535519125685,523.88,42.700437158469946
Tandjilé_2019_Niébé,Tandjilé,Soudanienne,2019/2020,2019,Autres cultures,Niébé,9314.0,6179.137074108224,663.4246375465132,0.546,0.416,28.684535519125685,523.88,42.700437158469946
Tandjilé_2019_Patate_douce,Tandjilé,Soudanienne,2019/2020,2019,Autres cultures,Patate douce,2622.088,22927.523732258884,8743.994760000001,0.546,0.416,28.684535519125685,523.88,42.700437158469946
Tandjilé_2019_Pois_de_terre,Tandjilé,Soudanienne,2019/2020,2019,Autres cultures,Pois de terre,1112.0,594.699998445,534.802156875,0.546,0.416,28.684535519125685,523.88,42.700437158469946
Tandjilé_2019_Sésame,Tandjilé,Soudanienne,2019/2020,2019,Autres cultures,Sésame,12563.0,7223.725,575.0000000000001,0.546,0.416,28.684535519125685,523.88,42.700437158469946
Tandjilé_2019_Taro,Tandjilé,Soudanienne,2019/2020,2019,Autres cultures,Taro,2161.25,3580.7482412975,1656.795022,0.546,0.416,28.684535519125685,523.88,42.700437158469946
Tandjilé_2019_Berbéré,Tandjilé,Soudanienne,2019/2020,2019,Céréales,Berbéré,7935.143088,6076.692450331629,765.7949431965717,0.546,0.416,28.684535519125685,523.88,42.700437158469946
Tandjilé_2019_Blé,Tandjilé,Soudanienne,2019/2020,2019,Céréales,Blé,0.0,0.0,,0.546,0.416,28.684535519125685,523.88,42.700437158469946
Tandjilé_2019_Maïs,Tandjilé,Soudanienne,2019/2020,2019,Céréales,Maïs,7592.240941823748,6455.302860785641,850.2499999999999,0.546,0.416,28.684535519125685,523.88,42.700437158469946
Tandjilé_2019_Mil,Tandjilé,Soudanienne,2019/2020,2019,Céréales,Mil,28414.110429447854,20645.69263803681,726.5999999999999,0.546,0.416,28.684535519125685,523.88,42.700437158469946
Tandjilé_2019_Riz,Tandjilé,Soudanienne,2019/2020,2019,Céréales,Riz,60034.11034512288,86813.02957397781,1446.061731820607,0.546,0.416,28.684535519125685,523.88,42.700437158469946
Tandjilé_2019_Sorgho,Tandjilé,Soudanienne,2019/2020,2019,Céréales,Sorgho,42973.23900578762,34909.84283529305,812.3623827980806,0.546,0.416,28.684535519125685,523.88,42.700437158469946
Barh_El_Ghazal_2020_Arachide,Barh El Ghazal,Sahélienne,2020/2021,2020,Autres cultures,Arachide,0.0,0.0,,0.5439,0.343,28.94868493150685,518.25,40.29227397260274
Barh_El_Ghazal_2020_Manioc,Barh El Ghazal,Sahélienne,2020/2021,2020,Autres cultures,Manioc,0.0,0.0,,0.5439,0.343,28.94868493150685,518.25,40.29227397260274
Barh_El_Ghazal_2020_Niébé,Barh El Ghazal,Sahélienne,2020/2021,2020,Autres cultures,Niébé,190.0,44.21158500000001,232.692552631579,0.5439,0.343,28.94868493150685,518.25,40.29227397260274
Barh_El_Ghazal_2020_Patate_douce,Barh El Ghazal,Sahélienne,2020/2021,2020,Autres cultures,Patate douce,0.0,0.0,,0.5439,0.343,28.94868493150685,518.25,40.29227397260274
Barh_El_Ghazal_2020_Pois_de_terre,Barh El Ghazal,Sahélienne,2020/2021,2020,Autres cultures,Pois de terre,0.0,0.0,,0.5439,0.343,28.94868493150685,518.25,40.29227397260274
Barh_El_Ghazal_2020_Sésame,Barh El Ghazal,Sahélienne,2020/2021,2020,Autres cultures,Sésame,0.0,0.0,,0.5439,0.343,28.94868493150685,518.25,40.29227397260274
Barh_El_Ghazal_2020_Taro,Barh El Ghazal,Sahélienne,2020/2021,2020,Autres cultures,Taro,0.0,0.0,,0.5439,0.343,28.94868493150685,518.25,40.29227397260274
Barh_El_Ghazal_2020_Berbéré,Barh El Ghazal,Sahélienne,2020/2021,2020,Céréales,Berbéré,0.0,0.0,,0.5439,0.343,28.94868493150685,518.25,40.29227397260274
Barh_El_Ghazal_2020_Blé,Barh El Ghazal,Sahélienne,2020/2021,2020,Céréales,Blé,0.0,0.0,,0.5439,0.343,28.94868493150685,518.25,40.29227397260274
Barh_El_Ghazal_2020_Maïs,Barh El Ghazal,Sahélienne,2020/2021,2020,Céréales,Maïs,1917.806147013421,1170.9277710239994,610.5558545880525,0.5439,0.343,28.94868493150685,518.25,40.29227397260274
Barh_El_Ghazal_2020_Mil,Barh El Ghazal,Sahélienne,2020/2021,2020,Céréales,Mil,35664.912301705735,12345.798182725792,346.1609011761213,0.5439,0.343,28.94868493150685,518.25,40.29227397260274
Barh_El_Ghazal_2020_Riz,Barh El Ghazal,Sahélienne,2020/2021,2020,Céréales,Riz,0.0,0.0,,0.5439,0.343,28.94868493150685,518.25,40.29227397260274
Barh_El_Ghazal_2020_Sorgho,Barh El Ghazal,Sahélienne,2020/2021,2020,Céréales,Sorgho,160.2533816577875,75.57909224180003,471.62244852464414,0.5439,0.343,28.94868493150685,518.25,40.29227397260274
Batha_2020_Arachide,Batha,Sahélienne,2020/2021,2020,Autres cultures,Arachide,26329.47194038036,24305.220381910403,923.1184141082052,0.6598157894736842,0.465,28.94868493150685,518.25,40.29227397260274
Batha_2020_Manioc,Batha,Sahélienne,2020/2021,2020,Autres cultures,Manioc,0.0,0.0,,0.6598157894736842,0.465,28.94868493150685,518.25,40.29227397260274
Batha_2020_Niébé,Batha,Sahélienne,2020/2021,2020,Autres cultures,Niébé,12957.3358776504,7050.929091864868,544.1650319512623,0.6598157894736842,0.465,28.94868493150685,518.25,40.29227397260274
Batha_2020_Patate_douce,Batha,Sahélienne,2020/2021,2020,Autres cultures,Patate douce,216.2,1007.69926125,4660.958655180388,0.6598157894736842,0.465,28.94868493150685,518.25,40.29227397260274
Batha_2020_Pois_de_terre,Batha,Sahélienne,2020/2021,2020,Autres cultures,Pois de terre,0.0,0.0,,0.6598157894736842,0.465,28.94868493150685,518.25,40.29227397260274
Batha_2020_Sésame,Batha,Sahélienne,2020/2021,2020,Autres cultures,Sésame,7072.7440457412185,2799.17214925928,395.768902586652,0.6598157894736842,0.465,28.94868493150685,518.25,40.29227397260274
Batha_2020_Taro,Batha,Sahélienne,2020/2021,2020,Autres cultures,Taro,0.0,0.0,,0.6598157894736842,0.465,28.94868493150685,518.25,40.29227397260274
Batha_2020_Berbéré,Batha,Sahélienne,2020/2021,2020,Céréales,Berbéré,107461.82255106627,69583.68242846818,647.5200287562752,0.6598157894736842,0.465,28.94868493150685,518.25,40.29227397260274
Batha_2020_Blé,Batha,Sahélienne,2020/2021,2020,Céréales,Blé,0.0,0.0,,0.6598157894736842,0.465,28.94868493150685,518.25,40.29227397260274
Batha_2020_Maïs,Batha,Sahélienne,2020/2021,2020,Céréales,Maïs,72.8,41.3836,568.456043956044,0.6598157894736842,0.465,28.94868493150685,518.25,40.29227397260274
Batha_2020_Mil,Batha,Sahélienne,2020/2021,2020,Céréales,Mil,134380.01504020474,53340.61608679757,396.9386078044325,0.6598157894736842,0.465,28.94868493150685,518.25,40.29227397260274
Batha_2020_Riz,Batha,Sahélienne,2020/2021,2020,Céréales,Riz,123.90336876908198,99.6953752083332,804.6219904975701,0.6598157894736842,0.465,28.94868493150685,518.25,40.29227397260274
Batha_2020_Sorgho,Batha,Sahélienne,2020/2021,2020,Céréales,Sorgho,48945.93317623403,30305.75599203898,619.1680089726864,0.6598157894736842,0.465,28.94868493150685,518.25,40.29227397260274
Chari-Baguirmi_2020_Arachide,Chari-Baguirmi,Sahélienne,2020/2021,2020,Autres cultures,Arachide,63704.66125432414,72575.41988624027,1139.248187766072,0.6419117647058823,0.529,28.94868493150685,518.25,40.29227397260274
Chari-Baguirmi_2020_Manioc,Chari-Baguirmi,Sahélienne,2020/2021,2020,Autres cultures,Manioc,1518.78,3975.248823332051,2617.396083258965,0.6419117647058823,0.529,28.94868493150685,518.25,40.29227397260274
Chari-Baguirmi_2020_Niébé,Chari-Baguirmi,Sahélienne,2020/2021,2020,Autres cultures,Niébé,33631.9153765389,32987.40180175522,980.8362512938148,0.6419117647058823,0.529,28.94868493150685,518.25,40.29227397260274
Chari-Baguirmi_2020_Patate_douce,Chari-Baguirmi,Sahélienne,2020/2021,2020,Autres cultures,Patate douce,919.127639825869,4204.975095556931,4574.963164369177,0.6419117647058823,0.529,28.94868493150685,518.25,40.29227397260274
Chari-Baguirmi_2020_Pois_de_terre,Chari-Baguirmi,Sahélienne,2020/2021,2020,Autres cultures,Pois de terre,1506.0,1383.0217469999996,918.3411334661351,0.6419117647058823,0.529,28.94868493150685,518.25,40.29227397260274
Chari-Baguirmi_2020_Sésame,Chari-Baguirmi,Sahélienne,2020/2021,2020,Autres cultures,Sésame,33195.29713937808,18194.842123862367,548.1150551979439,0.6419117647058823,0.529,28.94868493150685,518.25,40.29227397260274
Chari-Baguirmi_2020_Taro,Chari-Baguirmi,Sahélienne,2020/2021,2020,Autres cultures,Taro,0.0,0.0,,0.6419117647058823,0.529,28.94868493150685,518.25,40.29227397260274
Chari-Baguirmi_2020_Berbéré,Chari-Baguirmi,Sahélienne,2020/2021,2020,Céréales,Berbéré,18634.98550217157,21099.37746670418,1132.2454457635845,0.6419117647058823,0.529,28.94868493150685,518.25,40.29227397260274
Chari-Baguirmi_2020_Blé,Chari-Baguirmi,Sahélienne,2020/2021,2020,Céréales,Blé,0.0,0.0,,0.6419117647058823,0.529,28.94868493150685,518.25,40.29227397260274
Chari-Baguirmi_2020_Maïs,Chari-Baguirmi,Sahélienne,2020/2021,2020,Céréales,Maïs,43726.41224518392,38585.06430911453,882.4200826895953,0.6419117647058823,0.529,28.94868493150685,518.25,40.29227397260274
Chari-Baguirmi_2020_Mil,Chari-Baguirmi,Sahélienne,2020/2021,2020,Céréales,Mil,141200.49350115136,102567.19214896909,726.394006180529,0.6419117647058823,0.529,28.94868493150685,518.25,40.29227397260274
Chari-Baguirmi_2020_Riz,Chari-Baguirmi,Sahélienne,2020/2021,2020,Céréales,Riz,12833.97085590252,15186.094851828862,1183.273284810723,0.6419117647058823,0.529,28.94868493150685,518.25,40.29227397260274
Chari-Baguirmi_2020_Sorgho,Chari-Baguirmi,Sahélienne,2020/2021,2020,Céréales,Sorgho,179029.3856780252,144887.67208508574,809.295477032237,0.6419117647058823,0.529,28.94868493150685,518.25,40.29227397260274
Guéra_2020_Arachide,Guéra,Sahélienne,2020/2021,2020,Autres cultures,Arachide,34866.366574204774,32928.22298446728,944.4122293152452,0.6809473684210526,0.477,28.94868493150685,518.25,40.29227397260274
Guéra_2020_Manioc,Guéra,Sahélienne,2020/2021,2020,Autres cultures,Manioc,524.153,682.3012812005055,1301.721598847103,0.6809473684210526,0.477,28.94868493150685,518.25,40.29227397260274
Guéra_2020_Niébé,Guéra,Sahélienne,2020/2021,2020,Autres cultures,Niébé,7555.0,4456.355213299565,589.8550911051707,0.6809473684210526,0.477,28.94868493150685,518.25,40.29227397260274
Guéra_2020_Patate_douce,Guéra,Sahélienne,2020/2021,2020,Autres cultures,Patate douce,1718.58775328385,9673.010510169346,5628.46470404919,0.6809473684210526,0.477,28.94868493150685,518.25,40.29227397260274
Guéra_2020_Pois_de_terre,Guéra,Sahélienne,2020/2021,2020,Autres cultures,Pois de terre,3143.75848838853,4025.057390120853,1280.332889751996,0.6809473684210526,0.477,28.94868493150685,518.25,40.29227397260274
Guéra_2020_Sésame,Guéra,Sahélienne,2020/2021,2020,Autres cultures,Sésame,18279.053444795,8383.678642246221,458.64949558607975,0.6809473684210526,0.477,28.94868493150685,518.25,40.29227397260274
Guéra_2020_Taro,Guéra,Sahélienne,2020/2021,2020,Autres cultures,Taro,0.0,0.0,,0.6809473684210526,0.477,28.94868493150685,518.25,40.29227397260274
Guéra_2020_Berbéré,Guéra,Sahélienne,2020/2021,2020,Céréales,Berbéré,32408.637217383606,25862.744519196025,798.0201187022933,0.6809473684210526,0.477,28.94868493150685,518.25,40.29227397260274
Guéra_2020_Blé,Guéra,Sahélienne,2020/2021,2020,Céréales,Blé,0.0,0.0,,0.6809473684210526,0.477,28.94868493150685,518.25,40.29227397260274
Guéra_2020_Maïs,Guéra,Sahélienne,2020/2021,2020,Céréales,Maïs,3182.179271851709,1788.470603466666,562.0269792109968,0.6809473684210526,0.477,28.94868493150685,518.25,40.29227397260274
Guéra_2020_Mil,Guéra,Sahélienne,2020/2021,2020,Céréales,Mil,61630.50946410926,31204.99728160768,506.3238573385478,0.6809473684210526,0.477,28.94868493150685,518.25,40.29227397260274
Guéra_2020_Riz,Guéra,Sahélienne,2020/2021,2020,Céréales,Riz,517.702956659032,343.3451914757836,663.2088672847133,0.6809473684210526,0.477,28.94868493150685,518.25,40.29227397260274
Guéra_2020_Sorgho,Guéra,Sahélienne,2020/2021,2020,Céréales,Sorgho,109924.254612445,95345.73736005872,867.3767013132352,0.6809473684210526,0.477,28.94868493150685,518.25,40.29227397260274
Hadjer-Lamis_2020_Arachide,Hadjer-Lamis,Sahélienne,2020/2021,2020,Autres cultures,Arachide,56463.76458417,49917.61451568996,884.0645834246181,0.72445,0.57,28.94868493150685,518.25,40.29227397260274
Hadjer-Lamis_2020_Manioc,Hadjer-Lamis,Sahélienne,2020/2021,2020,Autres cultures,Manioc,935.75,715.5930706881625,764.726765362717,0.72445,0.57,28.94868493150685,518.25,40.29227397260274
Hadjer-Lamis_2020_Niébé,Hadjer-Lamis,Sahélienne,2020/2021,2020,Autres cultures,Niébé,31309.347057783605,18555.205465918407,592.6410867551299,0.72445,0.57,28.94868493150685,518.25,40.29227397260274
Hadjer-Lamis_2020_Patate_douce,Hadjer-Lamis,Sahélienne,2020/2021,2020,Autres cultures,Patate douce,285.3381045162169,2242.080000390625,7857.625619936081,0.72445,0.57,28.94868493150685,518.25,40.29227397260274
Hadjer-Lamis_2020_Pois_de_terre,Hadjer-Lamis,Sahélienne,2020/2021,2020,Autres cultures,Pois de terre,0.0,0.0,,0.72445,0.57,28.94868493150685,518.25,40.29227397260274
Hadjer-Lamis_2020_Sésame,Hadjer-Lamis,Sahélienne,2020/2021,2020,Autres cultures,Sésame,18193.66735622031,7292.338187272787,400.8173857690972,0.72445,0.57,28.94868493150685,518.25,40.29227397260274
Hadjer-Lamis_2020_Taro,Hadjer-Lamis,Sahélienne,2020/2021,2020,Autres cultures,Taro,0.0,0.0,,0.72445,0.57,28.94868493150685,518.25,40.29227397260274
Hadjer-Lamis_2020_Berbéré,Hadjer-Lamis,Sahélienne,2020/2021,2020,Céréales,Berbéré,6164.23230065903,5339.856850915649,866.2647010147159,0.72445,0.57,28.94868493150685,518.25,40.29227397260274
Hadjer-Lamis_2020_Blé,Hadjer-Lamis,Sahélienne,2020/2021,2020,Céréales,Blé,0.0,0.0,,0.72445,0.57,28.94868493150685,518.25,40.29227397260274
Hadjer-Lamis_2020_Maïs,Hadjer-Lamis,Sahélienne,2020/2021,2020,Céréales,Maïs,35663.81440019446,22049.22302804532,618.2519564683774,0.72445,0.57,28.94868493150685,518.25,40.29227397260274
Hadjer-Lamis_2020_Mil,Hadjer-Lamis,Sahélienne,2020/2021,2020,Céréales,Mil,82211.39606880485,28743.44164876998,349.6284338087854,0.72445,0.57,28.94868493150685,518.25,40.29227397260274
Hadjer-Lamis_2020_Riz,Hadjer-Lamis,Sahélienne,2020/2021,2020,Céréales,Riz,2926.1412039668226,7362.148221652469,2515.9921235762563,0.72445,0.57,28.94868493150685,518.25,40.29227397260274
Hadjer-Lamis_2020_Sorgho,Hadjer-Lamis,Sahélienne,2020/2021,2020,Céréales,Sorgho,84673.46380601103,44725.47260689567,528.2112080517081,0.72445,0.57,28.94868493150685,518.25,40.29227397260274
Kanem_2020_Arachide,Kanem,Sahélienne,2020/2021,2020,Autres cultures,Arachide,0.0,0.0,,0.7782727272727272,0.589,28.94868493150685,518.25,40.29227397260274
Kanem_2020_Manioc,Kanem,Sahélienne,2020/2021,2020,Autres cultures,Manioc,0.0,0.0,,0.7782727272727272,0.589,28.94868493150685,518.25,40.29227397260274
Kanem_2020_Niébé,Kanem,Sahélienne,2020/2021,2020,Autres cultures,Niébé,379.2,69.60436350659992,183.5558109351264,0.7782727272727272,0.589,28.94868493150685,518.25,40.29227397260274
Kanem_2020_Patate_douce,Kanem,Sahélienne,2020/2021,2020,Autres cultures,Patate douce,0.0,0.0,,0.7782727272727272,0.589,28.94868493150685,518.25,40.29227397260274
Kanem_2020_Pois_de_terre,Kanem,Sahélienne,2020/2021,2020,Autres cultures,Pois de terre,0.0,0.0,,0.7782727272727272,0.589,28.94868493150685,518.25,40.29227397260274
Kanem_2020_Sésame,Kanem,Sahélienne,2020/2021,2020,Autres cultures,Sésame,0.0,0.0,,0.7782727272727272,0.589,28.94868493150685,518.25,40.29227397260274
Kanem_2020_Taro,Kanem,Sahélienne,2020/2021,2020,Autres cultures,Taro,0.0,0.0,,0.7782727272727272,0.589,28.94868493150685,518.25,40.29227397260274
Kanem_2020_Berbéré,Kanem,Sahélienne,2020/2021,2020,Céréales,Berbéré,0.0,0.0,,0.7782727272727272,0.589,28.94868493150685,518.25,40.29227397260274
Kanem_2020_Blé,Kanem,Sahélienne,2020/2021,2020,Céréales,Blé,0.0,0.0,,0.7782727272727272,0.589,28.94868493150685,518.25,40.29227397260274
Kanem_2020_Maïs,Kanem,Sahélienne,2020/2021,2020,Céréales,Maïs,730.2901515437655,471.1278782679999,645.12423900566,0.7782727272727272,0.589,28.94868493150685,518.25,40.29227397260274
Kanem_2020_Mil,Kanem,Sahélienne,2020/2021,2020,Céréales,Mil,16912.12162781988,5163.598769366581,305.3193965251901,0.7782727272727272,0.589,28.94868493150685,518.25,40.29227397260274
Kanem_2020_Riz,Kanem,Sahélienne,2020/2021,2020,Céréales,Riz,0.0,0.0,,0.7782727272727272,0.589,28.94868493150685,518.25,40.29227397260274
Kanem_2020_Sorgho,Kanem,Sahélienne,2020/2021,2020,Céréales,Sorgho,0.0,0.0,,0.7782727272727272,0.589,28.94868493150685,518.25,40.29227397260274
Lac_2020_Arachide,Lac,Sahélienne,2020/2021,2020,Autres cultures,Arachide,543.66,678.1120368103825,1247.309047585591,0.6931944444444444,0.459,28.94868493150685,518.25,40.29227397260274
Lac_2020_Manioc,Lac,Sahélienne,2020/2021,2020,Autres cultures,Manioc,528.79757578504,7466.153495229227,14119.11445347524,0.6931944444444444,0.459,28.94868493150685,518.25,40.29227397260274
Lac_2020_Niébé,Lac,Sahélienne,2020/2021,2020,Autres cultures,Niébé,1949.1600231273983,2072.593164382861,1063.3263250789516,0.6931944444444444,0.459,28.94868493150685,518.25,40.29227397260274
Lac_2020_Patate_douce,Lac,Sahélienne,2020/2021,2020,Autres cultures,Patate douce,2972.0,41060.0274602592,13815.621621890712,0.6931944444444444,0.459,28.94868493150685,518.25,40.29227397260274
Lac_2020_Pois_de_terre,Lac,Sahélienne,2020/2021,2020,Autres cultures,Pois de terre,0.0,0.0,,0.6931944444444444,0.459,28.94868493150685,518.25,40.29227397260274
Lac_2020_Sésame,Lac,Sahélienne,2020/2021,2020,Autres cultures,Sésame,0.0,0.0,,0.6931944444444444,0.459,28.94868493150685,518.25,40.29227397260274
Lac_2020_Taro,Lac,Sahélienne,2020/2021,2020,Autres cultures,Taro,0.0,0.0,,0.6931944444444444,0.459,28.94868493150685,518.25,40.29227397260274
Lac_2020_Berbéré,Lac,Sahélienne,2020/2021,2020,Céréales,Berbéré,382.5,589.3507351315159,1540.78623563795,0.6931944444444444,0.459,28.94868493150685,518.25,40.29227397260274
Lac_2020_Blé,Lac,Sahélienne,2020/2021,2020,Céréales,Blé,1002.7753997813016,1814.9865074186653,1809.963136126496,0.6931944444444444,0.459,28.94868493150685,518.25,40.29227397260274
Lac_2020_Maïs,Lac,Sahélienne,2020/2021,2020,Céréales,Maïs,42332.26154253863,91398.92099260369,2159.0842932112,0.6931944444444444,0.459,28.94868493150685,518.25,40.29227397260274
Lac_2020_Mil,Lac,Sahélienne,2020/2021,2020,Céréales,Mil,72692.9727909333,46658.54035657676,641.857645453128,0.6931944444444444,0.459,28.94868493150685,518.25,40.29227397260274
Lac_2020_Riz,Lac,Sahélienne,2020/2021,2020,Céréales,Riz,469.8460168726604,1537.0357730769226,3271.360654087436,0.6931944444444444,0.459,28.94868493150685,518.25,40.29227397260274
Lac_2020_Sorgho,Lac,Sahélienne,2020/2021,2020,Céréales,Sorgho,266.3727263334592,246.3123730205149,924.6906633833388,0.6931944444444444,0.459,28.94868493150685,518.25,40.29227397260274
Ouaddaï_2020_Arachide,Ouaddaï,Sahélienne,2020/2021,2020,Autres cultures,Arachide,159784.8316083956,169499.3318249001,1060.7973868277625,0.6578846153846154,0.474,28.94868493150685,518.25,40.29227397260274
Ouaddaï_2020_Manioc,Ouaddaï,Sahélienne,2020/2021,2020,Autres cultures,Manioc,0.0,0.0,,0.6578846153846154,0.474,28.94868493150685,518.25,40.29227397260274
Ouaddaï_2020_Niébé,Ouaddaï,Sahélienne,2020/2021,2020,Autres cultures,Niébé,12088.4036182876,6502.762344149377,537.9339199356197,0.6578846153846154,0.474,28.94868493150685,518.25,40.29227397260274
Ouaddaï_2020_Patate_douce,Ouaddaï,Sahélienne,2020/2021,2020,Autres cultures,Patate douce,0.0,0.0,,0.6578846153846154,0.474,28.94868493150685,518.25,40.29227397260274
Ouaddaï_2020_Pois_de_terre,Ouaddaï,Sahélienne,2020/2021,2020,Autres cultures,Pois de terre,1382.930374202,933.5203423,675.0306159402091,0.6578846153846154,0.474,28.94868493150685,518.25,40.29227397260274
Ouaddaï_2020_Sésame,Ouaddaï,Sahélienne,2020/2021,2020,Autres cultures,Sésame,60676.342657502464,29187.55217968823,481.0367748175288,0.6578846153846154,0.474,28.94868493150685,518.25,40.29227397260274
Ouaddaï_2020_Taro,Ouaddaï,Sahélienne,2020/2021,2020,Autres cultures,Taro,0.0,0.0,,0.6578846153846154,0.474,28.94868493150685,518.25,40.29227397260274
Ouaddaï_2020_Berbéré,Ouaddaï,Sahélienne,2020/2021,2020,Céréales,Berbéré,652.0400056026353,532.4173537482151,816.5409318039292,0.6578846153846154,0.474,28.94868493150685,518.25,40.29227397260274
Ouaddaï_2020_Blé,Ouaddaï,Sahélienne,2020/2021,2020,Céréales,Blé,0.0,0.0,,0.6578846153846154,0.474,28.94868493150685,518.25,40.29227397260274
Ouaddaï_2020_Maïs,Ouaddaï,Sahélienne,2020/2021,2020,Céréales,Maïs,1059.249018938759,744.5585868533337,702.9117549707928,0.6578846153846154,0.474,28.94868493150685,518.25,40.29227397260274
Ouaddaï_2020_Mil,Ouaddaï,Sahélienne,2020/2021,2020,Céréales,Mil,197661.3340997324,136771.98030491883,691.951113898224,0.6578846153846154,0.474,28.94868493150685,518.25,40.29227397260274
Ouaddaï_2020_Riz,Ouaddaï,Sahélienne,2020/2021,2020,Céréales,Riz,0.0,0.0,,0.6578846153846154,0.474,28.94868493150685,518.25,40.29227397260274
Ouaddaï_2020_Sorgho,Ouaddaï,Sahélienne,2020/2021,2020,Céréales,Sorgho,107277.46855825522,87357.6625393131,814.3151000237762,0.6578846153846154,0.474,28.94868493150685,518.25,40.29227397260274
Salamat_2020_Arachide,Salamat,Sahélienne,2020/2021,2020,Autres cultures,Arachide,9346.512298824064,9623.69416715063,1029.656181842444,0.6561739130434783,0.506,28.94868493150685,518.25,40.29227397260274
Salamat_2020_Manioc,Salamat,Sahélienne,2020/2021,2020,Autres cultures,Manioc,0.0,0.0,,0.6561739130434783,0.506,28.94868493150685,518.25,40.29227397260274
Salamat_2020_Niébé,Salamat,Sahélienne,2020/2021,2020,Autres cultures,Niébé,4403.91425026932,3582.117794222222,813.3940832301988,0.6561739130434783,0.506,28.94868493150685,518.25,40.29227397260274
Salamat_2020_Patate_douce,Salamat,Sahélienne,2020/2021,2020,Autres cultures,Patate douce,2417.99589566537,26289.569050509064,10872.46223107209,0.6561739130434783,0.506,28.94868493150685,518.25,40.29227397260274
Salamat_2020_Pois_de_terre,Salamat,Sahélienne,2020/2021,2020,Autres cultures,Pois de terre,492.88,409.56489610491127,830.9627010731035,0.6561739130434783,0.506,28.94868493150685,518.25,40.29227397260274
Salamat_2020_Sésame,Salamat,Sahélienne,2020/2021,2020,Autres cultures,Sésame,10585.72888927996,5256.105396449825,496.5274901166815,0.6561739130434783,0.506,28.94868493150685,518.25,40.29227397260274
Salamat_2020_Taro,Salamat,Sahélienne,2020/2021,2020,Autres cultures,Taro,0.0,0.0,,0.6561739130434783,0.506,28.94868493150685,518.25,40.29227397260274
Salamat_2020_Berbéré,Salamat,Sahélienne,2020/2021,2020,Céréales,Berbéré,213323.2532381036,323223.2561470841,1515.1806061494578,0.6561739130434783,0.506,28.94868493150685,518.25,40.29227397260274
Salamat_2020_Blé,Salamat,Sahélienne,2020/2021,2020,Céréales,Blé,0.0,0.0,,0.6561739130434783,0.506,28.94868493150685,518.25,40.29227397260274
Salamat_2020_Maïs,Salamat,Sahélienne,2020/2021,2020,Céréales,Maïs,35420.77493619067,41834.130909011496,1181.0619893092196,0.6561739130434783,0.506,28.94868493150685,518.25,40.29227397260274
Salamat_2020_Mil,Salamat,Sahélienne,2020/2021,2020,Céréales,Mil,7482.368757245282,5657.903714878903,756.1647786204437,0.6561739130434783,0.506,28.94868493150685,518.25,40.29227397260274
Salamat_2020_Riz,Salamat,Sahélienne,2020/2021,2020,Céréales,Riz,5688.697993312992,20490.47255909357,3601.961746462884,0.6561739130434783,0.506,28.94868493150685,518.25,40.29227397260274
Salamat_2020_Sorgho,Salamat,Sahélienne,2020/2021,2020,Céréales,Sorgho,23003.67366200572,27254.315520694585,1184.7810015540906,0.6561739130434783,0.506,28.94868493150685,518.25,40.29227397260274
Sila_2020_Arachide,Sila,Sahélienne,2020/2021,2020,Autres cultures,Arachide,73399.07784874037,77757.34932666525,1059.3777415965133,0.6275263157894737,0.364,28.94868493150685,518.25,40.29227397260274
Sila_2020_Manioc,Sila,Sahélienne,2020/2021,2020,Autres cultures,Manioc,0.0,0.0,,0.6275263157894737,0.364,28.94868493150685,518.25,40.29227397260274
Sila_2020_Niébé,Sila,Sahélienne,2020/2021,2020,Autres cultures,Niébé,23144.414324401143,14108.781169822338,609.5976753642652,0.6275263157894737,0.364,28.94868493150685,518.25,40.29227397260274
Sila_2020_Patate_douce,Sila,Sahélienne,2020/2021,2020,Autres cultures,Patate douce,101.2,511.15199945833336,5050.909085556654,0.6275263157894737,0.364,28.94868493150685,518.25,40.29227397260274
Sila_2020_Pois_de_terre,Sila,Sahélienne,2020/2021,2020,Autres cultures,Pois de terre,0.0,0.0,,0.6275263157894737,0.364,28.94868493150685,518.25,40.29227397260274
Sila_2020_Sésame,Sila,Sahélienne,2020/2021,2020,Autres cultures,Sésame,57585.3773726689,36661.55298934548,636.6469173604086,0.6275263157894737,0.364,28.94868493150685,518.25,40.29227397260274
Sila_2020_Taro,Sila,Sahélienne,2020/2021,2020,Autres cultures,Taro,0.0,0.0,,0.6275263157894737,0.364,28.94868493150685,518.25,40.29227397260274
Sila_2020_Berbéré,Sila,Sahélienne,2020/2021,2020,Céréales,Berbéré,13309.70934906085,15921.966633086313,1196.2670420154434,0.6275263157894737,0.364,28.94868493150685,518.25,40.29227397260274
Sila_2020_Blé,Sila,Sahélienne,2020/2021,2020,Céréales,Blé,0.0,0.0,,0.6275263157894737,0.364,28.94868493150685,518.25,40.29227397260274
Sila_2020_Maïs,Sila,Sahélienne,2020/2021,2020,Céréales,Maïs,55856.83337886319,76338.07677003094,1366.6739081366911,0.6275263157894737,0.364,28.94868493150685,518.25,40.29227397260274
Sila_2020_Mil,Sila,Sahélienne,2020/2021,2020,Céréales,Mil,112136.97038459136,86238.58499377668,769.0468602639066,0.6275263157894737,0.364,28.94868493150685,518.25,40.29227397260274
Sila_2020_Riz,Sila,Sahélienne,2020/2021,2020,Céréales,Riz,307.9406864340603,349.70315716845863,1135.618554397621,0.6275263157894737,0.364,28.94868493150685,518.25,40.29227397260274
Sila_2020_Sorgho,Sila,Sahélienne,2020/2021,2020,Céréales,Sorgho,151105.96063734355,152145.8520789967,1006.8818691020992,0.6275263157894737,0.364,28.94868493150685,518.25,40.29227397260274
Wadi_Fira_2020_Arachide,Wadi Fira,Sahélienne,2020/2021,2020,Autres cultures,Arachide,24629.285008293173,28886.695709147,1172.859695253852,0.6695,0.54,28.94868493150685,518.25,40.29227397260274
Wadi_Fira_2020_Manioc,Wadi Fira,Sahélienne,2020/2021,2020,Autres cultures,Manioc,0.0,0.0,,0.6695,0.54,28.94868493150685,518.25,40.29227397260274
Wadi_Fira_2020_Niébé,Wadi Fira,Sahélienne,2020/2021,2020,Autres cultures,Niébé,4621.62454321964,2412.780525444586,522.0632924377994,0.6695,0.54,28.94868493150685,518.25,40.29227397260274
Wadi_Fira_2020_Patate_douce,Wadi Fira,Sahélienne,2020/2021,2020,Autres cultures,Patate douce,0.0,0.0,,0.6695,0.54,28.94868493150685,518.25,40.29227397260274
Wadi_Fira_2020_Pois_de_terre,Wadi Fira,Sahélienne,2020/2021,2020,Autres cultures,Pois de terre,0.0,0.0,,0.6695,0.54,28.94868493150685,518.25,40.29227397260274
Wadi_Fira_2020_Sésame,Wadi Fira,Sahélienne,2020/2021,2020,Autres cultures,Sésame,5022.20042417763,1694.7370364018172,337.4491046281422,0.6695,0.54,28.94868493150685,518.25,40.29227397260274
Wadi_Fira_2020_Taro,Wadi Fira,Sahélienne,2020/2021,2020,Autres cultures,Taro,0.0,0.0,,0.6695,0.54,28.94868493150685,518.25,40.29227397260274
Wadi_Fira_2020_Berbéré,Wadi Fira,Sahélienne,2020/2021,2020,Céréales,Berbéré,,0.0,,0.6695,0.54,28.94868493150685,518.25,40.29227397260274
Wadi_Fira_2020_Blé,Wadi Fira,Sahélienne,2020/2021,2020,Céréales,Blé,0.0,0.0,,0.6695,0.54,28.94868493150685,518.25,40.29227397260274
Wadi_Fira_2020_Maïs,Wadi Fira,Sahélienne,2020/2021,2020,Céréales,Maïs,0.0,0.0,,0.6695,0.54,28.94868493150685,518.25,40.29227397260274
Wadi_Fira_2020_Mil,Wadi Fira,Sahélienne,2020/2021,2020,Céréales,Mil,115785.17245761024,57048.81691583738,492.7126306844112,0.6695,0.54,28.94868493150685,518.25,40.29227397260274
Wadi_Fira_2020_Riz,Wadi Fira,Sahélienne,2020/2021,2020,Céréales,Riz,0.0,0.0,,0.6695,0.54,28.94868493150685,518.25,40.29227397260274
Wadi_Fira_2020_Sorgho,Wadi Fira,Sahélienne,2020/2021,2020,Céréales,Sorgho,29958.4732117866,24903.49738501901,831.2672414567908,0.6695,0.54,28.94868493150685,518.25,40.29227397260274
Logone_Occidental_2020_Arachide,Logone Occidental,Soudanienne,2020/2021,2020,Autres cultures,Arachide,73597.61914236196,82593.92148338104,1122.2363229388886,0.4328095238095238,0.329,28.94868493150685,518.25,40.29227397260274
Logone_Occidental_2020_Manioc,Logone Occidental,Soudanienne,2020/2021,2020,Autres cultures,Manioc,5800.0,77082.13708356419,13290.023635097274,0.4328095238095238,0.329,28.94868493150685,518.25,40.29227397260274
Logone_Occidental_2020_Niébé,Logone Occidental,Soudanienne,2020/2021,2020,Autres cultures,Niébé,11693.9873091807,6761.952960702295,578.2418589930937,0.4328095238095238,0.329,28.94868493150685,518.25,40.29227397260274
Logone_Occidental_2020_Patate_douce,Logone Occidental,Soudanienne,2020/2021,2020,Autres cultures,Patate douce,6524.0,38708.6682383623,5933.272262164668,0.4328095238095238,0.329,28.94868493150685,518.25,40.29227397260274
Logone_Occidental_2020_Pois_de_terre,Logone Occidental,Soudanienne,2020/2021,2020,Autres cultures,Pois de terre,1363.8186563555028,1270.6682123923931,931.6988050214588,0.4328095238095238,0.329,28.94868493150685,518.25,40.29227397260274
Logone_Occidental_2020_Sésame,Logone Occidental,Soudanienne,2020/2021,2020,Autres cultures,Sésame,51116.5753207042,26962.51280786689,527.471033391903,0.4328095238095238,0.329,28.94868493150685,518.25,40.29227397260274
Logone_Occidental_2020_Taro,Logone Occidental,Soudanienne,2020/2021,2020,Autres cultures,Taro,130.0,205.28989374999983,1579.153028846153,0.4328095238095238,0.329,28.94868493150685,518.25,40.29227397260274
Logone_Occidental_2020_Berbéré,Logone Occidental,Soudanienne,2020/2021,2020,Céréales,Berbéré,0.0,0.0,,0.4328095238095238,0.329,28.94868493150685,518.25,40.29227397260274
Logone_Occidental_2020_Blé,Logone Occidental,Soudanienne,2020/2021,2020,Céréales,Blé,0.0,0.0,,0.4328095238095238,0.329,28.94868493150685,518.25,40.29227397260274
Logone_Occidental_2020_Maïs,Logone Occidental,Soudanienne,2020/2021,2020,Céréales,Maïs,13868.58547565592,13754.121945249584,991.7465605553458,0.4328095238095238,0.329,28.94868493150685,518.25,40.29227397260274
Logone_Occidental_2020_Mil,Logone Occidental,Soudanienne,2020/2021,2020,Céréales,Mil,24538.68170501152,15194.810188893907,619.2186838541812,0.4328095238095238,0.329,28.94868493150685,518.25,40.29227397260274
Logone_Occidental_2020_Riz,Logone Occidental,Soudanienne,2020/2021,2020,Céréales,Riz,15305.743932728252,19720.436605863524,1288.4337208657555,0.4328095238095238,0.329,28.94868493150685,518.25,40.29227397260274
Logone_Occidental_2020_Sorgho,Logone Occidental,Soudanienne,2020/2021,2020,Céréales,Sorgho,58072.59168193807,49344.1173658397,849.6971796281458,0.4328095238095238,0.329,28.94868493150685,518.25,40.29227397260274
Logone_Oriental_2020_Arachide,Logone Oriental,Soudanienne,2020/2021,2020,Autres cultures,Arachide,51976.7240225202,74805.36892109276,1439.208998410163,0.566,0.48,28.94868493150685,518.25,40.29227397260274
Logone_Oriental_2020_Manioc,Logone Oriental,Soudanienne,2020/2021,2020,Autres cultures,Manioc,3587.0,29745.135498681186,8292.48271499336,0.566,0.48,28.94868493150685,518.25,40.29227397260274
Logone_Oriental_2020_Niébé,Logone Oriental,Soudanienne,2020/2021,2020,Autres cultures,Niébé,13253.5148158873,8829.474424476435,666.1987063154248,0.566,0.48,28.94868493150685,518.25,40.29227397260274
Logone_Oriental_2020_Patate_douce,Logone Oriental,Soudanienne,2020/2021,2020,Autres cultures,Patate douce,5941.40684972829,28076.47484965818,4725.560049963952,0.566,0.48,28.94868493150685,518.25,40.29227397260274
Logone_Oriental_2020_Pois_de_terre,Logone Oriental,Soudanienne,2020/2021,2020,Autres cultures,Pois de terre,5426.76755627618,6247.729327513049,1151.2800691615043,0.566,0.48,28.94868493150685,518.25,40.29227397260274
Logone_Oriental_2020_Sésame,Logone Oriental,Soudanienne,2020/2021,2020,Autres cultures,Sésame,37910.16136054297,21039.87500142699,554.9930215629568,0.566,0.48,28.94868493150685,518.25,40.29227397260274
Logone_Oriental_2020_Taro,Logone Oriental,Soudanienne,2020/2021,2020,Autres cultures,Taro,2596.0,3835.8107940649898,1477.5850516429084,0.566,0.48,28.94868493150685,518.25,40.29227397260274
Logone_Oriental_2020_Berbéré,Logone Oriental,Soudanienne,2020/2021,2020,Céréales,Berbéré,0.0,0.0,,0.566,0.48,28.94868493150685,518.25,40.29227397260274
Logone_Oriental_2020_Blé,Logone Oriental,Soudanienne,2020/2021,2020,Céréales,Blé,0.0,0.0,,0.566,0.48,28.94868493150685,518.25,40.29227397260274
Logone_Oriental_2020_Maïs,Logone Oriental,Soudanienne,2020/2021,2020,Céréales,Maïs,19315.23743937535,20714.700534991352,1072.4538385825435,0.566,0.48,28.94868493150685,518.25,40.29227397260274
Logone_Oriental_2020_Mil,Logone Oriental,Soudanienne,2020/2021,2020,Céréales,Mil,26601.97607217226,20811.94538260431,782.3458425096181,0.566,0.48,28.94868493150685,518.25,40.29227397260274
Logone_Oriental_2020_Riz,Logone Oriental,Soudanienne,2020/2021,2020,Céréales,Riz,22538.662396859167,25910.50478377356,1149.6025952003374,0.566,0.48,28.94868493150685,518.25,40.29227397260274
Logone_Oriental_2020_Sorgho,Logone Oriental,Soudanienne,2020/2021,2020,Céréales,Sorgho,63807.35366962656,68137.79537747779,1067.8674393906513,0.566,0.48,28.94868493150685,518.25,40.29227397260274
Mandoul_2020_Arachide,Mandoul,Soudanienne,2020/2021,2020,Autres cultures,Arachide,47295.6096394465,65052.10221433001,1375.436382155731,0.54375,0.172,28.94868493150685,518.25,40.29227397260274
Mandoul_2020_Manioc,Mandoul,Soudanienne,2020/2021,2020,Autres cultures,Manioc,7137.7607321255,65272.31511529049,9144.648800220224,0.54375,0.172,28.94868493150685,518.25,40.29227397260274
Mandoul_2020_Niébé,Mandoul,Soudanienne,2020/2021,2020,Autres cultures,Niébé,21370.7086509264,15077.438470892655,705.5188818101764,0.54375,0.172,28.94868493150685,518.25,40.29227397260274
Mandoul_2020_Patate_douce,Mandoul,Soudanienne,2020/2021,2020,Autres cultures,Patate douce,1783.30811091563,11682.5626822621,6551.062382744253,0.54375,0.172,28.94868493150685,518.25,40.29227397260274
Mandoul_2020_Pois_de_terre,Mandoul,Soudanienne,2020/2021,2020,Autres cultures,Pois de terre,5734.09573712978,7948.487151860368,1386.179707532928,0.54375,0.172,28.94868493150685,518.25,40.29227397260274
Mandoul_2020_Sésame,Mandoul,Soudanienne,2020/2021,2020,Autres cultures,Sésame,28352.4192436885,14242.23623314722,502.3287822719985,0.54375,0.172,28.94868493150685,518.25,40.29227397260274
Mandoul_2020_Taro,Mandoul,Soudanienne,2020/2021,2020,Autres cultures,Taro,2598.35287377301,7530.797761101465,2898.2967775913216,0.54375,0.172,28.94868493150685,518.25,40.29227397260274
Mandoul_2020_Berbéré,Mandoul,Soudanienne,2020/2021,2020,Céréales,Berbéré,0.0,0.0,,0.54375,0.172,28.94868493150685,518.25,40.29227397260274
Mandoul_2020_Blé,Mandoul,Soudanienne,2020/2021,2020,Céréales,Blé,0.0,0.0,,0.54375,0.172,28.94868493150685,518.25,40.29227397260274
Mandoul_2020_Maïs,Mandoul,Soudanienne,2020/2021,2020,Céréales,Maïs,12288.59376259032,14485.03576110465,1178.738270704405,0.54375,0.172,28.94868493150685,518.25,40.29227397260274
Mandoul_2020_Mil,Mandoul,Soudanienne,2020/2021,2020,Céréales,Mil,48126.87130518369,28366.66245113104,589.4142229036962,0.54375,0.172,28.94868493150685,518.25,40.29227397260274
Mandoul_2020_Riz,Mandoul,Soudanienne,2020/2021,2020,Céréales,Riz,17127.19669586135,18664.475693817392,1089.7566032115178,0.54375,0.172,28.94868493150685,518.25,40.29227397260274
Mandoul_2020_Sorgho,Mandoul,Soudanienne,2020/2021,2020,Céréales,Sorgho,72345.86132922312,54406.64652369157,752.035369046256,0.54375,0.172,28.94868493150685,518.25,40.29227397260274
Mayo-Kebbi_Est_2020_Arachide,Mayo-Kebbi Est,Soudanienne,2020/2021,2020,Autres cultures,Arachide,30744.16331753368,32846.91912408353,1068.3952848165698,0.5298571428571429,0.14,28.94868493150685,518.25,40.29227397260274
Mayo-Kebbi_Est_2020_Manioc,Mayo-Kebbi Est,Soudanienne,2020/2021,2020,Autres cultures,Manioc,3405.0,35830.65592164288,10522.953280952388,0.5298571428571429,0.14,28.94868493150685,518.25,40.29227397260274
Mayo-Kebbi_Est_2020_Niébé,Mayo-Kebbi Est,Soudanienne,2020/2021,2020,Autres cultures,Niébé,18870.7678809519,11025.21544144786,584.2483735161982,0.5298571428571429,0.14,28.94868493150685,518.25,40.29227397260274
Mayo-Kebbi_Est_2020_Patate_douce,Mayo-Kebbi Est,Soudanienne,2020/2021,2020,Autres cultures,Patate douce,814.58311374033,4716.780377913487,5790.4224852580055,0.5298571428571429,0.14,28.94868493150685,518.25,40.29227397260274
Mayo-Kebbi_Est_2020_Pois_de_terre,Mayo-Kebbi Est,Soudanienne,2020/2021,2020,Autres cultures,Pois de terre,4838.942498543074,2955.282756113528,610.7290502012196,0.5298571428571429,0.14,28.94868493150685,518.25,40.29227397260274
Mayo-Kebbi_Est_2020_Sésame,Mayo-Kebbi Est,Soudanienne,2020/2021,2020,Autres cultures,Sésame,20278.6841424958,8963.429458762039,442.0123808713194,0.5298571428571429,0.14,28.94868493150685,518.25,40.29227397260274
Mayo-Kebbi_Est_2020_Taro,Mayo-Kebbi Est,Soudanienne,2020/2021,2020,Autres cultures,Taro,1844.0,5882.834600674995,3190.257375637199,0.5298571428571429,0.14,28.94868493150685,518.25,40.29227397260274
Mayo-Kebbi_Est_2020_Berbéré,Mayo-Kebbi Est,Soudanienne,2020/2021,2020,Céréales,Berbéré,64972.5306569312,54077.87241307547,832.319010300186,0.5298571428571429,0.14,28.94868493150685,518.25,40.29227397260274
Mayo-Kebbi_Est_2020_Blé,Mayo-Kebbi Est,Soudanienne,2020/2021,2020,Céréales,Blé,0.0,0.0,,0.5298571428571429,0.14,28.94868493150685,518.25,40.29227397260274
Mayo-Kebbi_Est_2020_Maïs,Mayo-Kebbi Est,Soudanienne,2020/2021,2020,Céréales,Maïs,12945.411924350496,17318.195848066865,1337.7863871207608,0.5298571428571429,0.14,28.94868493150685,518.25,40.29227397260274
Mayo-Kebbi_Est_2020_Mil,Mayo-Kebbi Est,Soudanienne,2020/2021,2020,Céréales,Mil,26955.306551444388,17458.179264116214,647.6713307191353,0.5298571428571429,0.14,28.94868493150685,518.25,40.29227397260274
Mayo-Kebbi_Est_2020_Riz,Mayo-Kebbi Est,Soudanienne,2020/2021,2020,Céréales,Riz,40522.44467463237,71697.73760151655,1769.3339623806153,0.5298571428571429,0.14,28.94868493150685,518.25,40.29227397260274
Mayo-Kebbi_Est_2020_Sorgho,Mayo-Kebbi Est,Soudanienne,2020/2021,2020,Céréales,Sorgho,72031.894763103,61249.42114026328,850.3097321221259,0.5298571428571429,0.14,28.94868493150685,518.25,40.29227397260274
Mayo-Kebbi_Ouest_2020_Arachide,Mayo-Kebbi Ouest,Soudanienne,2020/2021,2020,Autres cultures,Arachide,37251.32071176344,36052.33522871968,967.81361143351,0.4274642857142857,0.148,28.94868493150685,518.25,40.29227397260274
Mayo-Kebbi_Ouest_2020_Manioc,Mayo-Kebbi Ouest,Soudanienne,2020/2021,2020,Autres cultures,Manioc,2914.14,18218.41290490864,6251.72877929977,0.4274642857142857,0.148,28.94868493150685,518.25,40.29227397260274
Mayo-Kebbi_Ouest_2020_Niébé,Mayo-Kebbi Ouest,Soudanienne,2020/2021,2020,Autres cultures,Niébé,8535.7026345376,5447.433073912648,638.1938672360684,0.4274642857142857,0.148,28.94868493150685,518.25,40.29227397260274
Mayo-Kebbi_Ouest_2020_Patate_douce,Mayo-Kebbi Ouest,Soudanienne,2020/2021,2020,Autres cultures,Patate douce,829.30920617242,3059.417892408333,3689.116037344768,0.4274642857142857,0.148,28.94868493150685,518.25,40.29227397260274
Mayo-Kebbi_Ouest_2020_Pois_de_terre,Mayo-Kebbi Ouest,Soudanienne,2020/2021,2020,Autres cultures,Pois de terre,2500.93560956503,2223.068637935573,888.8947917864289,0.4274642857142857,0.148,28.94868493150685,518.25,40.29227397260274
Mayo-Kebbi_Ouest_2020_Sésame,Mayo-Kebbi Ouest,Soudanienne,2020/2021,2020,Autres cultures,Sésame,16766.99102946945,8281.887511908955,493.9399977821194,0.4274642857142857,0.148,28.94868493150685,518.25,40.29227397260274
Mayo-Kebbi_Ouest_2020_Taro,Mayo-Kebbi Ouest,Soudanienne,2020/2021,2020,Autres cultures,Taro,986.0,1702.8755618354164,1727.0543223482923,0.4274642857142857,0.148,28.94868493150685,518.25,40.29227397260274
Mayo-Kebbi_Ouest_2020_Berbéré,Mayo-Kebbi Ouest,Soudanienne,2020/2021,2020,Céréales,Berbéré,10357.961512581753,10252.588973972031,989.8269038283524,0.4274642857142857,0.148,28.94868493150685,518.25,40.29227397260274
Mayo-Kebbi_Ouest_2020_Blé,Mayo-Kebbi Ouest,Soudanienne,2020/2021,2020,Céréales,Blé,0.0,0.0,,0.4274642857142857,0.148,28.94868493150685,518.25,40.29227397260274
Mayo-Kebbi_Ouest_2020_Maïs,Mayo-Kebbi Ouest,Soudanienne,2020/2021,2020,Céréales,Maïs,40824.67773013433,48604.80395339565,1190.5741001727122,0.4274642857142857,0.148,28.94868493150685,518.25,40.29227397260274
Mayo-Kebbi_Ouest_2020_Mil,Mayo-Kebbi Ouest,Soudanienne,2020/2021,2020,Céréales,Mil,7369.813610508002,4601.836851039212,624.4169926465761,0.4274642857142857,0.148,28.94868493150685,518.25,40.29227397260274
Mayo-Kebbi_Ouest_2020_Riz,Mayo-Kebbi Ouest,Soudanienne,2020/2021,2020,Céréales,Riz,7373.434571766441,9386.933933058634,1273.0748258080523,0.4274642857142857,0.148,28.94868493150685,518.25,40.29227397260274
Mayo-Kebbi_Ouest_2020_Sorgho,Mayo-Kebbi Ouest,Soudanienne,2020/2021,2020,Céréales,Sorgho,59156.64321377109,50726.7172029758,857.4982359913064,0.4274642857142857,0.148,28.94868493150685,518.25,40.29227397260274
Moyen-Chari_2020_Arachide,Moyen-Chari,Soudanienne,2020/2021,2020,Autres cultures,Arachide,37628.155806152026,47036.1083800378,1250.0242802850205,0.6014705882352941,0.378,28.94868493150685,518.25,40.29227397260274
Moyen-Chari_2020_Manioc,Moyen-Chari,Soudanienne,2020/2021,2020,Autres cultures,Manioc,3428.3348412871,24924.41688029492,7270.123262212493,0.6014705882352941,0.378,28.94868493150685,518.25,40.29227397260274
Moyen-Chari_2020_Niébé,Moyen-Chari,Soudanienne,2020/2021,2020,Autres cultures,Niébé,11893.4630117113,9247.954275819342,777.5661526599134,0.6014705882352941,0.378,28.94868493150685,518.25,40.29227397260274
Moyen-Chari_2020_Patate_douce,Moyen-Chari,Soudanienne,2020/2021,2020,Autres cultures,Patate douce,2062.80765474475,11773.502857210067,5707.5136550561765,0.6014705882352941,0.378,28.94868493150685,518.25,40.29227397260274
Moyen-Chari_2020_Pois_de_terre,Moyen-Chari,Soudanienne,2020/2021,2020,Autres cultures,Pois de terre,3419.164954166973,3742.053946498247,1094.4350438365848,0.6014705882352941,0.378,28.94868493150685,518.25,40.29227397260274
Moyen-Chari_2020_Sésame,Moyen-Chari,Soudanienne,2020/2021,2020,Autres cultures,Sésame,13639.7346515016,6221.884144397377,456.1587379350088,0.6014705882352941,0.378,28.94868493150685,518.25,40.29227397260274
Moyen-Chari_2020_Taro,Moyen-Chari,Soudanienne,2020/2021,2020,Autres cultures,Taro,1264.09721734616,2440.4098266666656,1930.5554930261223,0.6014705882352941,0.378,28.94868493150685,518.25,40.29227397260274
Moyen-Chari_2020_Berbéré,Moyen-Chari,Soudanienne,2020/2021,2020,Céréales,Berbéré,4031.04269525536,5654.56672721011,1402.755355051357,0.6014705882352941,0.378,28.94868493150685,518.25,40.29227397260274
Moyen-Chari_2020_Blé,Moyen-Chari,Soudanienne,2020/2021,2020,Céréales,Blé,0.0,0.0,,0.6014705882352941,0.378,28.94868493150685,518.25,40.29227397260274
Moyen-Chari_2020_Maïs,Moyen-Chari,Soudanienne,2020/2021,2020,Céréales,Maïs,12406.108132993402,11983.837362454193,965.962672095675,0.6014705882352941,0.378,28.94868493150685,518.25,40.29227397260274
Moyen-Chari_2020_Mil,Moyen-Chari,Soudanienne,2020/2021,2020,Céréales,Mil,20056.31446593341,14059.101808550911,700.981320991499,0.6014705882352941,0.378,28.94868493150685,518.25,40.29227397260274
Moyen-Chari_2020_Riz,Moyen-Chari,Soudanienne,2020/2021,2020,Céréales,Riz,4426.257878825414,5461.764594868128,1233.9463141080032,0.6014705882352941,0.378,28.94868493150685,518.25,40.29227397260274
Moyen-Chari_2020_Sorgho,Moyen-Chari,Soudanienne,2020/2021,2020,Céréales,Sorgho,51794.4696547269,44925.38417860476,867.3780130984458,0.6014705882352941,0.378,28.94868493150685,518.25,40.29227397260274
Tandjilé_2020_Arachide,Tandjilé,Soudanienne,2020/2021,2020,Autres cultures,Arachide,30652.1696859368,35477.03574344413,1157.4069994699585,0.5565,0.303,28.94868493150685,518.25,40.29227397260274
Tandjilé_2020_Manioc,Tandjilé,Soudanienne,2020/2021,2020,Autres cultures,Manioc,3465.224124577,29949.594519722752,8642.90257801974,0.5565,0.303,28.94868493150685,518.25,40.29227397260274
Tandjilé_2020_Niébé,Tandjilé,Soudanienne,2020/2021,2020,Autres cultures,Niébé,9492.6333323741,6353.789345023017,669.33896238821,0.5565,0.303,28.94868493150685,518.25,40.29227397260274
Tandjilé_2020_Patate_douce,Tandjilé,Soudanienne,2020/2021,2020,Autres cultures,Patate douce,3079.7899327556,23236.906292842177,7544.964689215433,0.5565,0.303,28.94868493150685,518.25,40.29227397260274
Tandjilé_2020_Pois_de_terre,Tandjilé,Soudanienne,2020/2021,2020,Autres cultures,Pois de terre,1072.45686924164,605.5245961265312,564.6144040782843,0.5565,0.303,28.94868493150685,518.25,40.29227397260274
Tandjilé_2020_Sésame,Tandjilé,Soudanienne,2020/2021,2020,Autres cultures,Sésame,13565.6645265042,6892.239171551667,508.064987018204,0.5565,0.303,28.94868493150685,518.25,40.29227397260274
Tandjilé_2020_Taro,Tandjilé,Soudanienne,2020/2021,2020,Autres cultures,Taro,2088.39062420629,3257.9434278887743,1560.025883149606,0.5565,0.303,28.94868493150685,518.25,40.29227397260274
Tandjilé_2020_Berbéré,Tandjilé,Soudanienne,2020/2021,2020,Céréales,Berbéré,7786.55951216,6059.073796557176,778.1451855720014,0.5565,0.303,28.94868493150685,518.25,40.29227397260274
Tandjilé_2020_Blé,Tandjilé,Soudanienne,2020/2021,2020,Céréales,Blé,0.0,0.0,,0.5565,0.303,28.94868493150685,518.25,40.29227397260274
Tandjilé_2020_Maïs,Tandjilé,Soudanienne,2020/2021,2020,Céréales,Maïs,7032.676961458266,6088.867640747732,865.7965770526691,0.5565,0.303,28.94868493150685,518.25,40.29227397260274
Tandjilé_2020_Mil,Tandjilé,Soudanienne,2020/2021,2020,Céréales,Mil,28928.484277068044,20350.382139052224,703.4721191799259,0.5565,0.303,28.94868493150685,518.25,40.29227397260274
Tandjilé_2020_Riz,Tandjilé,Soudanienne,2020/2021,2020,Céréales,Riz,59018.25,81842.50394346619,1386.732136982479,0.5565,0.303,28.94868493150685,518.25,40.29227397260274
Tandjilé_2020_Sorgho,Tandjilé,Soudanienne,2020/2021,2020,Céréales,Sorgho,43944.76561515435,34203.70291664896,778.333948033479,0.5565,0.303,28.94868493150685,518.25,40.29227397260274
Barh_El_Ghazal_2021_Arachide,Barh El Ghazal,Sahélienne,2021/2022,2021,Autres cultures,Arachide,0.0,0.0,,0.6202,0.396,29.214438356164383,404.75,39.15583561643835
Barh_El_Ghazal_2021_Manioc,Barh El Ghazal,Sahélienne,2021/2022,2021,Autres cultures,Manioc,0.0,0.0,,0.6202,0.396,29.214438356164383,404.75,39.15583561643835
Barh_El_Ghazal_2021_Niébé,Barh El Ghazal,Sahélienne,2021/2022,2021,Autres cultures,Niébé,172.9,33.795335574000006,195.46174421052635,0.6202,0.396,29.214438356164383,404.75,39.15583561643835
Barh_El_Ghazal_2021_Patate_douce,Barh El Ghazal,Sahélienne,2021/2022,2021,Autres cultures,Patate douce,0.0,0.0,,0.6202,0.396,29.214438356164383,404.75,39.15583561643835
Barh_El_Ghazal_2021_Pois_de_terre,Barh El Ghazal,Sahélienne,2021/2022,2021,Autres cultures,Pois de terre,0.0,0.0,,0.6202,0.396,29.214438356164383,404.75,39.15583561643835
Barh_El_Ghazal_2021_Sésame,Barh El Ghazal,Sahélienne,2021/2022,2021,Autres cultures,Sésame,0.0,0.0,,0.6202,0.396,29.214438356164383,404.75,39.15583561643835
Barh_El_Ghazal_2021_Taro,Barh El Ghazal,Sahélienne,2021/2022,2021,Autres cultures,Taro,0.0,0.0,,0.6202,0.396,29.214438356164383,404.75,39.15583561643835
Barh_El_Ghazal_2021_Berbéré,Barh El Ghazal,Sahélienne,2021/2022,2021,Céréales,Berbéré,0.0,0.0,,0.6202,0.396,29.214438356164383,404.75,39.15583561643835
Barh_El_Ghazal_2021_Blé,Barh El Ghazal,Sahélienne,2021/2022,2021,Céréales,Blé,0.0,0.0,,0.6202,0.396,29.214438356164383,404.75,39.15583561643835
Barh_El_Ghazal_2021_Maïs,Barh El Ghazal,Sahélienne,2021/2022,2021,Céréales,Maïs,1610.9571634912727,854.1230442544188,530.196,0.6202,0.396,29.214438356164383,404.75,39.15583561643835
Barh_El_Ghazal_2021_Mil,Barh El Ghazal,Sahélienne,2021/2022,2021,Céréales,Mil,31756.03791343877,9603.025865023885,302.3999999999999,0.6202,0.396,29.214438356164383,404.75,39.15583561643835
Barh_El_Ghazal_2021_Riz,Barh El Ghazal,Sahélienne,2021/2022,2021,Céréales,Riz,0.0,0.0,,0.6202,0.396,29.214438356164383,404.75,39.15583561643835
Barh_El_Ghazal_2021_Sorgho,Barh El Ghazal,Sahélienne,2021/2022,2021,Céréales,Sorgho,155.44578020805338,61.544093299972495,395.92,0.6202,0.396,29.214438356164383,404.75,39.15583561643835
Batha_2021_Arachide,Batha,Sahélienne,2021/2022,2021,Autres cultures,Arachide,25539.58778216899,22633.021219635004,886.1936775438769,0.687,0.47,29.214438356164383,404.75,39.15583561643835
Batha_2021_Manioc,Batha,Sahélienne,2021/2022,2021,Autres cultures,Manioc,0.0,0.0,,0.687,0.47,29.214438356164383,404.75,39.15583561643835
Batha_2021_Niébé,Batha,Sahélienne,2021/2022,2021,Autres cultures,Niébé,12698.18916009739,6944.460062577702,546.8858571110183,0.687,0.47,29.214438356164383,404.75,39.15583561643835
Batha_2021_Patate_douce,Batha,Sahélienne,2021/2022,2021,Autres cultures,Patate douce,218.362,1007.5984913238756,4614.349068628587,0.687,0.47,29.214438356164383,404.75,39.15583561643835
Batha_2021_Pois_de_terre,Batha,Sahélienne,2021/2022,2021,Autres cultures,Pois de terre,0.0,0.0,,0.687,0.47,29.214438356164383,404.75,39.15583561643835
Batha_2021_Sésame,Batha,Sahélienne,2021/2022,2021,Autres cultures,Sésame,6719.106843454159,2606.0292709603896,387.85352453491896,0.687,0.47,29.214438356164383,404.75,39.15583561643835
Batha_2021_Taro,Batha,Sahélienne,2021/2022,2021,Autres cultures,Taro,0.0,0.0,,0.687,0.47,29.214438356164383,404.75,39.15583561643835
Batha_2021_Berbéré,Batha,Sahélienne,2021/2022,2021,Céréales,Berbéré,99983.7692433824,61227.58690866873,612.3752622250854,0.687,0.47,29.214438356164383,404.75,39.15583561643835
Batha_2021_Blé,Batha,Sahélienne,2021/2022,2021,Céréales,Blé,0.0,0.0,,0.687,0.47,29.214438356164383,404.75,39.15583561643835
Batha_2021_Maïs,Batha,Sahélienne,2021/2022,2021,Céréales,Maïs,76.48368,40.95701064,535.5,0.687,0.47,29.214438356164383,404.75,39.15583561643835
Batha_2021_Mil,Batha,Sahélienne,2021/2022,2021,Céréales,Mil,130214.23457395851,49959.03715734474,383.6680169476343,0.687,0.47,29.214438356164383,404.75,39.15583561643835
Batha_2021_Riz,Batha,Sahélienne,2021/2022,2021,Céréales,Riz,110.497024268267,80.12967957374053,725.1750000000002,0.687,0.47,29.214438356164383,404.75,39.15583561643835
Batha_2021_Sorgho,Batha,Sahélienne,2021/2022,2021,Céréales,Sorgho,49435.392507996345,29400.19052785789,594.7194719471946,0.687,0.47,29.214438356164383,404.75,39.15583561643835
Chari-Baguirmi_2021_Arachide,Chari-Baguirmi,Sahélienne,2021/2022,2021,Autres cultures,Arachide,61156.474804151134,66188.78293625098,1082.2857783777663,0.6812941176470588,0.535,29.214438356164383,404.75,39.15583561643835
Chari-Baguirmi_2021_Manioc,Chari-Baguirmi,Sahélienne,2021/2022,2021,Autres cultures,Manioc,1549.1556,3931.4892842848194,2537.827242327897,0.6812941176470588,0.535,29.214438356164383,404.75,39.15583561643835
Chari-Baguirmi_2021_Niébé,Chari-Baguirmi,Sahélienne,2021/2022,2021,Autres cultures,Niébé,32622.95791524273,30717.868557794467,941.6028012420624,0.6812941176470588,0.535,29.214438356164383,404.75,39.15583561643835
Chari-Baguirmi_2021_Patate_douce,Chari-Baguirmi,Sahélienne,2021/2022,2021,Autres cultures,Patate douce,900.7450870293516,3997.249325836421,4437.7142694381055,0.6812941176470588,0.535,29.214438356164383,404.75,39.15583561643835
Chari-Baguirmi_2021_Pois_de_terre,Chari-Baguirmi,Sahélienne,2021/2022,2021,Autres cultures,Pois de terre,1415.64,1207.8285736161722,853.2031968693823,0.6812941176470588,0.535,29.214438356164383,404.75,39.15583561643835
Chari-Baguirmi_2021_Sésame,Chari-Baguirmi,Sahélienne,2021/2022,2021,Autres cultures,Sésame,31203.579311015408,15110.634435446464,484.2596512673835,0.6812941176470588,0.535,29.214438356164383,404.75,39.15583561643835
Chari-Baguirmi_2021_Taro,Chari-Baguirmi,Sahélienne,2021/2022,2021,Autres cultures,Taro,0.0,0.0,,0.6812941176470588,0.535,29.214438356164383,404.75,39.15583561643835
Chari-Baguirmi_2021_Berbéré,Chari-Baguirmi,Sahélienne,2021/2022,2021,Céréales,Berbéré,17352.89849962216,16663.98842918716,960.3,0.6812941176470588,0.535,29.214438356164383,404.75,39.15583561643835
Chari-Baguirmi_2021_Blé,Chari-Baguirmi,Sahélienne,2021/2022,2021,Céréales,Blé,0.0,0.0,,0.6812941176470588,0.535,29.214438356164383,404.75,39.15583561643835
Chari-Baguirmi_2021_Maïs,Chari-Baguirmi,Sahélienne,2021/2022,2021,Céréales,Maïs,39047.68613494925,29779.090406151347,762.6339318348972,0.6812941176470588,0.535,29.214438356164383,404.75,39.15583561643835
Chari-Baguirmi_2021_Mil,Chari-Baguirmi,Sahélienne,2021/2022,2021,Céréales,Mil,136992.7187948172,85614.96953800894,624.9599999999999,0.6812941176470588,0.535,29.214438356164383,404.75,39.15583561643835
Chari-Baguirmi_2021_Riz,Chari-Baguirmi,Sahélienne,2021/2022,2021,Céréales,Riz,12448.951730225424,12911.3413659196,1037.1428571428642,0.6812941176470588,0.535,29.214438356164383,404.75,39.15583561643835
Chari-Baguirmi_2021_Sorgho,Chari-Baguirmi,Sahélienne,2021/2022,2021,Céréales,Sorgho,159873.24141047584,115345.2586110539,721.4794520547939,0.6812941176470588,0.535,29.214438356164383,404.75,39.15583561643835
Guéra_2021_Arachide,Guéra,Sahélienne,2021/2022,2021,Autres cultures,Arachide,34517.70290846276,31123.838685475945,901.67757593873,0.6863684210526316,0.595,29.214438356164383,404.75,39.15583561643835
Guéra_2021_Manioc,Guéra,Sahélienne,2021/2022,2021,Autres cultures,Manioc,529.39453,681.5439267783715,1287.402661259782,0.6863684210526316,0.595,29.214438356164383,404.75,39.15583561643835
Guéra_2021_Niébé,Guéra,Sahélienne,2021/2022,2021,Autres cultures,Niébé,7781.650000000001,4585.914828415824,589.3242215231761,0.6863684210526316,0.595,29.214438356164383,404.75,39.15583561643835
Guéra_2021_Patate_douce,Guéra,Sahélienne,2021/2022,2021,Autres cultures,Patate douce,1701.4018757510114,9384.7547969663,5515.895409968206,0.6863684210526316,0.595,29.214438356164383,404.75,39.15583561643835
Guéra_2021_Pois_de_terre,Guéra,Sahélienne,2021/2022,2021,Autres cultures,Pois de terre,3206.633658156301,4064.502952544051,1267.52956085448,0.6863684210526316,0.595,29.214438356164383,404.75,39.15583561643835
Guéra_2021_Sésame,Guéra,Sahélienne,2021/2022,2021,Autres cultures,Sésame,18085.29547828017,8037.67248753063,444.4313612229119,0.6863684210526316,0.595,29.214438356164383,404.75,39.15583561643835
Guéra_2021_Taro,Guéra,Sahélienne,2021/2022,2021,Autres cultures,Taro,0.0,0.0,,0.6863684210526316,0.595,29.214438356164383,404.75,39.15583561643835
Guéra_2021_Berbéré,Guéra,Sahélienne,2021/2022,2021,Céréales,Berbéré,29254.693460662187,23681.174797699845,809.4829238099223,0.6863684210526316,0.595,29.214438356164383,404.75,39.15583561643835
Guéra_2021_Blé,Guéra,Sahélienne,2021/2022,2021,Céréales,Blé,0.0,0.0,,0.6863684210526316,0.595,29.214438356164383,404.75,39.15583561643835
Guéra_2021_Maïs,Guéra,Sahélienne,2021/2022,2021,Céréales,Maïs,3278.281085861628,1792.8242650581312,546.8793608913267,0.6863684210526316,0.595,29.214438356164383,404.75,39.15583561643835
Guéra_2021_Mil,Guéra,Sahélienne,2021/2022,2021,Céréales,Mil,62246.8145587504,29609.076066444475,475.6721492711655,0.6863684210526316,0.595,29.214438356164383,404.75,39.15583561643835
Guéra_2021_Riz,Guéra,Sahélienne,2021/2022,2021,Céréales,Riz,533.3375859501344,436.4805914069472,818.3945832907356,0.6863684210526316,0.595,29.214438356164383,404.75,39.15583561643835
Guéra_2021_Sorgho,Guéra,Sahélienne,2021/2022,2021,Céréales,Sorgho,107637.83011650624,88270.90759262866,820.0732725388928,0.6863684210526316,0.595,29.214438356164383,404.75,39.15583561643835
Hadjer-Lamis_2021_Arachide,Hadjer-Lamis,Sahélienne,2021/2022,2021,Autres cultures,Arachide,53075.93870911979,43637.97860961616,822.1800625848948,0.6647000000000001,0.507,29.214438356164383,404.75,39.15583561643835
Hadjer-Lamis_2021_Manioc,Hadjer-Lamis,Sahélienne,2021/2022,2021,Autres cultures,Manioc,898.3199999999999,678.0387463384476,754.7853174130017,0.6647000000000001,0.507,29.214438356164383,404.75,39.15583561643835
Hadjer-Lamis_2021_Niébé,Hadjer-Lamis,Sahélienne,2021/2022,2021,Autres cultures,Niébé,27239.13194027173,15174.447030028074,557.0826215498222,0.6647000000000001,0.507,29.214438356164383,404.75,39.15583561643835
Hadjer-Lamis_2021_Patate_douce,Hadjer-Lamis,Sahélienne,2021/2022,2021,Autres cultures,Patate douce,273.92458033556835,2130.8728323712508,7779.049363736719,0.6647000000000001,0.507,29.214438356164383,404.75,39.15583561643835
Hadjer-Lamis_2021_Pois_de_terre,Hadjer-Lamis,Sahélienne,2021/2022,2021,Autres cultures,Pois de terre,0.0,0.0,,0.6647000000000001,0.507,29.214438356164383,404.75,39.15583561643835
Hadjer-Lamis_2021_Sésame,Hadjer-Lamis,Sahélienne,2021/2022,2021,Autres cultures,Sésame,16556.237294160474,5972.424975376406,360.7356471921873,0.6647000000000001,0.507,29.214438356164383,404.75,39.15583561643835
Hadjer-Lamis_2021_Taro,Hadjer-Lamis,Sahélienne,2021/2022,2021,Autres cultures,Taro,0.0,0.0,,0.6647000000000001,0.507,29.214438356164383,404.75,39.15583561643835
Hadjer-Lamis_2021_Berbéré,Hadjer-Lamis,Sahélienne,2021/2022,2021,Céréales,Berbéré,5486.166747586537,4344.60517074873,791.92,0.6647000000000001,0.507,29.214438356164383,404.75,39.15583561643835
Hadjer-Lamis_2021_Blé,Hadjer-Lamis,Sahélienne,2021/2022,2021,Céréales,Blé,0.0,0.0,,0.6647000000000001,0.507,29.214438356164383,404.75,39.15583561643835
Hadjer-Lamis_2021_Maïs,Hadjer-Lamis,Sahélienne,2021/2022,2021,Céréales,Maïs,32154.495063215323,16611.012149657035,516.5999999999999,0.6647000000000001,0.507,29.214438356164383,404.75,39.15583561643835
Hadjer-Lamis_2021_Mil,Hadjer-Lamis,Sahélienne,2021/2022,2021,Céréales,Mil,74812.37042261245,23993.808479466185,320.7198000000001,0.6647000000000001,0.507,29.214438356164383,404.75,39.15583561643835
Hadjer-Lamis_2021_Riz,Hadjer-Lamis,Sahélienne,2021/2022,2021,Céréales,Riz,2867.618379887484,5410.120525955224,1886.625,0.6647000000000001,0.507,29.214438356164383,404.75,39.15583561643835
Hadjer-Lamis_2021_Sorgho,Hadjer-Lamis,Sahélienne,2021/2022,2021,Céréales,Sorgho,82133.25989183068,39029.725100597934,475.19999999999993,0.6647000000000001,0.507,29.214438356164383,404.75,39.15583561643835
Kanem_2021_Arachide,Kanem,Sahélienne,2021/2022,2021,Autres cultures,Arachide,0.0,0.0,,0.7046363636363636,0.567,29.214438356164383,404.75,39.15583561643835
Kanem_2021_Manioc,Kanem,Sahélienne,2021/2022,2021,Autres cultures,Manioc,0.0,0.0,,0.7046363636363636,0.567,29.214438356164383,404.75,39.15583561643835
Kanem_2021_Niébé,Kanem,Sahélienne,2021/2022,2021,Autres cultures,Niébé,326.112,50.880789723324426,156.0224392948571,0.7046363636363636,0.567,29.214438356164383,404.75,39.15583561643835
Kanem_2021_Patate_douce,Kanem,Sahélienne,2021/2022,2021,Autres cultures,Patate douce,0.0,0.0,,0.7046363636363636,0.567,29.214438356164383,404.75,39.15583561643835
Kanem_2021_Pois_de_terre,Kanem,Sahélienne,2021/2022,2021,Autres cultures,Pois de terre,0.0,0.0,,0.7046363636363636,0.567,29.214438356164383,404.75,39.15583561643835
Kanem_2021_Sésame,Kanem,Sahélienne,2021/2022,2021,Autres cultures,Sésame,0.0,0.0,,0.7046363636363636,0.567,29.214438356164383,404.75,39.15583561643835
Kanem_2021_Taro,Kanem,Sahélienne,2021/2022,2021,Autres cultures,Taro,0.0,0.0,,0.7046363636363636,0.567,29.214438356164383,404.75,39.15583561643835
Kanem_2021_Berbéré,Kanem,Sahélienne,2021/2022,2021,Céréales,Berbéré,0.0,0.0,,0.7046363636363636,0.567,29.214438356164383,404.75,39.15583561643835
Kanem_2021_Blé,Kanem,Sahélienne,2021/2022,2021,Céréales,Blé,0.0,0.0,,0.7046363636363636,0.567,29.214438356164383,404.75,39.15583561643835
Kanem_2021_Maïs,Kanem,Sahélienne,2021/2022,2021,Céréales,Maïs,657.2611363893894,315.127269599802,479.4552000000001,0.7046363636363636,0.567,29.214438356164383,404.75,39.15583561643835
Kanem_2021_Mil,Kanem,Sahélienne,2021/2022,2021,Céréales,Mil,15753.641296314214,4282.96766505502,271.87160000000006,0.7046363636363636,0.567,29.214438356164383,404.75,39.15583561643835
Kanem_2021_Riz,Kanem,Sahélienne,2021/2022,2021,Céréales,Riz,0.0,0.0,,0.7046363636363636,0.567,29.214438356164383,404.75,39.15583561643835
Kanem_2021_Sorgho,Kanem,Sahélienne,2021/2022,2021,Céréales,Sorgho,0.0,0.0,,0.7046363636363636,0.567,29.214438356164383,404.75,39.15583561643835
Lac_2021_Arachide,Lac,Sahélienne,2021/2022,2021,Autres cultures,Arachide,449.715552,516.9009361168573,1149.395287350119,0.6948333333333333,0.423,29.214438356164383,404.75,39.15583561643835
Lac_2021_Manioc,Lac,Sahélienne,2021/2022,2021,Autres cultures,Manioc,504.47288729889,6901.906410980229,13681.421905417465,0.6948333333333333,0.423,29.214438356164383,404.75,39.15583561643835
Lac_2021_Niébé,Lac,Sahélienne,2021/2022,2021,Autres cultures,Niébé,1841.3714738484573,1871.2403032184968,1016.2209688779492,0.6948333333333333,0.423,29.214438356164383,404.75,39.15583561643835
Lac_2021_Patate_douce,Lac,Sahélienne,2021/2022,2021,Autres cultures,Patate douce,2448.928,30084.714968153832,12284.8507461852,0.6948333333333333,0.423,29.214438356164383,404.75,39.15583561643835
Lac_2021_Pois_de_terre,Lac,Sahélienne,2021/2022,2021,Autres cultures,Pois de terre,0.0,0.0,,0.6948333333333333,0.423,29.214438356164383,404.75,39.15583561643835
Lac_2021_Sésame,Lac,Sahélienne,2021/2022,2021,Autres cultures,Sésame,0.0,0.0,,0.6948333333333333,0.423,29.214438356164383,404.75,39.15583561643835
Lac_2021_Taro,Lac,Sahélienne,2021/2022,2021,Autres cultures,Taro,0.0,0.0,,0.6948333333333333,0.423,29.214438356164383,404.75,39.15583561643835
Lac_2021_Berbéré,Lac,Sahélienne,2021/2022,2021,Céréales,Berbéré,378.675,530.145,1400.0,0.6948333333333333,0.423,29.214438356164383,404.75,39.15583561643835
Lac_2021_Blé,Lac,Sahélienne,2021/2022,2021,Céréales,Blé,800.8000000000001,1539.533720729493,1922.4946562556108,0.6948333333333333,0.423,29.214438356164383,404.75,39.15583561643835
Lac_2021_Maïs,Lac,Sahélienne,2021/2022,2021,Céréales,Maïs,40035.73635385584,72584.79000954065,1813.0,0.6948333333333333,0.423,29.214438356164383,404.75,39.15583561643835
Lac_2021_Mil,Lac,Sahélienne,2021/2022,2021,Céréales,Mil,69785.25387929597,40424.95936493812,579.2765250214485,0.6948333333333333,0.423,29.214438356164383,404.75,39.15583561643835
Lac_2021_Riz,Lac,Sahélienne,2021/2022,2021,Céréales,Riz,474.5444770413866,1277.266118986708,2691.562500000002,0.6948333333333333,0.423,29.214438356164383,404.75,39.15583561643835
Lac_2021_Sorgho,Lac,Sahélienne,2021/2022,2021,Céréales,Sorgho,261.04527180678986,229.46165095743544,879.0109446122021,0.6948333333333333,0.423,29.214438356164383,404.75,39.15583561643835
Ouaddaï_2021_Arachide,Ouaddaï,Sahélienne,2021/2022,2021,Autres cultures,Arachide,162980.52824056393,167702.63890755622,1028.9734652229272,0.6648000000000001,0.384,29.214438356164383,404.75,39.15583561643835
Ouaddaï_2021_Manioc,Ouaddaï,Sahélienne,2021/2022,2021,Autres cultures,Manioc,0.0,0.0,,0.6648000000000001,0.384,29.214438356164383,404.75,39.15583561643835
Ouaddaï_2021_Niébé,Ouaddaï,Sahélienne,2021/2022,2021,Autres cultures,Niébé,12451.055726836228,6691.81715378084,537.4497794076782,0.6648000000000001,0.384,29.214438356164383,404.75,39.15583561643835
Ouaddaï_2021_Patate_douce,Ouaddaï,Sahélienne,2021/2022,2021,Autres cultures,Patate douce,0.0,0.0,,0.6648000000000001,0.384,29.214438356164383,404.75,39.15583561643835
Ouaddaï_2021_Pois_de_terre,Ouaddaï,Sahélienne,2021/2022,2021,Autres cultures,Pois de terre,1424.41828542806,971.1412120946898,681.7809220996111,0.6648000000000001,0.384,29.214438356164383,404.75,39.15583561643835
Ouaddaï_2021_Sésame,Ouaddaï,Sahélienne,2021/2022,2021,Autres cultures,Sésame,62496.63293722758,29912.862851353515,478.6315909434414,0.6648000000000001,0.384,29.214438356164383,404.75,39.15583561643835
Ouaddaï_2021_Taro,Ouaddaï,Sahélienne,2021/2022,2021,Autres cultures,Taro,0.0,0.0,,0.6648000000000001,0.384,29.214438356164383,404.75,39.15583561643835
Ouaddaï_2021_Berbéré,Ouaddaï,Sahélienne,2021/2022,2021,Céréales,Berbéré,645.1283815432474,522.0530835031126,809.2235567969905,0.6648000000000001,0.384,29.214438356164383,404.75,39.15583561643835
Ouaddaï_2021_Blé,Ouaddaï,Sahélienne,2021/2022,2021,Céréales,Blé,0.0,0.0,,0.6648000000000001,0.384,29.214438356164383,404.75,39.15583561643835
Ouaddaï_2021_Maïs,Ouaddaï,Sahélienne,2021/2022,2021,Céréales,Maïs,1037.2166393448383,752.6817166704082,725.6745487093634,0.6648000000000001,0.384,29.214438356164383,404.75,39.15583561643835
Ouaddaï_2021_Mil,Ouaddaï,Sahélienne,2021/2022,2021,Céréales,Mil,191731.49407674,128425.82901038937,669.8212499141497,0.6648000000000001,0.384,29.214438356164383,404.75,39.15583561643835
Ouaddaï_2021_Riz,Ouaddaï,Sahélienne,2021/2022,2021,Céréales,Riz,0.0,0.0,,0.6648000000000001,0.384,29.214438356164383,404.75,39.15583561643835
Ouaddaï_2021_Sorgho,Ouaddaï,Sahélienne,2021/2022,2021,Céréales,Sorgho,105657.57878302508,81633.1962522673,772.6203571246558,0.6648000000000001,0.384,29.214438356164383,404.75,39.15583561643835
Salamat_2021_Arachide,Salamat,Sahélienne,2021/2022,2021,Autres cultures,Arachide,9626.907667788782,9706.22696832808,1008.239333260118,0.5920434782608696,0.469,29.214438356164383,404.75,39.15583561643835
Salamat_2021_Manioc,Salamat,Sahélienne,2021/2022,2021,Autres cultures,Manioc,0.0,0.0,,0.5920434782608696,0.469,29.214438356164383,404.75,39.15583561643835
Salamat_2021_Niébé,Salamat,Sahélienne,2021/2022,2021,Autres cultures,Niébé,4491.992535274707,3609.9150283053873,803.6333542314366,0.5920434782608696,0.469,29.214438356164383,404.75,39.15583561643835
Salamat_2021_Patate_douce,Salamat,Sahélienne,2021/2022,2021,Autres cultures,Patate douce,2514.715731491985,26520.91725815357,10546.288364139937,0.5920434782608696,0.469,29.214438356164383,404.75,39.15583561643835
Salamat_2021_Pois_de_terre,Salamat,Sahélienne,2021/2022,2021,Autres cultures,Pois de terre,517.524,464.94536937343486,898.40349312,0.5920434782608696,0.469,29.214438356164383,404.75,39.15583561643835
Salamat_2021_Sésame,Salamat,Sahélienne,2021/2022,2021,Autres cultures,Sésame,11115.015333744,5452.683738277062,490.5691602352806,0.5920434782608696,0.469,29.214438356164383,404.75,39.15583561643835
Salamat_2021_Taro,Salamat,Sahélienne,2021/2022,2021,Autres cultures,Taro,0.0,0.0,,0.5920434782608696,0.469,29.214438356164383,404.75,39.15583561643835
Salamat_2021_Berbéré,Salamat,Sahélienne,2021/2022,2021,Céréales,Berbéré,210729.2424787284,301345.47169752006,1430.0125988823725,0.5920434782608696,0.469,29.214438356164383,404.75,39.15583561643835
Salamat_2021_Blé,Salamat,Sahélienne,2021/2022,2021,Céréales,Blé,0.0,0.0,,0.5920434782608696,0.469,29.214438356164383,404.75,39.15583561643835
Salamat_2021_Maïs,Salamat,Sahélienne,2021/2022,2021,Céréales,Maïs,34694.86157464843,44042.89706573272,1269.435733904611,0.5920434782608696,0.469,29.214438356164383,404.75,39.15583561643835
Salamat_2021_Mil,Salamat,Sahélienne,2021/2022,2021,Céréales,Mil,7403.05564841848,5437.420420701124,734.4832564999999,0.5920434782608696,0.469,29.214438356164383,404.75,39.15583561643835
Salamat_2021_Riz,Salamat,Sahélienne,2021/2022,2021,Céréales,Riz,5396.298916456703,17720.867615211842,3283.8928846528115,0.5920434782608696,0.469,29.214438356164383,404.75,39.15583561643835
Salamat_2021_Sorgho,Salamat,Sahélienne,2021/2022,2021,Céréales,Sorgho,22543.6001887656,24973.01004928763,1107.764946156768,0.5920434782608696,0.469,29.214438356164383,404.75,39.15583561643835
Sila_2021_Arachide,Sila,Sahélienne,2021/2022,2021,Autres cultures,Arachide,74867.0594057152,78424.19635449085,1047.5127108906338,0.6202105263157894,0.484,29.214438356164383,404.75,39.15583561643835
Sila_2021_Manioc,Sila,Sahélienne,2021/2022,2021,Autres cultures,Manioc,0.0,0.0,,0.6202105263157894,0.484,29.214438356164383,404.75,39.15583561643835
Sila_2021_Niébé,Sila,Sahélienne,2021/2022,2021,Autres cultures,Niébé,24070.190897377142,14731.091289660822,612.0055861819536,0.6202105263157894,0.484,29.214438356164383,404.75,39.15583561643835
Sila_2021_Patate_douce,Sila,Sahélienne,2021/2022,2021,Autres cultures,Patate douce,151.8,774.3952791793746,5101.418176412217,0.6202105263157894,0.484,29.214438356164383,404.75,39.15583561643835
Sila_2021_Pois_de_terre,Sila,Sahélienne,2021/2022,2021,Autres cultures,Pois de terre,0.0,0.0,,0.6202105263157894,0.484,29.214438356164383,404.75,39.15583561643835
Sila_2021_Sésame,Sila,Sahélienne,2021/2022,2021,Autres cultures,Sésame,59888.79246757566,36557.14088643184,610.41706436516,0.6202105263157894,0.484,29.214438356164383,404.75,39.15583561643835
Sila_2021_Taro,Sila,Sahélienne,2021/2022,2021,Autres cultures,Taro,0.0,0.0,,0.6202105263157894,0.484,29.214438356164383,404.75,39.15583561643835
Sila_2021_Berbéré,Sila,Sahélienne,2021/2022,2021,Céréales,Berbéré,13442.806442551408,16292.76964000794,1212.0065634833031,0.6202105263157894,0.484,29.214438356164383,404.75,39.15583561643835
Sila_2021_Blé,Sila,Sahélienne,2021/2022,2021,Céréales,Blé,0.0,0.0,,0.6202105263157894,0.484,29.214438356164383,404.75,39.15583561643835
Sila_2021_Maïs,Sila,Sahélienne,2021/2022,2021,Céréales,Maïs,54181.128377497305,73232.86783337485,1351.6305404925856,0.6202105263157894,0.484,29.214438356164383,404.75,39.15583561643835
Sila_2021_Mil,Sila,Sahélienne,2021/2022,2021,Céréales,Mil,108772.86127305326,81257.67828542172,747.0400000000001,0.6202105263157894,0.484,29.214438356164383,404.75,39.15583561643835
Sila_2021_Riz,Sila,Sahélienne,2021/2022,2021,Céréales,Riz,317.17890702708183,370.5500052517818,1168.2681194816746,0.6202105263157894,0.484,29.214438356164383,404.75,39.15583561643835
Sila_2021_Sorgho,Sila,Sahélienne,2021/2022,2021,Céréales,Sorgho,152526.35666733474,151252.286104384,991.6468826058074,0.6202105263157894,0.484,29.214438356164383,404.75,39.15583561643835
Wadi_Fira_2021_Arachide,Wadi Fira,Sahélienne,2021/2022,2021,Autres cultures,Arachide,23644.11360796147,23726.838574796297,1003.4987552591936,0.747,0.608,29.214438356164383,404.75,39.15583561643835
Wadi_Fira_2021_Manioc,Wadi Fira,Sahélienne,2021/2022,2021,Autres cultures,Manioc,0.0,0.0,,0.747,0.608,29.214438356164383,404.75,39.15583561643835
Wadi_Fira_2021_Niébé,Wadi Fira,Sahélienne,2021/2022,2021,Autres cultures,Niébé,4552.300175071346,2233.9934885091407,490.7394948915311,0.747,0.608,29.214438356164383,404.75,39.15583561643835
Wadi_Fira_2021_Patate_douce,Wadi Fira,Sahélienne,2021/2022,2021,Autres cultures,Patate douce,0.0,0.0,,0.747,0.608,29.214438356164383,404.75,39.15583561643835
Wadi_Fira_2021_Pois_de_terre,Wadi Fira,Sahélienne,2021/2022,2021,Autres cultures,Pois de terre,0.0,0.0,,0.747,0.608,29.214438356164383,404.75,39.15583561643835
Wadi_Fira_2021_Sésame,Wadi Fira,Sahélienne,2021/2022,2021,Autres cultures,Sésame,4921.756415694078,1577.800180890091,320.5766493967349,0.747,0.608,29.214438356164383,404.75,39.15583561643835
Wadi_Fira_2021_Taro,Wadi Fira,Sahélienne,2021/2022,2021,Autres cultures,Taro,0.0,0.0,,0.747,0.608,29.214438356164383,404.75,39.15583561643835
Wadi_Fira_2021_Berbéré,Wadi Fira,Sahélienne,2021/2022,2021,Céréales,Berbéré,,0.0,,0.747,0.608,29.214438356164383,404.75,39.15583561643835
Wadi_Fira_2021_Blé,Wadi Fira,Sahélienne,2021/2022,2021,Céréales,Blé,0.0,0.0,,0.747,0.608,29.214438356164383,404.75,39.15583561643835
Wadi_Fira_2021_Maïs,Wadi Fira,Sahélienne,2021/2022,2021,Céréales,Maïs,0.0,0.0,,0.747,0.608,29.214438356164383,404.75,39.15583561643835
Wadi_Fira_2021_Mil,Wadi Fira,Sahélienne,2021/2022,2021,Céréales,Mil,108838.0621101534,50315.83611352391,462.3,0.747,0.608,29.214438356164383,404.75,39.15583561643835
Wadi_Fira_2021_Riz,Wadi Fira,Sahélienne,2021/2022,2021,Céréales,Riz,0.0,0.0,,0.747,0.608,29.214438356164383,404.75,39.15583561643835
Wadi_Fira_2021_Sorgho,Wadi Fira,Sahélienne,2021/2022,2021,Céréales,Sorgho,29359.303747550868,24498.19197967424,834.4268716426174,0.747,0.608,29.214438356164383,404.75,39.15583561643835
Logone_Occidental_2021_Arachide,Logone Occidental,Soudanienne,2021/2022,2021,Autres cultures,Arachide,72861.64295093839,78497.2629778055,1077.3468700213346,0.4312857142857143,0.32,29.214438356164383,404.75,39.15583561643835
Logone_Occidental_2021_Manioc,Logone Occidental,Soudanienne,2021/2022,2021,Autres cultures,Manioc,5823.2,78164.37028821757,13422.92387144827,0.4312857142857143,0.32,29.214438356164383,404.75,39.15583561643835
Logone_Occidental_2021_Niébé,Logone Occidental,Soudanienne,2021/2022,2021,Autres cultures,Niébé,11927.867055364315,6724.762219418433,563.7858125182665,0.4312857142857143,0.32,29.214438356164383,404.75,39.15583561643835
Logone_Occidental_2021_Patate_douce,Logone Occidental,Soudanienne,2021/2022,2021,Autres cultures,Patate douce,6426.14,38204.29429121645,5945.138806689,0.4312857142857143,0.32,29.214438356164383,404.75,39.15583561643835
Logone_Occidental_2021_Pois_de_terre,Logone Occidental,Soudanienne,2021/2022,2021,Autres cultures,Pois de terre,1336.54228322839,1217.859241485363,911.2014313109868,0.4312857142857143,0.32,29.214438356164383,404.75,39.15583561643835
Logone_Occidental_2021_Sésame,Logone Occidental,Soudanienne,2021/2022,2021,Autres cultures,Sésame,51627.741073911246,26551.33448754692,514.2842575571054,0.4312857142857143,0.32,29.214438356164383,404.75,39.15583561643835
Logone_Occidental_2021_Taro,Logone Occidental,Soudanienne,2021/2022,2021,Autres cultures,Taro,139.1,246.458729042624,1771.8096983653777,0.4312857142857143,0.32,29.214438356164383,404.75,39.15583561643835
Logone_Occidental_2021_Berbéré,Logone Occidental,Soudanienne,2021/2022,2021,Céréales,Berbéré,0.0,0.0,,0.4312857142857143,0.32,29.214438356164383,404.75,39.15583561643835
Logone_Occidental_2021_Blé,Logone Occidental,Soudanienne,2021/2022,2021,Céréales,Blé,0.0,0.0,,0.4312857142857143,0.32,29.214438356164383,404.75,39.15583561643835
Logone_Occidental_2021_Maïs,Logone Occidental,Soudanienne,2021/2022,2021,Céréales,Maïs,14007.27133041246,13085.382767801362,934.185,0.4312857142857143,0.32,29.214438356164383,404.75,39.15583561643835
Logone_Occidental_2021_Mil,Logone Occidental,Soudanienne,2021/2022,2021,Céréales,Mil,24784.06852206161,14467.452159068249,583.74,0.4312857142857143,0.32,29.214438356164383,404.75,39.15583561643835
Logone_Occidental_2021_Riz,Logone Occidental,Soudanienne,2021/2022,2021,Céréales,Riz,14540.456736091885,16890.93224578782,1161.6507343859191,0.4312857142857143,0.32,29.214438356164383,404.75,39.15583561643835
Logone_Occidental_2021_Sorgho,Logone Occidental,Soudanienne,2021/2022,2021,Céréales,Sorgho,58653.31759875749,45859.11791112668,781.8674166880912,0.4312857142857143,0.32,29.214438356164383,404.75,39.15583561643835
Logone_Oriental_2021_Arachide,Logone Oriental,Soudanienne,2021/2022,2021,Autres cultures,Arachide,51456.956782295,66651.5837086935,1295.288098569144,0.5257872340425532,0.354,29.214438356164383,404.75,39.15583561643835
Logone_Oriental_2021_Manioc,Logone Oriental,Soudanienne,2021/2022,2021,Autres cultures,Manioc,3594.174,29208.533254284976,8126.633060693493,0.5257872340425532,0.354,29.214438356164383,404.75,39.15583561643835
Logone_Oriental_2021_Niébé,Logone Oriental,Soudanienne,2021/2022,2021,Autres cultures,Niébé,13651.12026036392,8979.405963783584,657.7779546675978,0.5257872340425532,0.354,29.214438356164383,404.75,39.15583561643835
Logone_Oriental_2021_Patate_douce,Logone Oriental,Soudanienne,2021/2022,2021,Autres cultures,Patate douce,5953.289663427746,28976.60663333821,4867.326851462868,0.5257872340425532,0.354,29.214438356164383,404.75,39.15583561643835
Logone_Oriental_2021_Pois_de_terre,Logone Oriental,Soudanienne,2021/2022,2021,Autres cultures,Pois de terre,5345.366042932037,6055.549173398724,1132.859588054916,0.5257872340425532,0.354,29.214438356164383,404.75,39.15583561643835
Logone_Oriental_2021_Sésame,Logone Oriental,Soudanienne,2021/2022,2021,Autres cultures,Sésame,38213.442651427344,20741.6137334068,542.783175088572,0.5257872340425532,0.354,29.214438356164383,404.75,39.15583561643835
Logone_Oriental_2021_Taro,Logone Oriental,Soudanienne,2021/2022,2021,Autres cultures,Taro,2596.0,4135.004036002059,1592.8366856710552,0.5257872340425532,0.354,29.214438356164383,404.75,39.15583561643835
Logone_Oriental_2021_Berbéré,Logone Oriental,Soudanienne,2021/2022,2021,Céréales,Berbéré,0.0,0.0,,0.5257872340425532,0.354,29.214438356164383,404.75,39.15583561643835
Logone_Oriental_2021_Blé,Logone Oriental,Soudanienne,2021/2022,2021,Céréales,Blé,0.0,0.0,,0.5257872340425532,0.354,29.214438356164383,404.75,39.15583561643835
Logone_Oriental_2021_Maïs,Logone Oriental,Soudanienne,2021/2022,2021,Céréales,Maïs,19604.96600096593,20399.35922332507,1040.5200000000002,0.5257872340425532,0.354,29.214438356164383,404.75,39.15583561643835
Logone_Oriental_2021_Mil,Logone Oriental,Soudanienne,2021/2022,2021,Céréales,Mil,27134.015593615743,19632.770882253964,723.5483010068469,0.5257872340425532,0.354,29.214438356164383,404.75,39.15583561643835
Logone_Oriental_2021_Riz,Logone Oriental,Soudanienne,2021/2022,2021,Céréales,Riz,22313.275772890607,22179.547383758112,994.006779170678,0.5257872340425532,0.354,29.214438356164383,404.75,39.15583561643835
Logone_Oriental_2021_Sorgho,Logone Oriental,Soudanienne,2021/2022,2021,Céréales,Sorgho,65083.50074301913,62460.08450608726,959.69153154053,0.5257872340425532,0.354,29.214438356164383,404.75,39.15583561643835
Mandoul_2021_Arachide,Mandoul,Soudanienne,2021/2022,2021,Autres cultures,Arachide,47768.565735840966,62995.67515913035,1318.7684032109094,0.5054642857142857,0.147,29.214438356164383,404.75,39.15583561643835
Mandoul_2021_Manioc,Mandoul,Soudanienne,2021/2022,2021,Autres cultures,Manioc,7280.51594676801,66644.33917901391,9153.793449020448,0.5054642857142857,0.147,29.214438356164383,404.75,39.15583561643835
Mandoul_2021_Niébé,Mandoul,Soudanienne,2021/2022,2021,Autres cultures,Niébé,22011.829910454195,15995.654473770015,726.6844482644814,0.5054642857142857,0.147,29.214438356164383,404.75,39.15583561643835
Mandoul_2021_Patate_douce,Mandoul,Soudanienne,2021/2022,2021,Autres cultures,Patate douce,1818.9742731339427,12059.208503138225,6629.67513133718,0.5054642857142857,0.147,29.214438356164383,404.75,39.15583561643835
Mandoul_2021_Pois_de_terre,Mandoul,Soudanienne,2021/2022,2021,Autres cultures,Pois de terre,5963.459566614972,8514.41943707284,1427.7650987589182,0.5054642857142857,0.147,29.214438356164383,404.75,39.15583561643835
Mandoul_2021_Sésame,Mandoul,Soudanienne,2021/2022,2021,Autres cultures,Sésame,29089.58214402441,14749.89219833604,507.050672825356,0.5054642857142857,0.147,29.214438356164383,404.75,39.15583561643835
Mandoul_2021_Taro,Mandoul,Soudanienne,2021/2022,2021,Autres cultures,Taro,2546.38581629755,7452.507587577058,2926.700086011718,0.5054642857142857,0.147,29.214438356164383,404.75,39.15583561643835
Mandoul_2021_Berbéré,Mandoul,Soudanienne,2021/2022,2021,Céréales,Berbéré,0.0,0.0,,0.5054642857142857,0.147,29.214438356164383,404.75,39.15583561643835
Mandoul_2021_Blé,Mandoul,Soudanienne,2021/2022,2021,Céréales,Blé,0.0,0.0,,0.5054642857142857,0.147,29.214438356164383,404.75,39.15583561643835
Mandoul_2021_Maïs,Mandoul,Soudanienne,2021/2022,2021,Céréales,Maïs,12657.25157546801,13926.836309504675,1100.3049300605942,0.5054642857142857,0.147,29.214438356164383,404.75,39.15583561643835
Mandoul_2021_Mil,Mandoul,Soudanienne,2021/2022,2021,Céréales,Mil,45221.163323262,25307.915685338485,559.6476035882952,0.5054642857142857,0.147,29.214438356164383,404.75,39.15583561643835
Mandoul_2021_Riz,Mandoul,Soudanienne,2021/2022,2021,Céréales,Riz,17444.049834734768,18286.25698234245,1048.2804827770367,0.5054642857142857,0.147,29.214438356164383,404.75,39.15583561643835
Mandoul_2021_Sorgho,Mandoul,Soudanienne,2021/2022,2021,Céréales,Sorgho,73040.09221453838,51635.82192423043,706.9517624999999,0.5054642857142857,0.147,29.214438356164383,404.75,39.15583561643835
Mayo-Kebbi_Est_2021_Arachide,Mayo-Kebbi Est,Soudanienne,2021/2022,2021,Autres cultures,Arachide,30129.28005118303,31546.18112676985,1047.0273791202385,0.5187499999999999,0.4,29.214438356164383,404.75,39.15583561643835
Mayo-Kebbi_Est_2021_Manioc,Mayo-Kebbi Est,Soudanienne,2021/2022,2021,Autres cultures,Manioc,3425.43,36406.09625574451,10628.182813761923,0.5187499999999999,0.4,29.214438356164383,404.75,39.15583561643835
Mayo-Kebbi_Est_2021_Niébé,Mayo-Kebbi Est,Soudanienne,2021/2022,2021,Autres cultures,Niébé,19248.18323857093,11585.340486735176,601.8926743963873,0.5187499999999999,0.4,29.214438356164383,404.75,39.15583561643835
Mayo-Kebbi_Est_2021_Patate_douce,Mayo-Kebbi Est,Soudanienne,2021/2022,2021,Autres cultures,Patate douce,818.6560293090315,4792.5082868808895,5854.117132595848,0.5187499999999999,0.4,29.214438356164383,404.75,39.15583561643835
Mayo-Kebbi_Est_2021_Pois_de_terre,Mayo-Kebbi Est,Soudanienne,2021/2022,2021,Autres cultures,Pois de terre,4742.163648572208,2983.0624140209948,629.0509217072566,0.5187499999999999,0.4,29.214438356164383,404.75,39.15583561643835
Mayo-Kebbi_Est_2021_Sésame,Mayo-Kebbi Est,Soudanienne,2021/2022,2021,Autres cultures,Sésame,19873.110459645883,8520.636043499188,428.7520094451796,0.5187499999999999,0.4,29.214438356164383,404.75,39.15583561643835
Mayo-Kebbi_Est_2021_Taro,Mayo-Kebbi Est,Soudanienne,2021/2022,2021,Autres cultures,Taro,1917.76,5990.890506620191,3123.900022223944,0.5187499999999999,0.4,29.214438356164383,404.75,39.15583561643835
Mayo-Kebbi_Est_2021_Berbéré,Mayo-Kebbi Est,Soudanienne,2021/2022,2021,Céréales,Berbéré,62717.983843135655,49992.1798471542,797.0948168900001,0.5187499999999999,0.4,29.214438356164383,404.75,39.15583561643835
Mayo-Kebbi_Est_2021_Blé,Mayo-Kebbi Est,Soudanienne,2021/2022,2021,Céréales,Blé,0.0,0.0,,0.5187499999999999,0.4,29.214438356164383,404.75,39.15583561643835
Mayo-Kebbi_Est_2021_Maïs,Mayo-Kebbi Est,Soudanienne,2021/2022,2021,Céréales,Maïs,12997.1935720479,16691.96988620076,1284.2749316359295,0.5187499999999999,0.4,29.214438356164383,404.75,39.15583561643835
Mayo-Kebbi_Est_2021_Mil,Mayo-Kebbi Est,Soudanienne,2021/2022,2021,Céréales,Mil,26416.20042041551,16731.487884030274,633.3798054885857,0.5187499999999999,0.4,29.214438356164383,404.75,39.15583561643835
Mayo-Kebbi_Est_2021_Riz,Mayo-Kebbi Est,Soudanienne,2021/2022,2021,Céréales,Riz,40117.22022788608,65339.02950349419,1628.70281470988,0.5187499999999999,0.4,29.214438356164383,404.75,39.15583561643835
Mayo-Kebbi_Est_2021_Sorgho,Mayo-Kebbi Est,Soudanienne,2021/2022,2021,Céréales,Sorgho,70591.25686784094,58594.091919766855,830.0474381617137,0.5187499999999999,0.4,29.214438356164383,404.75,39.15583561643835
Mayo-Kebbi_Ouest_2021_Arachide,Mayo-Kebbi Ouest,Soudanienne,2021/2022,2021,Autres cultures,Arachide,36878.80750464577,34264.13940137515,929.1010669761696,0.4676071428571428,0.376,29.214438356164383,404.75,39.15583561643835
Mayo-Kebbi_Ouest_2021_Manioc,Mayo-Kebbi Ouest,Soudanienne,2021/2022,2021,Autres cultures,Manioc,2884.9986,17495.141912583756,6064.176915920776,0.4676071428571428,0.376,29.214438356164383,404.75,39.15583561643835
Mayo-Kebbi_Ouest_2021_Niébé,Mayo-Kebbi Ouest,Soudanienne,2021/2022,2021,Autres cultures,Niébé,8578.381147710286,5365.176834496562,625.4299898913466,0.4676071428571428,0.376,29.214438356164383,404.75,39.15583561643835
Mayo-Kebbi_Ouest_2021_Patate_douce,Mayo-Kebbi Ouest,Soudanienne,2021/2022,2021,Autres cultures,Patate douce,830.9678245847648,3129.912999485208,3766.58747412901,0.4676071428571428,0.376,29.214438356164383,404.75,39.15583561643835
Mayo-Kebbi_Ouest_2021_Pois_de_terre,Mayo-Kebbi Ouest,Soudanienne,2021/2022,2021,Autres cultures,Pois de terre,2505.93748078416,2271.2992576721776,906.3670882010356,0.4676071428571428,0.376,29.214438356164383,404.75,39.15583561643835
Mayo-Kebbi_Ouest_2021_Sésame,Mayo-Kebbi Ouest,Soudanienne,2021/2022,2021,Autres cultures,Sésame,16263.981298585317,7872.762268820623,484.06119782647664,0.4676071428571428,0.376,29.214438356164383,404.75,39.15583561643835
Mayo-Kebbi_Ouest_2021_Taro,Mayo-Kebbi Ouest,Soudanienne,2021/2022,2021,Autres cultures,Taro,1005.72,1789.3884518788975,1779.2113628832055,0.4676071428571428,0.376,29.214438356164383,404.75,39.15583561643835
Mayo-Kebbi_Ouest_2021_Berbéré,Mayo-Kebbi Ouest,Soudanienne,2021/2022,2021,Céréales,Berbéré,10150.802282330164,9454.394779286717,931.3938461538446,0.4676071428571428,0.376,29.214438356164383,404.75,39.15583561643835
Mayo-Kebbi_Ouest_2021_Blé,Mayo-Kebbi Ouest,Soudanienne,2021/2022,2021,Céréales,Blé,0.0,0.0,,0.4676071428571428,0.376,29.214438356164383,404.75,39.15583561643835
Mayo-Kebbi_Ouest_2021_Maïs,Mayo-Kebbi Ouest,Soudanienne,2021/2022,2021,Céréales,Maïs,39599.93739823027,43827.90692295742,1106.7670759731077,0.4676071428571428,0.376,29.214438356164383,404.75,39.15583561643835
Mayo-Kebbi_Ouest_2021_Mil,Mayo-Kebbi Ouest,Soudanienne,2021/2022,2021,Céréales,Mil,7148.71920219276,4245.108952988012,593.8279057996696,0.4676071428571428,0.376,29.214438356164383,404.75,39.15583561643835
Mayo-Kebbi_Ouest_2021_Riz,Mayo-Kebbi Ouest,Soudanienne,2021/2022,2021,Céréales,Riz,7225.965880331111,9199.19525439746,1273.0748258080523,0.4676071428571428,0.376,29.214438356164383,404.75,39.15583561643835
Mayo-Kebbi_Ouest_2021_Sorgho,Mayo-Kebbi Ouest,Soudanienne,2021/2022,2021,Céréales,Sorgho,56198.81105308254,47999.30655103656,854.0982567353401,0.4676071428571428,0.376,29.214438356164383,404.75,39.15583561643835
Moyen-Chari_2021_Arachide,Moyen-Chari,Soudanienne,2021/2022,2021,Autres cultures,Arachide,38380.71892227504,45957.0059815829,1197.39825808502,0.5747358490566038,0.396,29.214438356164383,404.75,39.15583561643835
Moyen-Chari_2021_Manioc,Moyen-Chari,Soudanienne,2021/2022,2021,Autres cultures,Manioc,3496.901538112842,25092.40745006809,7175.611659803727,0.5747358490566038,0.396,29.214438356164383,404.75,39.15583561643835
Moyen-Chari_2021_Niébé,Moyen-Chari,Soudanienne,2021/2022,2021,Autres cultures,Niébé,12488.136162296863,10098.766069194731,808.6687987663107,0.5747358490566038,0.396,29.214438356164383,404.75,39.15583561643835
Moyen-Chari_2021_Patate_douce,Moyen-Chari,Soudanienne,2021/2022,2021,Autres cultures,Patate douce,2000.923425102408,11751.486406867098,5873.031551052813,0.5747358490566038,0.396,29.214438356164383,404.75,39.15583561643835
Moyen-Chari_2021_Pois_de_terre,Moyen-Chari,Soudanienne,2021/2022,2021,Autres cultures,Pois de terre,3624.314851416989,3915.011679905412,1080.2073882667148,0.5747358490566038,0.396,29.214438356164383,404.75,39.15583561643835
Moyen-Chari_2021_Sésame,Moyen-Chari,Soudanienne,2021/2022,2021,Autres cultures,Sésame,14253.52271081917,6423.846503724513,450.6848330797886,0.5747358490566038,0.396,29.214438356164383,404.75,39.15583561643835
Moyen-Chari_2021_Taro,Moyen-Chari,Soudanienne,2021/2022,2021,Autres cultures,Taro,1276.7381895196218,2837.3705496870075,2222.358955797022,0.5747358490566038,0.396,29.214438356164383,404.75,39.15583561643835
Moyen-Chari_2021_Berbéré,Moyen-Chari,Soudanienne,2021/2022,2021,Céréales,Berbéré,4029.430278177261,5384.008690108444,1336.1712,0.5747358490566038,0.396,29.214438356164383,404.75,39.15583561643835
Moyen-Chari_2021_Blé,Moyen-Chari,Soudanienne,2021/2022,2021,Céréales,Blé,0.0,0.0,,0.5747358490566038,0.396,29.214438356164383,404.75,39.15583561643835
Moyen-Chari_2021_Maïs,Moyen-Chari,Soudanienne,2021/2022,2021,Céréales,Maïs,11984.300456471652,10985.409013424714,916.6499999999978,0.5747358490566038,0.396,29.214438356164383,404.75,39.15583561643835
Moyen-Chari_2021_Mil,Moyen-Chari,Soudanienne,2021/2022,2021,Céréales,Mil,20457.440755252068,13168.045465340652,643.6800000000001,0.5747358490566038,0.396,29.214438356164383,404.75,39.15583561643835
Moyen-Chari_2021_Riz,Moyen-Chari,Soudanienne,2021/2022,2021,Céréales,Riz,4229.289403217679,4866.406476076003,1150.644,0.5747358490566038,0.396,29.214438356164383,404.75,39.15583561643835
Moyen-Chari_2021_Sorgho,Moyen-Chari,Soudanienne,2021/2022,2021,Céréales,Sorgho,53348.30374436871,42491.83324844035,796.4983001530891,0.5747358490566038,0.396,29.214438356164383,404.75,39.15583561643835
Tandjilé_2021_Arachide,Tandjilé,Soudanienne,2021/2022,2021,Autres cultures,Arachide,30958.691382796165,34380.617953793044,1110.532015991427,0.5025813953488373,0.384,29.214438356164383,404.75,39.15583561643835
Tandjilé_2021_Manioc,Tandjilé,Soudanienne,2021/2022,2021,Autres cultures,Manioc,3489.480693449039,29857.649264547206,8556.473552239546,0.5025813953488373,0.384,29.214438356164383,404.75,39.15583561643835
Tandjilé_2021_Niébé,Tandjilé,Soudanienne,2021/2022,2021,Autres cultures,Niébé,9587.55966569784,6301.815348180728,657.2908610652222,0.5025813953488373,0.384,29.214438356164383,404.75,39.15583561643835
Tandjilé_2021_Patate_douce,Tandjilé,Soudanienne,2021/2022,2021,Autres cultures,Patate douce,3082.8697226883555,23027.54176714365,7469.515042323275,0.5025813953488373,0.384,29.214438356164383,404.75,39.15583561643835
Tandjilé_2021_Pois_de_terre,Tandjilé,Soudanienne,2021/2022,2021,Autres cultures,Pois de terre,1093.9060066264728,615.7821827849142,562.9205608660492,0.5025813953488373,0.384,29.214438356164383,404.75,39.15583561643835
Tandjilé_2021_Sésame,Tandjilé,Soudanienne,2021/2022,2021,Autres cultures,Sésame,13836.977817034283,6816.369402751226,492.6198114128505,0.5025813953488373,0.384,29.214438356164383,404.75,39.15583561643835
Tandjilé_2021_Taro,Tandjilé,Soudanienne,2021/2022,2021,Autres cultures,Taro,2088.39062420629,3709.16859265137,1776.0894679658268,0.5025813953488373,0.384,29.214438356164383,404.75,39.15583561643835
Tandjilé_2021_Berbéré,Tandjilé,Soudanienne,2021/2022,2021,Céréales,Berbéré,7024.255335919536,4913.129054943807,699.4519447235663,0.5025813953488373,0.384,29.214438356164383,404.75,39.15583561643835
Tandjilé_2021_Blé,Tandjilé,Soudanienne,2021/2022,2021,Céréales,Blé,0.0,0.0,,0.5025813953488373,0.384,29.214438356164383,404.75,39.15583561643835
Tandjilé_2021_Maïs,Tandjilé,Soudanienne,2021/2022,2021,Céréales,Maïs,6892.023422229105,5707.444745687034,828.1232369696532,0.5025813953488373,0.384,29.214438356164383,404.75,39.15583561643835
Tandjilé_2021_Mil,Tandjilé,Soudanienne,2021/2022,2021,Céréales,Mil,28349.91459152664,18889.868449876376,666.3113001237143,0.5025813953488373,0.384,29.214438356164383,404.75,39.15583561643835
Tandjilé_2021_Riz,Tandjilé,Soudanienne,2021/2022,2021,Céréales,Riz,56067.3375,67678.57314297894,1207.0944717676125,0.5025813953488373,0.384,29.214438356164383,404.75,39.15583561643835
Tandjilé_2021_Sorgho,Tandjilé,Soudanienne,2021/2022,2021,Céréales,Sorgho,43065.87030285121,32044.09479597287,744.0716876410452,0.5025813953488373,0.384,29.214438356164383,404.75,39.15583561643835
Barh_El_Ghazal_2022_Arachide,Barh El Ghazal,Sahélienne,2022/2023,2022,Autres cultures,Arachide,0.0,0.0,,0.7415,0.541,28.52769863013699,632.82,42.55156164383562
Barh_El_Ghazal_2022_Manioc,Barh El Ghazal,Sahélienne,2022/2023,2022,Autres cultures,Manioc,0.0,0.0,,0.7415,0.541,28.52769863013699,632.82,42.55156164383562
Barh_El_Ghazal_2022_Niébé,Barh El Ghazal,Sahélienne,2022/2023,2022,Autres cultures,Niébé,167.0,46.59882151452631,279.034859368421,0.7415,0.541,28.52769863013699,632.82,42.55156164383562
Barh_El_Ghazal_2022_Patate_douce,Barh El Ghazal,Sahélienne,2022/2023,2022,Autres cultures,Patate douce,0.0,0.0,,0.7415,0.541,28.52769863013699,632.82,42.55156164383562
Barh_El_Ghazal_2022_Pois_de_terre,Barh El Ghazal,Sahélienne,2022/2023,2022,Autres cultures,Pois de terre,0.0,0.0,,0.7415,0.541,28.52769863013699,632.82,42.55156164383562
Barh_El_Ghazal_2022_Sésame,Barh El Ghazal,Sahélienne,2022/2023,2022,Autres cultures,Sésame,0.0,0.0,,0.7415,0.541,28.52769863013699,632.82,42.55156164383562
Barh_El_Ghazal_2022_Taro,Barh El Ghazal,Sahélienne,2022/2023,2022,Autres cultures,Taro,0.0,0.0,,0.7415,0.541,28.52769863013699,632.82,42.55156164383562
Barh_El_Ghazal_2022_Berbéré,Barh El Ghazal,Sahélienne,2022/2023,2022,Céréales,Berbéré,,0.0,,0.7415,0.541,28.52769863013699,632.82,42.55156164383562
Barh_El_Ghazal_2022_Blé,Barh El Ghazal,Sahélienne,2022/2023,2022,Céréales,Blé,0.0,0.0,,0.7415,0.541,28.52769863013699,632.82,42.55156164383562
Barh_El_Ghazal_2022_Maïs,Barh El Ghazal,Sahélienne,2022/2023,2022,Céréales,Maïs,1924.747734,1245.9893245567075,647.3520153040001,0.7415,0.541,28.52769863013699,632.82,42.55156164383562
Barh_El_Ghazal_2022_Mil,Barh El Ghazal,Sahélienne,2022/2023,2022,Céréales,Mil,41779.651452000006,14887.495480364772,356.33364479999995,0.7415,0.541,28.52769863013699,632.82,42.55156164383562
Barh_El_Ghazal_2022_Riz,Barh El Ghazal,Sahélienne,2022/2023,2022,Céréales,Riz,,0.0,,0.7415,0.541,28.52769863013699,632.82,42.55156164383562
Barh_El_Ghazal_2022_Sorgho,Barh El Ghazal,Sahélienne,2022/2023,2022,Céréales,Sorgho,168.2032,86.96928571343975,517.0489367232,0.7415,0.541,28.52769863013699,632.82,42.55156164383562
Batha_2022_Arachide,Batha,Sahélienne,2022/2023,2022,Autres cultures,Arachide,25993.67,24248.686985247223,932.8689248285148,0.7134473684210526,0.525,28.52769863013699,632.82,42.55156164383562
Batha_2022_Manioc,Batha,Sahélienne,2022/2023,2022,Autres cultures,Manioc,0.0,0.0,,0.7134473684210526,0.525,28.52769863013699,632.82,42.55156164383562
Batha_2022_Niébé,Batha,Sahélienne,2022/2023,2022,Autres cultures,Niébé,12808.31,7234.874975746676,564.8578911461915,0.7134473684210526,0.525,28.52769863013699,632.82,42.55156164383562
Batha_2022_Patate_douce,Batha,Sahélienne,2022/2023,2022,Autres cultures,Patate douce,258.362,1207.254404273105,4672.724333582743,0.7134473684210526,0.525,28.52769863013699,632.82,42.55156164383562
Batha_2022_Pois_de_terre,Batha,Sahélienne,2022/2023,2022,Autres cultures,Pois de terre,0.0,0.0,,0.7134473684210526,0.525,28.52769863013699,632.82,42.55156164383562
Batha_2022_Sésame,Batha,Sahélienne,2022/2023,2022,Autres cultures,Sésame,7295.628000000001,2940.4644600497345,403.0447358403875,0.7134473684210526,0.525,28.52769863013699,632.82,42.55156164383562
Batha_2022_Taro,Batha,Sahélienne,2022/2023,2022,Autres cultures,Taro,0.0,0.0,,0.7134473684210526,0.525,28.52769863013699,632.82,42.55156164383562
Batha_2022_Berbéré,Batha,Sahélienne,2022/2023,2022,Céréales,Berbéré,103576.20283427858,67596.56172985422,652.6263743999999,0.7134473684210526,0.525,28.52769863013699,632.82,42.55156164383562
Batha_2022_Blé,Batha,Sahélienne,2022/2023,2022,Céréales,Blé,0.0,0.0,,0.7134473684210526,0.525,28.52769863013699,632.82,42.55156164383562
Batha_2022_Maïs,Batha,Sahélienne,2022/2023,2022,Céréales,Maïs,81.885396,48.28618031328,589.68,0.7134473684210526,0.525,28.52769863013699,632.82,42.55156164383562
Batha_2022_Mil,Batha,Sahélienne,2022/2023,2022,Céréales,Mil,136458.0665,55593.75403244073,407.405406352,0.7134473684210526,0.525,28.52769863013699,632.82,42.55156164383562
Batha_2022_Riz,Batha,Sahélienne,2022/2023,2022,Céréales,Riz,111.328,86.57533248,777.66,0.7134473684210526,0.525,28.52769863013699,632.82,42.55156164383562
Batha_2022_Sorgho,Batha,Sahélienne,2022/2023,2022,Céréales,Sorgho,49782.009024,32635.437430701902,655.56690199,0.7134473684210526,0.525,28.52769863013699,632.82,42.55156164383562
Chari-Baguirmi_2022_Arachide,Chari-Baguirmi,Sahélienne,2022/2023,2022,Autres cultures,Arachide,62100.53397682736,72979.23550427418,1175.178872560197,0.6941818181818182,0.507,28.52769863013699,632.82,42.55156164383562
Chari-Baguirmi_2022_Manioc,Chari-Baguirmi,Sahélienne,2022/2023,2022,Autres cultures,Manioc,1631.1387120000002,4401.144279818367,2698.203560150908,0.6941818181818182,0.507,28.52769863013699,632.82,42.55156164383562
Chari-Baguirmi_2022_Niébé,Chari-Baguirmi,Sahélienne,2022/2023,2022,Autres cultures,Niébé,33383.07283466786,33275.021984936044,996.7633042570124,0.6941818181818182,0.507,28.52769863013699,632.82,42.55156164383562
Chari-Baguirmi_2022_Patate_douce,Chari-Baguirmi,Sahélienne,2022/2023,2022,Autres cultures,Patate douce,996.5882829866748,4645.240725415502,4661.143227064825,0.6941818181818182,0.507,28.52769863013699,632.82,42.55156164383562
Chari-Baguirmi_2022_Pois_de_terre,Chari-Baguirmi,Sahélienne,2022/2023,2022,Autres cultures,Pois de terre,1296.05024,1179.5874631999086,910.140229749048,0.6941818181818182,0.507,28.52769863013699,632.82,42.55156164383562
Chari-Baguirmi_2022_Sésame,Chari-Baguirmi,Sahélienne,2022/2023,2022,Autres cultures,Sésame,33684.94395932211,18755.129270740723,556.7807769960784,0.6941818181818182,0.507,28.52769863013699,632.82,42.55156164383562
Chari-Baguirmi_2022_Taro,Chari-Baguirmi,Sahélienne,2022/2023,2022,Autres cultures,Taro,0.0,0.0,,0.6941818181818182,0.507,28.52769863013699,632.82,42.55156164383562
Chari-Baguirmi_2022_Berbéré,Chari-Baguirmi,Sahélienne,2022/2023,2022,Céréales,Berbéré,17732.85756516995,20440.151646574697,1152.6710554943093,0.6941818181818182,0.507,28.52769863013699,632.82,42.55156164383562
Chari-Baguirmi_2022_Blé,Chari-Baguirmi,Sahélienne,2022/2023,2022,Céréales,Blé,0.0,0.0,,0.6941818181818182,0.507,28.52769863013699,632.82,42.55156164383562
Chari-Baguirmi_2022_Maïs,Chari-Baguirmi,Sahélienne,2022/2023,2022,Céréales,Maïs,42935.480980002525,36935.24751304717,860.25,0.6941818181818182,0.507,28.52769863013699,632.82,42.55156164383562
Chari-Baguirmi_2022_Mil,Chari-Baguirmi,Sahélienne,2022/2023,2022,Céréales,Mil,150178.84100122197,101250.77340977357,674.2013237999998,0.6941818181818182,0.507,28.52769863013699,632.82,42.55156164383562
Chari-Baguirmi_2022_Riz,Chari-Baguirmi,Sahélienne,2022/2023,2022,Céréales,Riz,11680.15232314198,14102.70641363328,1207.4077480728974,0.6941818181818182,0.507,28.52769863013699,632.82,42.55156164383562
Chari-Baguirmi_2022_Sorgho,Chari-Baguirmi,Sahélienne,2022/2023,2022,Céréales,Sorgho,173941.9919166235,143371.35900010765,824.2481152500001,0.6941818181818182,0.507,28.52769863013699,632.82,42.55156164383562
Guéra_2022_Arachide,Guéra,Sahélienne,2022/2023,2022,Autres cultures,Arachide,36413.53,33258.77357365458,913.363070640352,0.7712631578947369,0.445,28.52769863013699,632.82,42.55156164383562
Guéra_2022_Manioc,Guéra,Sahélienne,2022/2023,2022,Autres cultures,Manioc,543.51,715.2808435760364,1316.0398954500129,0.7712631578947369,0.445,28.52769863013699,632.82,42.55156164383562
Guéra_2022_Niébé,Guéra,Sahélienne,2022/2023,2022,Autres cultures,Niébé,7759.82,4695.585488666511,605.1152589449898,0.7712631578947369,0.445,28.52769863013699,632.82,42.55156164383562
Guéra_2022_Patate_douce,Guéra,Sahélienne,2022/2023,2022,Autres cultures,Patate douce,1788.06,10650.536825494612,5956.476195147038,0.7712631578947369,0.445,28.52769863013699,632.82,42.55156164383562
Guéra_2022_Pois_de_terre,Guéra,Sahélienne,2022/2023,2022,Autres cultures,Pois de terre,3301.298,4650.448528045735,1408.672748732691,0.7712631578947369,0.445,28.52769863013699,632.82,42.55156164383562
Guéra_2022_Sésame,Guéra,Sahélienne,2022/2023,2022,Autres cultures,Sésame,19172.604,9023.257836654017,470.6328799496415,0.7712631578947369,0.445,28.52769863013699,632.82,42.55156164383562
Guéra_2022_Taro,Guéra,Sahélienne,2022/2023,2022,Autres cultures,Taro,0.0,0.0,,0.7712631578947369,0.445,28.52769863013699,632.82,42.55156164383562
Guéra_2022_Berbéré,Guéra,Sahélienne,2022/2023,2022,Céréales,Berbéré,30411.5599759776,27474.030429713843,903.40746911424,0.7712631578947369,0.445,28.52769863013699,632.82,42.55156164383562
Guéra_2022_Blé,Guéra,Sahélienne,2022/2023,2022,Céréales,Blé,0.0,0.0,,0.7712631578947369,0.445,28.52769863013699,632.82,42.55156164383562
Guéra_2022_Maïs,Guéra,Sahélienne,2022/2023,2022,Céréales,Maïs,3440.556,2187.914930964,635.919,0.7712631578947369,0.445,28.52769863013699,632.82,42.55156164383562
Guéra_2022_Mil,Guéra,Sahélienne,2022/2023,2022,Céréales,Mil,65417.177397900006,33560.400221202115,513.02122097184,0.7712631578947369,0.445,28.52769863013699,632.82,42.55156164383562
Guéra_2022_Riz,Guéra,Sahélienne,2022/2023,2022,Céréales,Riz,549.4879999999999,498.96394113024,908.05248,0.7712631578947369,0.445,28.52769863013699,632.82,42.55156164383562
Guéra_2022_Sorgho,Guéra,Sahélienne,2022/2023,2022,Céréales,Sorgho,107876.2392972,97549.24683623378,904.2699993228792,0.7712631578947369,0.445,28.52769863013699,632.82,42.55156164383562
Hadjer-Lamis_2022_Arachide,Hadjer-Lamis,Sahélienne,2022/2023,2022,Autres cultures,Arachide,55892.31311555691,51898.25083817359,928.5400432591574,0.66015,0.56,28.52769863013699,632.82,42.55156164383562
Hadjer-Lamis_2022_Manioc,Hadjer-Lamis,Sahélienne,2022/2023,2022,Autres cultures,Manioc,916.2864,652.4007067547846,712.0052275738071,0.66015,0.56,28.52769863013699,632.82,42.55156164383562
Hadjer-Lamis_2022_Niébé,Hadjer-Lamis,Sahélienne,2022/2023,2022,Autres cultures,Niébé,27442.970551376136,19178.658360209887,698.8550428353016,0.66015,0.56,28.52769863013699,632.82,42.55156164383562
Hadjer-Lamis_2022_Patate_douce,Hadjer-Lamis,Sahélienne,2022/2023,2022,Autres cultures,Patate douce,301.7241278175814,2443.702557190786,8099.128746734559,0.66015,0.56,28.52769863013699,632.82,42.55156164383562
Hadjer-Lamis_2022_Pois_de_terre,Hadjer-Lamis,Sahélienne,2022/2023,2022,Autres cultures,Pois de terre,0.0,0.0,,0.66015,0.56,28.52769863013699,632.82,42.55156164383562
Hadjer-Lamis_2022_Sésame,Hadjer-Lamis,Sahélienne,2022/2023,2022,Autres cultures,Sésame,16973.193531454657,6967.963505549763,410.5275470191724,0.66015,0.56,28.52769863013699,632.82,42.55156164383562
Hadjer-Lamis_2022_Taro,Hadjer-Lamis,Sahélienne,2022/2023,2022,Autres cultures,Taro,0.0,0.0,,0.66015,0.56,28.52769863013699,632.82,42.55156164383562
Hadjer-Lamis_2022_Berbéré,Hadjer-Lamis,Sahélienne,2022/2023,2022,Céréales,Berbéré,6041.091367685004,5504.114837396704,911.112662,0.66015,0.56,28.52769863013699,632.82,42.55156164383562
Hadjer-Lamis_2022_Blé,Hadjer-Lamis,Sahélienne,2022/2023,2022,Céréales,Blé,0.0,0.0,,0.66015,0.56,28.52769863013699,632.82,42.55156164383562
Hadjer-Lamis_2022_Maïs,Hadjer-Lamis,Sahélienne,2022/2023,2022,Céréales,Maïs,34052.99934613177,22892.53322385732,672.2618760000001,0.66015,0.56,28.52769863013699,632.82,42.55156164383562
Hadjer-Lamis_2022_Mil,Hadjer-Lamis,Sahélienne,2022/2023,2022,Céréales,Mil,85160.81951715253,32835.33081187871,385.56851610928,0.66015,0.56,28.52769863013699,632.82,42.55156164383562
Hadjer-Lamis_2022_Riz,Hadjer-Lamis,Sahélienne,2022/2023,2022,Céréales,Riz,2973.553616647255,6729.224211978144,2263.0243404070475,0.66015,0.56,28.52769863013699,632.82,42.55156164383562
Hadjer-Lamis_2022_Sorgho,Hadjer-Lamis,Sahélienne,2022/2023,2022,Céréales,Sorgho,85593.00678551022,49352.76701507867,576.59812254,0.66015,0.56,28.52769863013699,632.82,42.55156164383562
Kanem_2022_Arachide,Kanem,Sahélienne,2022/2023,2022,Autres cultures,Arachide,0.0,0.0,,0.8228181818181818,0.632,28.52769863013699,632.82,42.55156164383562
Kanem_2022_Manioc,Kanem,Sahélienne,2022/2023,2022,Autres cultures,Manioc,0.0,0.0,,0.8228181818181818,0.632,28.52769863013699,632.82,42.55156164383562
Kanem_2022_Niébé,Kanem,Sahélienne,2022/2023,2022,Autres cultures,Niébé,360.0,71.10708841655892,197.519690045997,0.8228181818181818,0.632,28.52769863013699,632.82,42.55156164383562
Kanem_2022_Patate_douce,Kanem,Sahélienne,2022/2023,2022,Autres cultures,Patate douce,0.0,0.0,,0.8228181818181818,0.632,28.52769863013699,632.82,42.55156164383562
Kanem_2022_Pois_de_terre,Kanem,Sahélienne,2022/2023,2022,Autres cultures,Pois de terre,0.0,0.0,,0.8228181818181818,0.632,28.52769863013699,632.82,42.55156164383562
Kanem_2022_Sésame,Kanem,Sahélienne,2022/2023,2022,Autres cultures,Sésame,0.0,0.0,,0.8228181818181818,0.632,28.52769863013699,632.82,42.55156164383562
Kanem_2022_Taro,Kanem,Sahélienne,2022/2023,2022,Autres cultures,Taro,0.0,0.0,,0.8228181818181818,0.632,28.52769863013699,632.82,42.55156164383562
Kanem_2022_Berbéré,Kanem,Sahélienne,2022/2023,2022,Céréales,Berbéré,,0.0,,0.8228181818181818,0.632,28.52769863013699,632.82,42.55156164383562
Kanem_2022_Blé,Kanem,Sahélienne,2022/2023,2022,Céréales,Blé,0.0,0.0,,0.8228181818181818,0.632,28.52769863013699,632.82,42.55156164383562
Kanem_2022_Maïs,Kanem,Sahélienne,2022/2023,2022,Céréales,Maïs,1038.32885,743.964178518275,716.5015,0.8228181818181818,0.632,28.52769863013699,632.82,42.55156164383562
Kanem_2022_Mil,Kanem,Sahélienne,2022/2023,2022,Céréales,Mil,21287.408928,6895.437914381443,323.9209589905353,0.8228181818181818,0.632,28.52769863013699,632.82,42.55156164383562
Kanem_2022_Riz,Kanem,Sahélienne,2022/2023,2022,Céréales,Riz,,0.0,,0.8228181818181818,0.632,28.52769863013699,632.82,42.55156164383562
Kanem_2022_Sorgho,Kanem,Sahélienne,2022/2023,2022,Céréales,Sorgho,0.0,0.0,,0.8228181818181818,0.632,28.52769863013699,632.82,42.55156164383562
Lac_2022_Arachide,Lac,Sahélienne,2022/2023,2022,Autres cultures,Arachide,479.715552,585.3658854218348,1220.235372777397,0.7395,0.549,28.52769863013699,632.82,42.55156164383562
Lac_2022_Manioc,Lac,Sahélienne,2022/2023,2022,Autres cultures,Manioc,493.8939718069344,7113.663889123,14403.220721843045,0.7395,0.549,28.52769863013699,632.82,42.55156164383562
Lac_2022_Niébé,Lac,Sahélienne,2022/2023,2022,Autres cultures,Niébé,1822.4366148945217,1999.0990273639068,1096.9374797595417,0.7395,0.549,28.52769863013699,632.82,42.55156164383562
Lac_2022_Patate_douce,Lac,Sahélienne,2022/2023,2022,Autres cultures,Patate douce,2446.97088,31673.82808769558,12944.096861379723,0.7395,0.549,28.52769863013699,632.82,42.55156164383562
Lac_2022_Pois_de_terre,Lac,Sahélienne,2022/2023,2022,Autres cultures,Pois de terre,0.0,0.0,,0.7395,0.549,28.52769863013699,632.82,42.55156164383562
Lac_2022_Sésame,Lac,Sahélienne,2022/2023,2022,Autres cultures,Sésame,0.0,0.0,,0.7395,0.549,28.52769863013699,632.82,42.55156164383562
Lac_2022_Taro,Lac,Sahélienne,2022/2023,2022,Autres cultures,Taro,0.0,0.0,,0.7395,0.549,28.52769863013699,632.82,42.55156164383562
Lac_2022_Berbéré,Lac,Sahélienne,2022/2023,2022,Céréales,Berbéré,394.901575949,591.2601451447402,1497.2342,0.7395,0.549,28.52769863013699,632.82,42.55156164383562
Lac_2022_Blé,Lac,Sahélienne,2022/2023,2022,Céréales,Blé,646.37,1204.9023024916048,1864.1061659600607,0.7395,0.549,28.52769863013699,632.82,42.55156164383562
Lac_2022_Maïs,Lac,Sahélienne,2022/2023,2022,Céréales,Maïs,38932.14761477639,69120.55826237932,1775.4108750000005,0.7395,0.549,28.52769863013699,632.82,42.55156164383562
Lac_2022_Mil,Lac,Sahélienne,2022/2023,2022,Céréales,Mil,69175.10528688286,45495.377239274574,657.6842499999999,0.7395,0.549,28.52769863013699,632.82,42.55156164383562
Lac_2022_Riz,Lac,Sahélienne,2022/2023,2022,Céréales,Riz,444.4084762581707,1155.9424438340789,2601.081,0.7395,0.549,28.52769863013699,632.82,42.55156164383562
Lac_2022_Sorgho,Lac,Sahélienne,2022/2023,2022,Céréales,Sorgho,261.7747631439629,244.6321388649468,934.5138390227916,0.7395,0.549,28.52769863013699,632.82,42.55156164383562
Ouaddaï_2022_Arachide,Ouaddaï,Sahélienne,2022/2023,2022,Autres cultures,Arachide,180316.0925,192826.39760252423,1069.379859163287,0.7044230769230769,0.62,28.52769863013699,632.82,42.55156164383562
Ouaddaï_2022_Manioc,Ouaddaï,Sahélienne,2022/2023,2022,Autres cultures,Manioc,0.0,0.0,,0.7044230769230769,0.62,28.52769863013699,632.82,42.55156164383562
Ouaddaï_2022_Niébé,Ouaddaï,Sahélienne,2022/2023,2022,Autres cultures,Niébé,12966.08885,6965.97479300234,537.2456469787603,0.7044230769230769,0.62,28.52769863013699,632.82,42.55156164383562
Ouaddaï_2022_Patate_douce,Ouaddaï,Sahélienne,2022/2023,2022,Autres cultures,Patate douce,0.0,0.0,,0.7044230769230769,0.62,28.52769863013699,632.82,42.55156164383562
Ouaddaï_2022_Pois_de_terre,Ouaddaï,Sahélienne,2022/2023,2022,Autres cultures,Pois de terre,1425.985145542031,999.4593500479804,700.8904357612196,0.7044230769230769,0.62,28.52769863013699,632.82,42.55156164383562
Ouaddaï_2022_Sésame,Ouaddaï,Sahélienne,2022/2023,2022,Autres cultures,Sésame,66601.53869999999,32118.92249816766,482.2549617486189,0.7044230769230769,0.62,28.52769863013699,632.82,42.55156164383562
Ouaddaï_2022_Taro,Ouaddaï,Sahélienne,2022/2023,2022,Autres cultures,Taro,0.0,0.0,,0.7044230769230769,0.62,28.52769863013699,632.82,42.55156164383562
Ouaddaï_2022_Berbéré,Ouaddaï,Sahélienne,2022/2023,2022,Céréales,Berbéré,670.4754756540807,553.7787018446585,825.9492285,0.7044230769230769,0.62,28.52769863013699,632.82,42.55156164383562
Ouaddaï_2022_Blé,Ouaddaï,Sahélienne,2022/2023,2022,Céréales,Blé,0.0,0.0,,0.7044230769230769,0.62,28.52769863013699,632.82,42.55156164383562
Ouaddaï_2022_Maïs,Ouaddaï,Sahélienne,2022/2023,2022,Céréales,Maïs,1093.8,953.0960181119998,871.3622399999998,0.7044230769230769,0.62,28.52769863013699,632.82,42.55156164383562
Ouaddaï_2022_Mil,Ouaddaï,Sahélienne,2022/2023,2022,Céréales,Mil,207655.870154112,142700.021405946,687.1947385837975,0.7044230769230769,0.62,28.52769863013699,632.82,42.55156164383562
Ouaddaï_2022_Riz,Ouaddaï,Sahélienne,2022/2023,2022,Céréales,Riz,,0.0,,0.7044230769230769,0.62,28.52769863013699,632.82,42.55156164383562
Ouaddaï_2022_Sorgho,Ouaddaï,Sahélienne,2022/2023,2022,Céréales,Sorgho,109803.2148072,92746.60200628571,844.6619907180001,0.7044230769230769,0.62,28.52769863013699,632.82,42.55156164383562
Salamat_2022_Arachide,Salamat,Sahélienne,2022/2023,2022,Autres cultures,Arachide,9762.0,10188.976177887724,1043.7385963826805,0.5783478260869565,0.456,28.52769863013699,632.82,42.55156164383562
Salamat_2022_Manioc,Salamat,Sahélienne,2022/2023,2022,Autres cultures,Manioc,1626.8599000000002,11088.076149212908,6815.6306201984,0.5783478260869565,0.456,28.52769863013699,632.82,42.55156164383562
Salamat_2022_Niébé,Salamat,Sahélienne,2022/2023,2022,Autres cultures,Niébé,4737.5172,4073.633990460691,859.8668497627176,0.5783478260869565,0.456,28.52769863013699,632.82,42.55156164383562
Salamat_2022_Patate_douce,Salamat,Sahélienne,2022/2023,2022,Autres cultures,Patate douce,2899.0,32547.354726493555,11227.097180577288,0.5783478260869565,0.456,28.52769863013699,632.82,42.55156164383562
Salamat_2022_Pois_de_terre,Salamat,Sahélienne,2022/2023,2022,Autres cultures,Pois de terre,535.530185,521.7273403001066,974.2258324805848,0.5783478260869565,0.456,28.52769863013699,632.82,42.55156164383562
Salamat_2022_Sésame,Salamat,Sahélienne,2022/2023,2022,Autres cultures,Sésame,10180.77,5490.752584128486,539.3258647556606,0.5783478260869565,0.456,28.52769863013699,632.82,42.55156164383562
Salamat_2022_Taro,Salamat,Sahélienne,2022/2023,2022,Autres cultures,Taro,0.0,0.0,,0.5783478260869565,0.456,28.52769863013699,632.82,42.55156164383562
Salamat_2022_Berbéré,Salamat,Sahélienne,2022/2023,2022,Céréales,Berbéré,213847.93745277188,329987.0949454231,1543.0922499231513,0.5783478260869565,0.456,28.52769863013699,632.82,42.55156164383562
Salamat_2022_Blé,Salamat,Sahélienne,2022/2023,2022,Céréales,Blé,0.0,0.0,,0.5783478260869565,0.456,28.52769863013699,632.82,42.55156164383562
Salamat_2022_Maïs,Salamat,Sahélienne,2022/2023,2022,Céréales,Maïs,33364.95,43234.218760855474,1295.7974988979597,0.5783478260869565,0.456,28.52769863013699,632.82,42.55156164383562
Salamat_2022_Mil,Salamat,Sahélienne,2022/2023,2022,Céréales,Mil,7442.748238464,5506.550984991614,739.8545280000001,0.5783478260869565,0.456,28.52769863013699,632.82,42.55156164383562
Salamat_2022_Riz,Salamat,Sahélienne,2022/2023,2022,Céréales,Riz,5607.9,20138.84295415521,3591.155861223491,0.5783478260869565,0.456,28.52769863013699,632.82,42.55156164383562
Salamat_2022_Sorgho,Salamat,Sahélienne,2022/2023,2022,Céréales,Sorgho,22769.5643224992,25719.911493153,1129.57416,0.5783478260869565,0.456,28.52769863013699,632.82,42.55156164383562
Sila_2022_Arachide,Sila,Sahélienne,2022/2023,2022,Autres cultures,Arachide,82695.09475222958,90388.64491383836,1093.0351453693854,0.5787368421052632,0.514,28.52769863013699,632.82,42.55156164383562
Sila_2022_Manioc,Sila,Sahélienne,2022/2023,2022,Autres cultures,Manioc,0.0,0.0,,0.5787368421052632,0.514,28.52769863013699,632.82,42.55156164383562
Sila_2022_Niébé,Sila,Sahélienne,2022/2023,2022,Autres cultures,Niébé,24794.961088274475,17282.211777490193,697.0049969412108,0.5787368421052632,0.514,28.52769863013699,632.82,42.55156164383562
Sila_2022_Patate_douce,Sila,Sahélienne,2022/2023,2022,Autres cultures,Patate douce,113.02979999999998,610.8669238442659,5404.476729537397,0.5787368421052632,0.514,28.52769863013699,632.82,42.55156164383562
Sila_2022_Pois_de_terre,Sila,Sahélienne,2022/2023,2022,Autres cultures,Pois de terre,0.0,0.0,,0.5787368421052632,0.514,28.52769863013699,632.82,42.55156164383562
Sila_2022_Sésame,Sila,Sahélienne,2022/2023,2022,Autres cultures,Sésame,65152.78899640843,41890.257325288825,642.9541692773588,0.5787368421052632,0.514,28.52769863013699,632.82,42.55156164383562
Sila_2022_Taro,Sila,Sahélienne,2022/2023,2022,Autres cultures,Taro,0.0,0.0,,0.5787368421052632,0.514,28.52769863013699,632.82,42.55156164383562
Sila_2022_Berbéré,Sila,Sahélienne,2022/2023,2022,Céréales,Berbéré,13617.562926304568,18401.149963350883,1351.2807,0.5787368421052632,0.514,28.52769863013699,632.82,42.55156164383562
Sila_2022_Blé,Sila,Sahélienne,2022/2023,2022,Céréales,Blé,0.0,0.0,,0.5787368421052632,0.514,28.52769863013699,632.82,42.55156164383562
Sila_2022_Maïs,Sila,Sahélienne,2022/2023,2022,Céréales,Maïs,57336.09548291895,77773.92647426006,1356.45662334,0.5787368421052632,0.514,28.52769863013699,632.82,42.55156164383562
Sila_2022_Mil,Sila,Sahélienne,2022/2023,2022,Céréales,Mil,116619.73548529133,91080.14029628474,781.001088,0.5787368421052632,0.514,28.52769863013699,632.82,42.55156164383562
Sila_2022_Riz,Sila,Sahélienne,2022/2023,2022,Céréales,Riz,310.2009710724862,375.5094427182032,1210.536,0.5787368421052632,0.514,28.52769863013699,632.82,42.55156164383562
Sila_2022_Sorgho,Sila,Sahélienne,2022/2023,2022,Céréales,Sorgho,152694.1356596691,162765.84084778084,1065.9599999999998,0.5787368421052632,0.514,28.52769863013699,632.82,42.55156164383562
Wadi_Fira_2022_Arachide,Wadi Fira,Sahélienne,2022/2023,2022,Autres cultures,Arachide,24901.87815227996,28517.41356241665,1145.1912738479796,0.8057000000000001,0.775,28.52769863013699,632.82,42.55156164383562
Wadi_Fira_2022_Manioc,Wadi Fira,Sahélienne,2022/2023,2022,Autres cultures,Manioc,0.0,0.0,,0.8057000000000001,0.775,28.52769863013699,632.82,42.55156164383562
Wadi_Fira_2022_Niébé,Wadi Fira,Sahélienne,2022/2023,2022,Autres cultures,Niébé,4370.208168068496,2311.1635196912985,528.845178721261,0.8057000000000001,0.775,28.52769863013699,632.82,42.55156164383562
Wadi_Fira_2022_Patate_douce,Wadi Fira,Sahélienne,2022/2023,2022,Autres cultures,Patate douce,0.0,0.0,,0.8057000000000001,0.775,28.52769863013699,632.82,42.55156164383562
Wadi_Fira_2022_Pois_de_terre,Wadi Fira,Sahélienne,2022/2023,2022,Autres cultures,Pois de terre,0.0,0.0,,0.8057000000000001,0.775,28.52769863013699,632.82,42.55156164383562
Wadi_Fira_2022_Sésame,Wadi Fira,Sahélienne,2022/2023,2022,Autres cultures,Sésame,5148.157210816008,1834.454785031024,356.3323165766832,0.8057000000000001,0.775,28.52769863013699,632.82,42.55156164383562
Wadi_Fira_2022_Taro,Wadi Fira,Sahélienne,2022/2023,2022,Autres cultures,Taro,0.0,0.0,,0.8057000000000001,0.775,28.52769863013699,632.82,42.55156164383562
Wadi_Fira_2022_Berbéré,Wadi Fira,Sahélienne,2022/2023,2022,Céréales,Berbéré,0.0,0.0,,0.8057000000000001,0.775,28.52769863013699,632.82,42.55156164383562
Wadi_Fira_2022_Blé,Wadi Fira,Sahélienne,2022/2023,2022,Céréales,Blé,0.0,0.0,,0.8057000000000001,0.775,28.52769863013699,632.82,42.55156164383562
Wadi_Fira_2022_Maïs,Wadi Fira,Sahélienne,2022/2023,2022,Céréales,Maïs,0.0,0.0,,0.8057000000000001,0.775,28.52769863013699,632.82,42.55156164383562
Wadi_Fira_2022_Mil,Wadi Fira,Sahélienne,2022/2023,2022,Céréales,Mil,117942.962655924,57950.19120672572,491.3408134047328,0.8057000000000001,0.775,28.52769863013699,632.82,42.55156164383562
Wadi_Fira_2022_Riz,Wadi Fira,Sahélienne,2022/2023,2022,Céréales,Riz,0.0,0.0,,0.8057000000000001,0.775,28.52769863013699,632.82,42.55156164383562
Wadi_Fira_2022_Sorgho,Wadi Fira,Sahélienne,2022/2023,2022,Céréales,Sorgho,30885.840745904767,25886.010850370432,838.119028824,0.8057000000000001,0.775,28.52769863013699,632.82,42.55156164383562
Logone_Occidental_2022_Arachide,Logone Occidental,Soudanienne,2022/2023,2022,Autres cultures,Arachide,66692.076,75451.60350432273,1131.34285255002,0.3411,0.237,28.52769863013699,632.82,42.55156164383562
Logone_Occidental_2022_Manioc,Logone Occidental,Soudanienne,2022/2023,2022,Autres cultures,Manioc,5745.675,73796.15583132648,12843.774809979068,0.3411,0.237,28.52769863013699,632.82,42.55156164383562
Logone_Occidental_2022_Niébé,Logone Occidental,Soudanienne,2022/2023,2022,Autres cultures,Niébé,12031.68,6169.698216307532,512.7877583436006,0.3411,0.237,28.52769863013699,632.82,42.55156164383562
Logone_Occidental_2022_Patate_douce,Logone Occidental,Soudanienne,2022/2023,2022,Autres cultures,Patate douce,7808.08435,45669.62235769529,5849.017545218411,0.3411,0.237,28.52769863013699,632.82,42.55156164383562
Logone_Occidental_2022_Pois_de_terre,Logone Occidental,Soudanienne,2022/2023,2022,Autres cultures,Pois de terre,1254.285,1070.8556680028428,853.7578524839591,0.3411,0.237,28.52769863013699,632.82,42.55156164383562
Logone_Occidental_2022_Sésame,Logone Occidental,Soudanienne,2022/2023,2022,Autres cultures,Sésame,49764.528,24714.31365928502,496.62509929331634,0.3411,0.237,28.52769863013699,632.82,42.55156164383562
Logone_Occidental_2022_Taro,Logone Occidental,Soudanienne,2022/2023,2022,Autres cultures,Taro,128.31,206.0182071811193,1605.628611808271,0.3411,0.237,28.52769863013699,632.82,42.55156164383562
Logone_Occidental_2022_Berbéré,Logone Occidental,Soudanienne,2022/2023,2022,Céréales,Berbéré,0.0,0.0,,0.3411,0.237,28.52769863013699,632.82,42.55156164383562
Logone_Occidental_2022_Blé,Logone Occidental,Soudanienne,2022/2023,2022,Céréales,Blé,0.0,0.0,,0.3411,0.237,28.52769863013699,632.82,42.55156164383562
Logone_Occidental_2022_Maïs,Logone Occidental,Soudanienne,2022/2023,2022,Céréales,Maïs,13913.64576,12219.2419793472,878.22,0.3411,0.237,28.52769863013699,632.82,42.55156164383562
Logone_Occidental_2022_Mil,Logone Occidental,Soudanienne,2022/2023,2022,Céréales,Mil,24253.614,13470.194888510974,555.3891839999999,0.3411,0.237,28.52769863013699,632.82,42.55156164383562
Logone_Occidental_2022_Riz,Logone Occidental,Soudanienne,2022/2023,2022,Céréales,Riz,13951.194163200002,15090.377082949222,1081.65486813696,0.3411,0.237,28.52769863013699,632.82,42.55156164383562
Logone_Occidental_2022_Sorgho,Logone Occidental,Soudanienne,2022/2023,2022,Céréales,Sorgho,57165.51102912,43315.41634047271,757.71939340152,0.3411,0.237,28.52769863013699,632.82,42.55156164383562
Logone_Oriental_2022_Arachide,Logone Oriental,Soudanienne,2022/2023,2022,Autres cultures,Arachide,46908.34,63749.41333079749,1359.0208762620357,0.5535625,0.36,28.52769863013699,632.82,42.55156164383562
Logone_Oriental_2022_Manioc,Logone Oriental,Soudanienne,2022/2023,2022,Autres cultures,Manioc,3830.5436,29236.34728407136,7632.427753614749,0.5535625,0.36,28.52769863013699,632.82,42.55156164383562
Logone_Oriental_2022_Niébé,Logone Oriental,Soudanienne,2022/2023,2022,Autres cultures,Niébé,14518.0085,9584.860756040664,660.2049279720883,0.5535625,0.36,28.52769863013699,632.82,42.55156164383562
Logone_Oriental_2022_Patate_douce,Logone Oriental,Soudanienne,2022/2023,2022,Autres cultures,Patate douce,6469.028,30863.58496776517,4770.977180461295,0.5535625,0.36,28.52769863013699,632.82,42.55156164383562
Logone_Oriental_2022_Pois_de_terre,Logone Oriental,Soudanienne,2022/2023,2022,Autres cultures,Pois de terre,5102.946,6269.282094338821,1228.5613240545404,0.5535625,0.36,28.52769863013699,632.82,42.55156164383562
Logone_Oriental_2022_Sésame,Logone Oriental,Soudanienne,2022/2023,2022,Autres cultures,Sésame,33964.86,19045.35397196896,560.7370079537782,0.5535625,0.36,28.52769863013699,632.82,42.55156164383562
Logone_Oriental_2022_Taro,Logone Oriental,Soudanienne,2022/2023,2022,Autres cultures,Taro,2442.836,3831.853957236511,1568.6087634358223,0.5535625,0.36,28.52769863013699,632.82,42.55156164383562
Logone_Oriental_2022_Berbéré,Logone Oriental,Soudanienne,2022/2023,2022,Céréales,Berbéré,0.0,0.0,,0.5535625,0.36,28.52769863013699,632.82,42.55156164383562
Logone_Oriental_2022_Blé,Logone Oriental,Soudanienne,2022/2023,2022,Céréales,Blé,0.0,0.0,,0.5535625,0.36,28.52769863013699,632.82,42.55156164383562
Logone_Oriental_2022_Maïs,Logone Oriental,Soudanienne,2022/2023,2022,Céréales,Maïs,18543.53412,17137.41071264872,924.171768,0.5535625,0.36,28.52769863013699,632.82,42.55156164383562
Logone_Oriental_2022_Mil,Logone Oriental,Soudanienne,2022/2023,2022,Céréales,Mil,26334.855756,18760.48914837553,712.3824532094214,0.5535625,0.36,28.52769863013699,632.82,42.55156164383562
Logone_Oriental_2022_Riz,Logone Oriental,Soudanienne,2022/2023,2022,Céréales,Riz,21677.44998,20533.565901452603,947.231612592682,0.5535625,0.36,28.52769863013699,632.82,42.55156164383562
Logone_Oriental_2022_Sorgho,Logone Oriental,Soudanienne,2022/2023,2022,Céréales,Sorgho,64259.59898358,63437.424471931605,987.2054210631088,0.5535625,0.36,28.52769863013699,632.82,42.55156164383562
Mandoul_2022_Arachide,Mandoul,Soudanienne,2022/2023,2022,Autres cultures,Arachide,46136.71,54816.977722266696,1188.1423214240178,0.5475714285714286,0.208,28.52769863013699,632.82,42.55156164383562
Mandoul_2022_Manioc,Mandoul,Soudanienne,2022/2023,2022,Autres cultures,Manioc,6716.71,63261.36591212448,9418.504879937422,0.5475714285714286,0.208,28.52769863013699,632.82,42.55156164383562
Mandoul_2022_Niébé,Mandoul,Soudanienne,2022/2023,2022,Autres cultures,Niébé,22001.782325,14643.137888028845,665.5432578928055,0.5475714285714286,0.208,28.52769863013699,632.82,42.55156164383562
Mandoul_2022_Patate_douce,Mandoul,Soudanienne,2022/2023,2022,Autres cultures,Patate douce,1658.93,10642.68465286601,6415.391036912956,0.5475714285714286,0.208,28.52769863013699,632.82,42.55156164383562
Mandoul_2022_Pois_de_terre,Mandoul,Soudanienne,2022/2023,2022,Autres cultures,Pois de terre,5944.962399999999,7993.01410845792,1344.5020457081312,0.5475714285714286,0.208,28.52769863013699,632.82,42.55156164383562
Mandoul_2022_Sésame,Mandoul,Soudanienne,2022/2023,2022,Autres cultures,Sésame,22865.80877,11537.517451810709,504.57508710332434,0.5475714285714286,0.208,28.52769863013699,632.82,42.55156164383562
Mandoul_2022_Taro,Mandoul,Soudanienne,2022/2023,2022,Autres cultures,Taro,2334.1645,6995.849750239742,2997.153692569544,0.5475714285714286,0.208,28.52769863013699,632.82,42.55156164383562
Mandoul_2022_Berbéré,Mandoul,Soudanienne,2022/2023,2022,Céréales,Berbéré,0.0,0.0,,0.5475714285714286,0.208,28.52769863013699,632.82,42.55156164383562
Mandoul_2022_Blé,Mandoul,Soudanienne,2022/2023,2022,Céréales,Blé,0.0,0.0,,0.5475714285714286,0.208,28.52769863013699,632.82,42.55156164383562
Mandoul_2022_Maïs,Mandoul,Soudanienne,2022/2023,2022,Céréales,Maïs,10489.4487,10183.751835777137,970.8567272727248,0.5475714285714286,0.208,28.52769863013699,632.82,42.55156164383562
Mandoul_2022_Mil,Mandoul,Soudanienne,2022/2023,2022,Céréales,Mil,44135.276750000005,23431.05684910437,530.8918075177669,0.5475714285714286,0.208,28.52769863013699,632.82,42.55156164383562
Mandoul_2022_Riz,Mandoul,Soudanienne,2022/2023,2022,Céréales,Riz,16127.28645,14942.8910529364,926.5595361789088,0.5475714285714286,0.208,28.52769863013699,632.82,42.55156164383562
Mandoul_2022_Sorgho,Mandoul,Soudanienne,2022/2023,2022,Céréales,Sorgho,70427.8778896,49892.30227345318,708.4169475000001,0.5475714285714286,0.208,28.52769863013699,632.82,42.55156164383562
Mayo-Kebbi_Est_2022_Arachide,Mayo-Kebbi Est,Soudanienne,2022/2023,2022,Autres cultures,Arachide,28333.76,29487.062251799136,1040.7041724006674,0.5184047619047619,0.352,28.52769863013699,632.82,42.55156164383562
Mayo-Kebbi_Est_2022_Manioc,Mayo-Kebbi Est,Soudanienne,2022/2023,2022,Autres cultures,Manioc,3472.785,34311.25838113728,9880.041056713066,0.5184047619047619,0.352,28.52769863013699,632.82,42.55156164383562
Mayo-Kebbi_Est_2022_Niébé,Mayo-Kebbi Est,Soudanienne,2022/2023,2022,Autres cultures,Niébé,19753.762,11402.736287114118,577.2437820762505,0.5184047619047619,0.352,28.52769863013699,632.82,42.55156164383562
Mayo-Kebbi_Est_2022_Patate_douce,Mayo-Kebbi Est,Soudanienne,2022/2023,2022,Autres cultures,Patate douce,992.3572137193584,6034.081345298351,6080.553717831699,0.5184047619047619,0.352,28.52769863013699,632.82,42.55156164383562
Mayo-Kebbi_Est_2022_Pois_de_terre,Mayo-Kebbi Est,Soudanienne,2022/2023,2022,Autres cultures,Pois de terre,4809.84,3323.1846968755976,690.9137719499188,0.5184047619047619,0.352,28.52769863013699,632.82,42.55156164383562
Mayo-Kebbi_Est_2022_Sésame,Mayo-Kebbi Est,Soudanienne,2022/2023,2022,Autres cultures,Sésame,17759.091,7514.847935812141,423.1549878207247,0.5184047619047619,0.352,28.52769863013699,632.82,42.55156164383562
Mayo-Kebbi_Est_2022_Taro,Mayo-Kebbi Est,Soudanienne,2022/2023,2022,Autres cultures,Taro,1828.484,5975.069203682669,3267.772211122804,0.5184047619047619,0.352,28.52769863013699,632.82,42.55156164383562
Mayo-Kebbi_Est_2022_Berbéré,Mayo-Kebbi Est,Soudanienne,2022/2023,2022,Céréales,Berbéré,62363.62723442199,49845.747128294,799.2759455912682,0.5184047619047619,0.352,28.52769863013699,632.82,42.55156164383562
Mayo-Kebbi_Est_2022_Blé,Mayo-Kebbi Est,Soudanienne,2022/2023,2022,Céréales,Blé,0.0,0.0,,0.5184047619047619,0.352,28.52769863013699,632.82,42.55156164383562
Mayo-Kebbi_Est_2022_Maïs,Mayo-Kebbi Est,Soudanienne,2022/2023,2022,Céréales,Maïs,12774.6234,15406.384820144702,1206.0147949367104,0.5184047619047619,0.352,28.52769863013699,632.82,42.55156164383562
Mayo-Kebbi_Est_2022_Mil,Mayo-Kebbi Est,Soudanienne,2022/2023,2022,Céréales,Mil,26197.964,15389.852741963994,587.4446098927381,0.5184047619047619,0.352,28.52769863013699,632.82,42.55156164383562
Mayo-Kebbi_Est_2022_Riz,Mayo-Kebbi Est,Soudanienne,2022/2023,2022,Céréales,Riz,36382.77552,55355.3605808355,1521.471624681467,0.5184047619047619,0.352,28.52769863013699,632.82,42.55156164383562
Mayo-Kebbi_Est_2022_Sorgho,Mayo-Kebbi Est,Soudanienne,2022/2023,2022,Céréales,Sorgho,72160.115,58838.88969470871,815.3935133655027,0.5184047619047619,0.352,28.52769863013699,632.82,42.55156164383562
Mayo-Kebbi_Ouest_2022_Arachide,Mayo-Kebbi Ouest,Soudanienne,2022/2023,2022,Autres cultures,Arachide,35993.7161245343,32131.420578790847,892.6952823548329,0.4020714285714286,0.277,28.52769863013699,632.82,42.55156164383562
Mayo-Kebbi_Ouest_2022_Manioc,Mayo-Kebbi Ouest,Soudanienne,2022/2023,2022,Autres cultures,Manioc,2847.4936182,14631.332481315168,5138.319674466609,0.4020714285714286,0.277,28.52769863013699,632.82,42.55156164383562
Mayo-Kebbi_Ouest_2022_Niébé,Mayo-Kebbi Ouest,Soudanienne,2022/2023,2022,Autres cultures,Niébé,8905.450499999999,5230.250715969745,587.3089425369044,0.4020714285714286,0.277,28.52769863013699,632.82,42.55156164383562
Mayo-Kebbi_Ouest_2022_Patate_douce,Mayo-Kebbi Ouest,Soudanienne,2022/2023,2022,Autres cultures,Patate douce,939.4396317884864,3230.32379214814,3438.5645259592825,0.4020714285714286,0.277,28.52769863013699,632.82,42.55156164383562
Mayo-Kebbi_Ouest_2022_Pois_de_terre,Mayo-Kebbi Ouest,Soudanienne,2022/2023,2022,Autres cultures,Pois de terre,2512.840293533966,2331.132739261084,927.6883792653072,0.4020714285714286,0.277,28.52769863013699,632.82,42.55156164383562
Mayo-Kebbi_Ouest_2022_Sésame,Mayo-Kebbi Ouest,Soudanienne,2022/2023,2022,Autres cultures,Sésame,16068.813523002276,7878.238638857053,490.2812909975878,0.4020714285714286,0.277,28.52769863013699,632.82,42.55156164383562
Mayo-Kebbi_Ouest_2022_Taro,Mayo-Kebbi Ouest,Soudanienne,2022/2023,2022,Autres cultures,Taro,1017.989784,1602.6756994455131,1574.3534214538963,0.4020714285714286,0.277,28.52769863013699,632.82,42.55156164383562
Mayo-Kebbi_Ouest_2022_Berbéré,Mayo-Kebbi Ouest,Soudanienne,2022/2023,2022,Céréales,Berbéré,9968.087841248256,9738.414665166909,976.9591540785832,0.4020714285714286,0.277,28.52769863013699,632.82,42.55156164383562
Mayo-Kebbi_Ouest_2022_Blé,Mayo-Kebbi Ouest,Soudanienne,2022/2023,2022,Céréales,Blé,0.0,0.0,,0.4020714285714286,0.277,28.52769863013699,632.82,42.55156164383562
Mayo-Kebbi_Ouest_2022_Maïs,Mayo-Kebbi Ouest,Soudanienne,2022/2023,2022,Céréales,Maïs,37025.941467345336,39556.85086731181,1068.3550316255587,0.4020714285714286,0.277,28.52769863013699,632.82,42.55156164383562
Mayo-Kebbi_Ouest_2022_Mil,Mayo-Kebbi Ouest,Soudanienne,2022/2023,2022,Céréales,Mil,6927.108906924788,4139.6581341513465,597.6025770308123,0.4020714285714286,0.277,28.52769863013699,632.82,42.55156164383562
Mayo-Kebbi_Ouest_2022_Riz,Mayo-Kebbi Ouest,Soudanienne,2022/2023,2022,Céréales,Riz,6994.734972160515,8592.507035654156,1228.4249610389634,0.4020714285714286,0.277,28.52769863013699,632.82,42.55156164383562
Mayo-Kebbi_Ouest_2022_Sorgho,Mayo-Kebbi Ouest,Soudanienne,2022/2023,2022,Céréales,Sorgho,55018.636020967766,48573.10552026172,882.8482316746341,0.4020714285714286,0.277,28.52769863013699,632.82,42.55156164383562
Moyen-Chari_2022_Arachide,Moyen-Chari,Soudanienne,2022/2023,2022,Autres cultures,Arachide,33304.4075,38862.14808512968,1166.8770292679633,0.6474905660377358,0.522,28.52769863013699,632.82,42.55156164383562
Moyen-Chari_2022_Manioc,Moyen-Chari,Soudanienne,2022/2023,2022,Autres cultures,Manioc,3421.605,20951.41489509464,6123.271065799424,0.6474905660377358,0.522,28.52769863013699,632.82,42.55156164383562
Moyen-Chari_2022_Niébé,Moyen-Chari,Soudanienne,2022/2023,2022,Autres cultures,Niébé,12037.088,8756.311328839132,727.4443228162104,0.6474905660377358,0.522,28.52769863013699,632.82,42.55156164383562
Moyen-Chari_2022_Patate_douce,Moyen-Chari,Soudanienne,2022/2023,2022,Autres cultures,Patate douce,1971.6105,11706.89913075896,5937.734218172888,0.6474905660377358,0.522,28.52769863013699,632.82,42.55156164383562
Moyen-Chari_2022_Pois_de_terre,Moyen-Chari,Soudanienne,2022/2023,2022,Autres cultures,Pois de terre,3622.96025,4098.6343180587855,1131.2943105182524,0.6474905660377358,0.522,28.52769863013699,632.82,42.55156164383562
Moyen-Chari_2022_Sésame,Moyen-Chari,Soudanienne,2022/2023,2022,Autres cultures,Sésame,12266.2085,5705.799180650341,465.1640464655677,0.6474905660377358,0.522,28.52769863013699,632.82,42.55156164383562
Moyen-Chari_2022_Taro,Moyen-Chari,Soudanienne,2022/2023,2022,Autres cultures,Taro,1240.2211,2819.341706977812,2273.2573304693915,0.6474905660377358,0.522,28.52769863013699,632.82,42.55156164383562
Moyen-Chari_2022_Berbéré,Moyen-Chari,Soudanienne,2022/2023,2022,Céréales,Berbéré,3837.307042513769,5297.8829948973325,1380.62525,0.6474905660377358,0.522,28.52769863013699,632.82,42.55156164383562
Moyen-Chari_2022_Blé,Moyen-Chari,Soudanienne,2022/2023,2022,Céréales,Blé,0.0,0.0,,0.6474905660377358,0.522,28.52769863013699,632.82,42.55156164383562
Moyen-Chari_2022_Maïs,Moyen-Chari,Soudanienne,2022/2023,2022,Céréales,Maïs,11207.57225,9330.73544377572,832.538504828797,0.6474905660377358,0.522,28.52769863013699,632.82,42.55156164383562
Moyen-Chari_2022_Mil,Moyen-Chari,Soudanienne,2022/2023,2022,Céréales,Mil,19339.463975,12611.011286932731,652.0869090909089,0.6474905660377358,0.522,28.52769863013699,632.82,42.55156164383562
Moyen-Chari_2022_Riz,Moyen-Chari,Soudanienne,2022/2023,2022,Céréales,Riz,4302.46025,4402.267303067618,1023.19767,0.6474905660377358,0.522,28.52769863013699,632.82,42.55156164383562
Moyen-Chari_2022_Sorgho,Moyen-Chari,Soudanienne,2022/2023,2022,Céréales,Sorgho,49055.96799999999,39968.316585826135,814.7493203238012,0.6474905660377358,0.522,28.52769863013699,632.82,42.55156164383562
Tandjilé_2022_Arachide,Tandjilé,Soudanienne,2022/2023,2022,Autres cultures,Arachide,26718.3189,30040.728941877496,1124.349516686003,0.5030714285714286,0.403,28.52769863013699,632.82,42.55156164383562
Tandjilé_2022_Manioc,Tandjilé,Soudanienne,2022/2023,2022,Autres cultures,Manioc,3534.9516,30157.82959627667,8531.327443429967,0.5030714285714286,0.403,28.52769863013699,632.82,42.55156164383562
Tandjilé_2022_Niébé,Tandjilé,Soudanienne,2022/2023,2022,Autres cultures,Niébé,9655.121,6090.057112304768,630.7592739961278,0.5030714285714286,0.403,28.52769863013699,632.82,42.55156164383562
Tandjilé_2022_Patate_douce,Tandjilé,Soudanienne,2022/2023,2022,Autres cultures,Patate douce,3340.4741,26088.87370538928,7809.931442183395,0.5030714285714286,0.403,28.52769863013699,632.82,42.55156164383562
Tandjilé_2022_Pois_de_terre,Tandjilé,Soudanienne,2022/2023,2022,Autres cultures,Pois de terre,1146.4747,643.8809757848157,561.6181288473402,0.5030714285714286,0.403,28.52769863013699,632.82,42.55156164383562
Tandjilé_2022_Sésame,Tandjilé,Soudanienne,2022/2023,2022,Autres cultures,Sésame,12169.9446,6495.627153768686,533.7433626253883,0.5030714285714286,0.403,28.52769863013699,632.82,42.55156164383562
Tandjilé_2022_Taro,Tandjilé,Soudanienne,2022/2023,2022,Autres cultures,Taro,2515.7836,4189.598067843761,1665.3252958019764,0.5030714285714286,0.403,28.52769863013699,632.82,42.55156164383562
Tandjilé_2022_Berbéré,Tandjilé,Soudanienne,2022/2023,2022,Céréales,Berbéré,7122.310871407689,5288.581212714834,742.5372618802263,0.5030714285714286,0.403,28.52769863013699,632.82,42.55156164383562
Tandjilé_2022_Blé,Tandjilé,Soudanienne,2022/2023,2022,Céréales,Blé,0.0,0.0,,0.5030714285714286,0.403,28.52769863013699,632.82,42.55156164383562
Tandjilé_2022_Maïs,Tandjilé,Soudanienne,2022/2023,2022,Céréales,Maïs,6539.76,5015.223675802703,766.8819155141324,0.5030714285714286,0.403,28.52769863013699,632.82,42.55156164383562
Tandjilé_2022_Mil,Tandjilé,Soudanienne,2022/2023,2022,Céréales,Mil,27757.824774,18638.73274701369,671.4767060736,0.5030714285714286,0.403,28.52769863013699,632.82,42.55156164383562
Tandjilé_2022_Riz,Tandjilé,Soudanienne,2022/2023,2022,Céréales,Riz,55995.40728,69960.51270027422,1249.39733629301,0.5030714285714286,0.403,28.52769863013699,632.82,42.55156164383562
Tandjilé_2022_Sorgho,Tandjilé,Soudanienne,2022/2023,2022,Céréales,Sorgho,42075.7642438,32186.89371997582,764.9746664962516,0.5030714285714286,0.403,28.52769863013699,632.82,42.55156164383562
Barh_El_Ghazal_2023_Arachide,Barh El Ghazal,Sahélienne,2023/2024,2023,Autres cultures,Arachide,,0.0,,0.6987,0.57,30.118551912568304,505.72,36.917131147540985
Barh_El_Ghazal_2023_Manioc,Barh El Ghazal,Sahélienne,2023/2024,2023,Autres cultures,Manioc,,0.0,,0.6987,0.57,30.118551912568304,505.72,36.917131147540985
Barh_El_Ghazal_2023_Niébé,Barh El Ghazal,Sahélienne,2023/2024,2023,Autres cultures,Niébé,153.64,39.86995168782871,259.50241921263154,0.6987,0.57,30.118551912568304,505.72,36.917131147540985
Barh_El_Ghazal_2023_Patate_douce,Barh El Ghazal,Sahélienne,2023/2024,2023,Autres cultures,Patate douce,,0.0,,0.6987,0.57,30.118551912568304,505.72,36.917131147540985
Barh_El_Ghazal_2023_Pois_de_terre,Barh El Ghazal,Sahélienne,2023/2024,2023,Autres cultures,Pois de terre,,0.0,,0.6987,0.57,30.118551912568304,505.72,36.917131147540985
Barh_El_Ghazal_2023_Sésame,Barh El Ghazal,Sahélienne,2023/2024,2023,Autres cultures,Sésame,,0.0,,0.6987,0.57,30.118551912568304,505.72,36.917131147540985
Barh_El_Ghazal_2023_Taro,Barh El Ghazal,Sahélienne,2023/2024,2023,Autres cultures,Taro,,,,0.6987,0.57,30.118551912568304,505.72,36.917131147540985
Barh_El_Ghazal_2023_Berbéré,Barh El Ghazal,Sahélienne,2023/2024,2023,Céréales,Berbéré,,0.0,,0.6987,0.57,30.118551912568304,505.72,36.917131147540985
Barh_El_Ghazal_2023_Blé,Barh El Ghazal,Sahélienne,2023/2024,2023,Céréales,Blé,,,,0.6987,0.57,30.118551912568304,505.72,36.917131147540985
Barh_El_Ghazal_2023_Maïs,Barh El Ghazal,Sahélienne,2023/2024,2023,Céréales,Maïs,1719.0,925.1105280091818,538.1678464276799,0.6987,0.57,30.118551912568304,505.72,36.917131147540985
Barh_El_Ghazal_2023_Mil,Barh El Ghazal,Sahélienne,2023/2024,2023,Céréales,Mil,35519.9,10742.406513870554,302.433467264,0.6987,0.57,30.118551912568304,505.72,36.917131147540985
Barh_El_Ghazal_2023_Riz,Barh El Ghazal,Sahélienne,2023/2024,2023,Céréales,Riz,,,,0.6987,0.57,30.118551912568304,505.72,36.917131147540985
Barh_El_Ghazal_2023_Sorgho,Barh El Ghazal,Sahélienne,2023/2024,2023,Céréales,Sorgho,146.07999999999998,64.24022164414052,439.760553423744,0.6987,0.57,30.118551912568304,505.72,36.917131147540985
Batha_2023_Arachide,Batha,Sahélienne,2023/2024,2023,Autres cultures,Arachide,23985.9189292,19522.396583759128,813.910721593949,0.7054736842105264,0.454,30.118551912568304,505.72,36.917131147540985
Batha_2023_Manioc,Batha,Sahélienne,2023/2024,2023,Autres cultures,Manioc,,0.0,,0.7054736842105264,0.454,30.118551912568304,505.72,36.917131147540985
Batha_2023_Niébé,Batha,Sahélienne,2023/2024,2023,Autres cultures,Niébé,12424.0607,6503.779449333102,523.482588050548,0.7054736842105264,0.454,30.118551912568304,505.72,36.917131147540985
Batha_2023_Patate_douce,Batha,Sahélienne,2023/2024,2023,Autres cultures,Patate douce,260.94562,1174.6578256463604,4501.54260357526,0.7054736842105264,0.454,30.118551912568304,505.72,36.917131147540985
Batha_2023_Pois_de_terre,Batha,Sahélienne,2023/2024,2023,Autres cultures,Pois de terre,,0.0,,0.7054736842105264,0.454,30.118551912568304,505.72,36.917131147540985
Batha_2023_Sésame,Batha,Sahélienne,2023/2024,2023,Autres cultures,Sésame,7163.75916,2916.4066899916816,407.105630557195,0.7054736842105264,0.454,30.118551912568304,505.72,36.917131147540985
Batha_2023_Taro,Batha,Sahélienne,2023/2024,2023,Autres cultures,Taro,,,,0.7054736842105264,0.454,30.118551912568304,505.72,36.917131147540985
Batha_2023_Berbéré,Batha,Sahélienne,2023/2024,2023,Céréales,Berbéré,98132.392692565,68332.2915657246,696.3275804331,0.7054736842105264,0.454,30.118551912568304,505.72,36.917131147540985
Batha_2023_Blé,Batha,Sahélienne,2023/2024,2023,Céréales,Blé,,,,0.7054736842105264,0.454,30.118551912568304,505.72,36.917131147540985
Batha_2023_Maïs,Batha,Sahélienne,2023/2024,2023,Céréales,Maïs,112.0,57.34188544,511.98112,0.7054736842105264,0.454,30.118551912568304,505.72,36.917131147540985
Batha_2023_Mil,Batha,Sahélienne,2023/2024,2023,Céréales,Mil,134345.54929,52374.07598164895,389.8460072435568,0.7054736842105264,0.454,30.118551912568304,505.72,36.917131147540985
Batha_2023_Riz,Batha,Sahélienne,2023/2024,2023,Céréales,Riz,93.789936,71.3595522714552,760.84445,0.7054736842105264,0.454,30.118551912568304,505.72,36.917131147540985
Batha_2023_Sorgho,Batha,Sahélienne,2023/2024,2023,Céréales,Sorgho,47826.5459,28753.349797783725,601.200635686796,0.7054736842105264,0.454,30.118551912568304,505.72,36.917131147540985
Chari-Baguirmi_2023_Arachide,Chari-Baguirmi,Sahélienne,2023/2024,2023,Autres cultures,Arachide,58374.50193821775,63798.447677836695,1092.916351480986,0.7459117647058824,0.49,30.118551912568304,505.72,36.917131147540985
Chari-Baguirmi_2023_Manioc,Chari-Baguirmi,Sahélienne,2023/2024,2023,Autres cultures,Manioc,1610.82732488,4172.4864218684,2590.2754177448737,0.7459117647058824,0.49,30.118551912568304,505.72,36.917131147540985
Chari-Baguirmi_2023_Niébé,Chari-Baguirmi,Sahélienne,2023/2024,2023,Autres cultures,Niébé,32047.749921281185,31771.082627965417,991.3670290739492,0.7459117647058824,0.49,30.118551912568304,505.72,36.917131147540985
Chari-Baguirmi_2023_Patate_douce,Chari-Baguirmi,Sahélienne,2023/2024,2023,Autres cultures,Patate douce,979.656517326942,4383.666566964859,4474.697497982237,0.7459117647058824,0.49,30.118551912568304,505.72,36.917131147540985
Chari-Baguirmi_2023_Pois_de_terre,Chari-Baguirmi,Sahélienne,2023/2024,2023,Autres cultures,Pois de terre,1329.0107424,1161.2026967298132,873.734620559086,0.7459117647058824,0.49,30.118551912568304,505.72,36.917131147540985
Chari-Baguirmi_2023_Sésame,Chari-Baguirmi,Sahélienne,2023/2024,2023,Autres cultures,Sésame,34695.49227810177,18582.161966554228,535.5785650080675,0.7459117647058824,0.49,30.118551912568304,505.72,36.917131147540985
Chari-Baguirmi_2023_Taro,Chari-Baguirmi,Sahélienne,2023/2024,2023,Autres cultures,Taro,,,,0.7459117647058824,0.49,30.118551912568304,505.72,36.917131147540985
Chari-Baguirmi_2023_Berbéré,Chari-Baguirmi,Sahélienne,2023/2024,2023,Céréales,Berbéré,17200.8718382149,18874.245597471185,1097.28424088008,0.7459117647058824,0.49,30.118551912568304,505.72,36.917131147540985
Chari-Baguirmi_2023_Blé,Chari-Baguirmi,Sahélienne,2023/2024,2023,Céréales,Blé,,,,0.7459117647058824,0.49,30.118551912568304,505.72,36.917131147540985
Chari-Baguirmi_2023_Maïs,Chari-Baguirmi,Sahélienne,2023/2024,2023,Céréales,Maïs,39999.3,33237.93709779089,830.962969296735,0.7459117647058824,0.49,30.118551912568304,505.72,36.917131147540985
Chari-Baguirmi_2023_Mil,Chari-Baguirmi,Sahélienne,2023/2024,2023,Céréales,Mil,146655.04,98271.0926978946,670.0832968160835,0.7459117647058824,0.49,30.118551912568304,505.72,36.917131147540985
Chari-Baguirmi_2023_Riz,Chari-Baguirmi,Sahélienne,2023/2024,2023,Céréales,Riz,11126.7,13149.008966295294,1181.752807777265,0.7459117647058824,0.49,30.118551912568304,505.72,36.917131147540985
Chari-Baguirmi_2023_Sorgho,Chari-Baguirmi,Sahélienne,2023/2024,2023,Céréales,Sorgho,164912.31900000002,129308.94929722352,784.1072764080379,0.7459117647058824,0.49,30.118551912568304,505.72,36.917131147540985
Guéra_2023_Arachide,Guéra,Sahélienne,2023/2024,2023,Autres cultures,Arachide,36891.6653,34664.527715833,939.630332053159,0.7644736842105263,0.475,30.118551912568304,505.72,36.917131147540985
Guéra_2023_Manioc,Guéra,Sahélienne,2023/2024,2023,Autres cultures,Manioc,548.9451,729.6579885319132,1329.20029440451,0.7644736842105263,0.475,30.118551912568304,505.72,36.917131147540985
Guéra_2023_Niébé,Guéra,Sahélienne,2023/2024,2023,Autres cultures,Niébé,7837.4182,4532.510896654091,578.316836104789,0.7644736842105263,0.475,30.118551912568304,505.72,36.917131147540985
Guéra_2023_Patate_douce,Guéra,Sahélienne,2023/2024,2023,Autres cultures,Patate douce,1823.8212,10972.183037624553,6016.04095709851,0.7644736842105263,0.475,30.118551912568304,505.72,36.917131147540985
Guéra_2023_Pois_de_terre,Guéra,Sahélienne,2023/2024,2023,Autres cultures,Pois de terre,3367.32396,4648.588348634513,1380.4992937580362,0.7644736842105263,0.475,30.118551912568304,505.72,36.917131147540985
Guéra_2023_Sésame,Guéra,Sahélienne,2023/2024,2023,Autres cultures,Sésame,19593.05608,9595.735782643576,489.75186634813,0.7644736842105263,0.475,30.118551912568304,505.72,36.917131147540985
Guéra_2023_Taro,Guéra,Sahélienne,2023/2024,2023,Autres cultures,Taro,,,,0.7644736842105263,0.475,30.118551912568304,505.72,36.917131147540985
Guéra_2023_Berbéré,Guéra,Sahélienne,2023/2024,2023,Céréales,Berbéré,37537.3788209914,30259.622421932127,806.119749762883,0.7644736842105263,0.475,30.118551912568304,505.72,36.917131147540985
Guéra_2023_Blé,Guéra,Sahélienne,2023/2024,2023,Céréales,Blé,,,,0.7644736842105263,0.475,30.118551912568304,505.72,36.917131147540985
Guéra_2023_Maïs,Guéra,Sahélienne,2023/2024,2023,Céréales,Maïs,3586.30884813085,2248.281897160733,626.906937569673,0.7644736842105263,0.475,30.118551912568304,505.72,36.917131147540985
Guéra_2023_Mil,Guéra,Sahélienne,2023/2024,2023,Céréales,Mil,65101.81727038424,32733.51634889268,502.804955704111,0.7644736842105263,0.475,30.118551912568304,505.72,36.917131147540985
Guéra_2023_Riz,Guéra,Sahélienne,2023/2024,2023,Céréales,Riz,449.09380625,384.2439976452834,855.598523733333,0.7644736842105263,0.475,30.118551912568304,505.72,36.917131147540985
Guéra_2023_Sorgho,Guéra,Sahélienne,2023/2024,2023,Céréales,Sorgho,100693.785902149,79338.90578731612,787.922562216651,0.7644736842105263,0.475,30.118551912568304,505.72,36.917131147540985
Hadjer-Lamis_2023_Arachide,Hadjer-Lamis,Sahélienne,2023/2024,2023,Autres cultures,Arachide,52229.0697510603,46579.32805014307,891.827640663607,0.7485,0.595,30.118551912568304,505.72,36.917131147540985
Hadjer-Lamis_2023_Manioc,Hadjer-Lamis,Sahélienne,2023/2024,2023,Autres cultures,Manioc,895.797808,912.91421919285,1019.1074492926756,0.7485,0.595,30.118551912568304,505.72,36.917131147540985
Hadjer-Lamis_2023_Niébé,Hadjer-Lamis,Sahélienne,2023/2024,2023,Autres cultures,Niébé,26994.1111403486,18400.61653318433,681.6529885913,0.7485,0.595,30.118551912568304,505.72,36.917131147540985
Hadjer-Lamis_2023_Patate_douce,Hadjer-Lamis,Sahélienne,2023/2024,2023,Autres cultures,Patate douce,310.77585165210843,2365.992815872116,7613.181021930486,0.7485,0.595,30.118551912568304,505.72,36.917131147540985
Hadjer-Lamis_2023_Pois_de_terre,Hadjer-Lamis,Sahélienne,2023/2024,2023,Autres cultures,Pois de terre,,0.0,,0.7485,0.595,30.118551912568304,505.72,36.917131147540985
Hadjer-Lamis_2023_Sésame,Hadjer-Lamis,Sahélienne,2023/2024,2023,Autres cultures,Sésame,16529.853716413145,7476.733778629799,452.316996078789,0.7485,0.595,30.118551912568304,505.72,36.917131147540985
Hadjer-Lamis_2023_Taro,Hadjer-Lamis,Sahélienne,2023/2024,2023,Autres cultures,Taro,,,,0.7485,0.595,30.118551912568304,505.72,36.917131147540985
Hadjer-Lamis_2023_Berbéré,Hadjer-Lamis,Sahélienne,2023/2024,2023,Céréales,Berbéré,5861.27855905317,5041.134225769573,860.0741587316602,0.7485,0.595,30.118551912568304,505.72,36.917131147540985
Hadjer-Lamis_2023_Blé,Hadjer-Lamis,Sahélienne,2023/2024,2023,Céréales,Blé,45.0,82.665,1837.0,0.7485,0.595,30.118551912568304,505.72,36.917131147540985
Hadjer-Lamis_2023_Maïs,Hadjer-Lamis,Sahélienne,2023/2024,2023,Céréales,Maïs,32639.465924223816,19746.16218854636,604.9781033301615,0.7485,0.595,30.118551912568304,505.72,36.917131147540985
Hadjer-Lamis_2023_Mil,Hadjer-Lamis,Sahélienne,2023/2024,2023,Céréales,Mil,80866.93931389571,27873.573017843337,344.68440693233583,0.7485,0.595,30.118551912568304,505.72,36.917131147540985
Hadjer-Lamis_2023_Riz,Hadjer-Lamis,Sahélienne,2023/2024,2023,Céréales,Riz,2912.663888826906,6005.182039816958,2061.749061693344,0.7485,0.595,30.118551912568304,505.72,36.917131147540985
Hadjer-Lamis_2023_Sorgho,Hadjer-Lamis,Sahélienne,2023/2024,2023,Céréales,Sorgho,80976.74865627625,43006.67243792408,531.0990272093466,0.7485,0.595,30.118551912568304,505.72,36.917131147540985
Kanem_2023_Arachide,Kanem,Sahélienne,2023/2024,2023,Autres cultures,Arachide,,0.0,,0.8014545454545455,0.64,30.118551912568304,505.72,36.917131147540985
Kanem_2023_Manioc,Kanem,Sahélienne,2023/2024,2023,Autres cultures,Manioc,,0.0,,0.8014545454545455,0.64,30.118551912568304,505.72,36.917131147540985
Kanem_2023_Niébé,Kanem,Sahélienne,2023/2024,2023,Autres cultures,Niébé,342.0,66.85608623904281,195.48563227790297,0.8014545454545455,0.64,30.118551912568304,505.72,36.917131147540985
Kanem_2023_Patate_douce,Kanem,Sahélienne,2023/2024,2023,Autres cultures,Patate douce,,0.0,,0.8014545454545455,0.64,30.118551912568304,505.72,36.917131147540985
Kanem_2023_Pois_de_terre,Kanem,Sahélienne,2023/2024,2023,Autres cultures,Pois de terre,,0.0,,0.8014545454545455,0.64,30.118551912568304,505.72,36.917131147540985
Kanem_2023_Sésame,Kanem,Sahélienne,2023/2024,2023,Autres cultures,Sésame,,0.0,,0.8014545454545455,0.64,30.118551912568304,505.72,36.917131147540985
Kanem_2023_Taro,Kanem,Sahélienne,2023/2024,2023,Autres cultures,Taro,,,,0.8014545454545455,0.64,30.118551912568304,505.72,36.917131147540985
Kanem_2023_Berbéré,Kanem,Sahélienne,2023/2024,2023,Céréales,Berbéré,,,,0.8014545454545455,0.64,30.118551912568304,505.72,36.917131147540985
Kanem_2023_Blé,Kanem,Sahélienne,2023/2024,2023,Céréales,Blé,,,,0.8014545454545455,0.64,30.118551912568304,505.72,36.917131147540985
Kanem_2023_Maïs,Kanem,Sahélienne,2023/2024,2023,Céréales,Maïs,755.25,458.674213816875,607.3144175,0.8014545454545455,0.64,30.118551912568304,505.72,36.917131147540985
Kanem_2023_Mil,Kanem,Sahélienne,2023/2024,2023,Céréales,Mil,17291.88,4775.228178421928,276.1543671608829,0.8014545454545455,0.64,30.118551912568304,505.72,36.917131147540985
Kanem_2023_Riz,Kanem,Sahélienne,2023/2024,2023,Céréales,Riz,,,,0.8014545454545455,0.64,30.118551912568304,505.72,36.917131147540985
Kanem_2023_Sorgho,Kanem,Sahélienne,2023/2024,2023,Céréales,Sorgho,,0.0,215.5,0.8014545454545455,0.64,30.118551912568304,505.72,36.917131147540985
Lac_2023_Arachide,Lac,Sahélienne,2023/2024,2023,Autres cultures,Arachide,489.30986304,567.2195429737593,1159.22360413853,0.6968888888888889,0.405,30.118551912568304,505.72,36.917131147540985
Lac_2023_Manioc,Lac,Sahélienne,2023/2024,2023,Autres cultures,Manioc,469.1992732165873,6893.140308560161,14691.28513627986,0.6968888888888889,0.405,30.118551912568304,505.72,36.917131147540985
Lac_2023_Niébé,Lac,Sahélienne,2023/2024,2023,Autres cultures,Niébé,1858.8853471924103,1910.8113936599225,1027.933969432778,0.6968888888888889,0.405,30.118551912568304,505.72,36.917131147540985
Lac_2023_Patate_douce,Lac,Sahélienne,2023/2024,2023,Autres cultures,Patate douce,2501.8497152,31736.501345240733,12685.214924152106,0.6968888888888889,0.405,30.118551912568304,505.72,36.917131147540985
Lac_2023_Pois_de_terre,Lac,Sahélienne,2023/2024,2023,Autres cultures,Pois de terre,,0.0,,0.6968888888888889,0.405,30.118551912568304,505.72,36.917131147540985
Lac_2023_Sésame,Lac,Sahélienne,2023/2024,2023,Autres cultures,Sésame,,0.0,,0.6968888888888889,0.405,30.118551912568304,505.72,36.917131147540985
Lac_2023_Taro,Lac,Sahélienne,2023/2024,2023,Autres cultures,Taro,,,,0.6968888888888889,0.405,30.118551912568304,505.72,36.917131147540985
Lac_2023_Berbéré,Lac,Sahélienne,2023/2024,2023,Céréales,Berbéré,375.15649715155,545.6883037759495,1454.561784,0.6968888888888889,0.405,30.118551912568304,505.72,36.917131147540985
Lac_2023_Blé,Lac,Sahélienne,2023/2024,2023,Céréales,Blé,680.045877,1316.1525739945682,1950.8942459442487,0.6968888888888889,0.405,30.118551912568304,505.72,36.917131147540985
Lac_2023_Maïs,Lac,Sahélienne,2023/2024,2023,Céréales,Maïs,38229.81167180586,67024.56464423453,1753.2015386218748,0.6968888888888889,0.405,30.118551912568304,505.72,36.917131147540985
Lac_2023_Mil,Lac,Sahélienne,2023/2024,2023,Céréales,Mil,69175.10528688286,41388.48617182052,598.314755,0.6968888888888889,0.405,30.118551912568304,505.72,36.917131147540985
Lac_2023_Riz,Lac,Sahélienne,2023/2024,2023,Céréales,Riz,444.4084762581707,1201.5879561826164,2703.7917150000003,0.6968888888888889,0.405,30.118551912568304,505.72,36.917131147540985
Lac_2023_Sorgho,Lac,Sahélienne,2023/2024,2023,Céréales,Sorgho,261.7747631439629,223.23114340964648,852.760368221136,0.6968888888888889,0.405,30.118551912568304,505.72,36.917131147540985
Ouaddaï_2023_Arachide,Ouaddaï,Sahélienne,2023/2024,2023,Autres cultures,Arachide,173973.8051,169174.44456136794,972.4133151202078,0.7660384615384616,0.658,30.118551912568304,505.72,36.917131147540985
Ouaddaï_2023_Manioc,Ouaddaï,Sahélienne,2023/2024,2023,Autres cultures,Manioc,,0.0,,0.7660384615384616,0.658,30.118551912568304,505.72,36.917131147540985
Ouaddaï_2023_Niébé,Ouaddaï,Sahélienne,2023/2024,2023,Autres cultures,Niébé,12168.123519,6124.310026217044,503.307680650529,0.7660384615384616,0.658,30.118551912568304,505.72,36.917131147540985
Ouaddaï_2023_Patate_douce,Ouaddaï,Sahélienne,2023/2024,2023,Autres cultures,Patate douce,,0.0,,0.7660384615384616,0.658,30.118551912568304,505.72,36.917131147540985
Ouaddaï_2023_Pois_de_terre,Ouaddaï,Sahélienne,2023/2024,2023,Autres cultures,Pois de terre,1375.94573972035,910.6395618568472,661.828105257935,0.7660384615384616,0.658,30.118551912568304,505.72,36.917131147540985
Ouaddaï_2023_Sésame,Ouaddaï,Sahélienne,2023/2024,2023,Autres cultures,Sésame,68936.569474,34197.881826778525,496.077511366105,0.7660384615384616,0.658,30.118551912568304,505.72,36.917131147540985
Ouaddaï_2023_Taro,Ouaddaï,Sahélienne,2023/2024,2023,Autres cultures,Taro,,,,0.7660384615384616,0.658,30.118551912568304,505.72,36.917131147540985
Ouaddaï_2023_Berbéré,Ouaddaï,Sahélienne,2023/2024,2023,Céréales,Berbéré,625.361211384459,495.1140468709196,791.724906913892,0.7660384615384616,0.658,30.118551912568304,505.72,36.917131147540985
Ouaddaï_2023_Blé,Ouaddaï,Sahélienne,2023/2024,2023,Céréales,Blé,,,,0.7660384615384616,0.658,30.118551912568304,505.72,36.917131147540985
Ouaddaï_2023_Maïs,Ouaddaï,Sahélienne,2023/2024,2023,Céréales,Maïs,926.54,677.0442184934222,730.723140386192,0.7660384615384616,0.658,30.118551912568304,505.72,36.917131147540985
Ouaddaï_2023_Mil,Ouaddaï,Sahélienne,2023/2024,2023,Céréales,Mil,191743.741,121171.9569950956,631.947391675724,0.7660384615384616,0.658,30.118551912568304,505.72,36.917131147540985
Ouaddaï_2023_Riz,Ouaddaï,Sahélienne,2023/2024,2023,Céréales,Riz,,,,0.7660384615384616,0.658,30.118551912568304,505.72,36.917131147540985
Ouaddaï_2023_Sorgho,Ouaddaï,Sahélienne,2023/2024,2023,Céréales,Sorgho,107400.0,75323.31813862707,701.33443332055,0.7660384615384616,0.658,30.118551912568304,505.72,36.917131147540985
Salamat_2023_Arachide,Salamat,Sahélienne,2023/2024,2023,Autres cultures,Arachide,10097.86,10858.24108064009,1075.30121041885,0.6796521739130434,0.443,30.118551912568304,505.72,36.917131147540985
Salamat_2023_Manioc,Salamat,Sahélienne,2023/2024,2023,Autres cultures,Manioc,1598.322702,11113.047014385633,6952.94323260237,0.6796521739130434,0.443,30.118551912568304,505.72,36.917131147540985
Salamat_2023_Niébé,Salamat,Sahélienne,2023/2024,2023,Autres cultures,Niébé,4600.142028,3691.130355032321,802.394867933482,0.6796521739130434,0.443,30.118551912568304,505.72,36.917131147540985
Salamat_2023_Patate_douce,Salamat,Sahélienne,2023/2024,2023,Autres cultures,Patate douce,3214.96,36552.06383518557,11369.3681523831,0.6796521739130434,0.443,30.118551912568304,505.72,36.917131147540985
Salamat_2023_Pois_de_terre,Salamat,Sahélienne,2023/2024,2023,Autres cultures,Pois de terre,576.2407887,567.0025487013318,983.968090805391,0.6796521739130434,0.443,30.118551912568304,505.72,36.917131147540985
Salamat_2023_Sésame,Salamat,Sahélienne,2023/2024,2023,Autres cultures,Sésame,10302.5777,5757.478866239336,558.8386745425211,0.6796521739130434,0.443,30.118551912568304,505.72,36.917131147540985
Salamat_2023_Taro,Salamat,Sahélienne,2023/2024,2023,Autres cultures,Taro,,,,0.6796521739130434,0.443,30.118551912568304,505.72,36.917131147540985
Salamat_2023_Berbéré,Salamat,Sahélienne,2023/2024,2023,Céréales,Berbéré,231709.458078244,344655.2565592394,1487.44578412011,0.6796521739130434,0.443,30.118551912568304,505.72,36.917131147540985
Salamat_2023_Blé,Salamat,Sahélienne,2023/2024,2023,Céréales,Blé,,,,0.6796521739130434,0.443,30.118551912568304,505.72,36.917131147540985
Salamat_2023_Maïs,Salamat,Sahélienne,2023/2024,2023,Céréales,Maïs,32741.78,41126.64809300679,1256.09078348846,0.6796521739130434,0.443,30.118551912568304,505.72,36.917131147540985
Salamat_2023_Mil,Salamat,Sahélienne,2023/2024,2023,Céréales,Mil,7405.8865,5522.896742563289,745.744178305094,0.6796521739130434,0.443,30.118551912568304,505.72,36.917131147540985
Salamat_2023_Riz,Salamat,Sahélienne,2023/2024,2023,Céréales,Riz,4835.0,15755.057903409375,3258.5435167341,0.6796521739130434,0.443,30.118551912568304,505.72,36.917131147540985
Salamat_2023_Sorgho,Salamat,Sahélienne,2023/2024,2023,Céréales,Sorgho,22958.24,25966.55570776481,1131.03424773697,0.6796521739130434,0.443,30.118551912568304,505.72,36.917131147540985
Sila_2023_Arachide,Sila,Sahélienne,2023/2024,2023,Autres cultures,Arachide,80214.24190966271,85923.44585509512,1071.1744424620022,0.684,0.605,30.118551912568304,505.72,36.917131147540985
Sila_2023_Manioc,Sila,Sahélienne,2023/2024,2023,Autres cultures,Manioc,,0.0,,0.684,0.605,30.118551912568304,505.72,36.917131147540985
Sila_2023_Niébé,Sila,Sahélienne,2023/2024,2023,Autres cultures,Niébé,24299.061866509008,16477.78878417026,678.1244837637671,0.684,0.605,30.118551912568304,505.72,36.917131147540985
Sila_2023_Patate_douce,Sila,Sahélienne,2023/2024,2023,Autres cultures,Patate douce,114.160098,595.1735696841229,5213.49911318509,0.684,0.605,30.118551912568304,505.72,36.917131147540985
Sila_2023_Pois_de_terre,Sila,Sahélienne,2023/2024,2023,Autres cultures,Pois de terre,,0.0,,0.684,0.605,30.118551912568304,505.72,36.917131147540985
Sila_2023_Sésame,Sila,Sahélienne,2023/2024,2023,Autres cultures,Sésame,65804.31688637249,43155.343096512544,655.8132526629062,0.684,0.605,30.118551912568304,505.72,36.917131147540985
Sila_2023_Taro,Sila,Sahélienne,2023/2024,2023,Autres cultures,Taro,,,,0.684,0.605,30.118551912568304,505.72,36.917131147540985
Sila_2023_Berbéré,Sila,Sahélienne,2023/2024,2023,Céréales,Berbéré,13481.387297041554,17366.46057277201,1288.1805255,0.684,0.605,30.118551912568304,505.72,36.917131147540985
Sila_2023_Blé,Sila,Sahélienne,2023/2024,2023,Céréales,Blé,,,,0.684,0.605,30.118551912568304,505.72,36.917131147540985
Sila_2023_Maïs,Sila,Sahélienne,2023/2024,2023,Céréales,Maïs,55524.9282,71975.18203790701,1296.2678993235872,0.684,0.605,30.118551912568304,505.72,36.917131147540985
Sila_2023_Mil,Sila,Sahélienne,2023/2024,2023,Céréales,Mil,107292.24,81752.50485108746,761.9610220747321,0.684,0.605,30.118551912568304,505.72,36.917131147540985
Sila_2023_Riz,Sila,Sahélienne,2023/2024,2023,Céréales,Riz,290.0,347.1240461648745,1196.97946953405,0.684,0.605,30.118551912568304,505.72,36.917131147540985
Sila_2023_Sorgho,Sila,Sahélienne,2023/2024,2023,Céréales,Sorgho,145056.44999999998,146113.3690907143,1007.2862605607284,0.684,0.605,30.118551912568304,505.72,36.917131147540985
Wadi_Fira_2023_Arachide,Wadi Fira,Sahélienne,2023/2024,2023,Autres cultures,Arachide,23158.746681620403,23660.64643160816,1021.67214646318,0.6782,0.585,30.118551912568304,505.72,36.917131147540985
Wadi_Fira_2023_Manioc,Wadi Fira,Sahélienne,2023/2024,2023,Autres cultures,Manioc,,0.0,,0.6782,0.585,30.118551912568304,505.72,36.917131147540985
Wadi_Fira_2023_Niébé,Wadi Fira,Sahélienne,2023/2024,2023,Autres cultures,Niébé,4137.69775966507,1955.647987222828,472.641575295033,0.6782,0.585,30.118551912568304,505.72,36.917131147540985
Wadi_Fira_2023_Patate_douce,Wadi Fira,Sahélienne,2023/2024,2023,Autres cultures,Patate douce,,0.0,,0.6782,0.585,30.118551912568304,505.72,36.917131147540985
Wadi_Fira_2023_Pois_de_terre,Wadi Fira,Sahélienne,2023/2024,2023,Autres cultures,Pois de terre,,0.0,,0.6782,0.585,30.118551912568304,505.72,36.917131147540985
Wadi_Fira_2023_Sésame,Wadi Fira,Sahélienne,2023/2024,2023,Autres cultures,Sésame,4942.230922383369,1639.678978323433,331.768993410916,0.6782,0.585,30.118551912568304,505.72,36.917131147540985
Wadi_Fira_2023_Taro,Wadi Fira,Sahélienne,2023/2024,2023,Autres cultures,Taro,,,,0.6782,0.585,30.118551912568304,505.72,36.917131147540985
Wadi_Fira_2023_Berbéré,Wadi Fira,Sahélienne,2023/2024,2023,Céréales,Berbéré,,,,0.6782,0.585,30.118551912568304,505.72,36.917131147540985
Wadi_Fira_2023_Blé,Wadi Fira,Sahélienne,2023/2024,2023,Céréales,Blé,,,,0.6782,0.585,30.118551912568304,505.72,36.917131147540985
Wadi_Fira_2023_Maïs,Wadi Fira,Sahélienne,2023/2024,2023,Céréales,Maïs,,,,0.6782,0.585,30.118551912568304,505.72,36.917131147540985
Wadi_Fira_2023_Mil,Wadi Fira,Sahélienne,2023/2024,2023,Céréales,Mil,111832.38,53055.46296125872,474.41951035343,0.6782,0.585,30.118551912568304,505.72,36.917131147540985
Wadi_Fira_2023_Riz,Wadi Fira,Sahélienne,2023/2024,2023,Céréales,Riz,,,,0.6782,0.585,30.118551912568304,505.72,36.917131147540985
Wadi_Fira_2023_Sorgho,Wadi Fira,Sahélienne,2023/2024,2023,Céréales,Sorgho,29262.8,23270.49922985612,795.224627508513,0.6782,0.585,30.118551912568304,505.72,36.917131147540985
Logone_Occidental_2023_Arachide,Logone Occidental,Soudanienne,2023/2024,2023,Autres cultures,Arachide,67358.99676,74033.54171567138,1099.08913844802,0.4364761904761905,0.188,30.118551912568304,505.72,36.917131147540985
Logone_Occidental_2023_Manioc,Logone Occidental,Soudanienne,2023/2024,2023,Autres cultures,Manioc,5803.1317500000005,69316.72917236516,11944.710573280565,0.4364761904761905,0.188,30.118551912568304,505.72,36.917131147540985
Logone_Occidental_2023_Niébé,Logone Occidental,Soudanienne,2023/2024,2023,Autres cultures,Niébé,11576.4128,5781.308311891004,499.404125593293,0.4364761904761905,0.188,30.118551912568304,505.72,36.917131147540985
Logone_Occidental_2023_Patate_douce,Logone Occidental,Soudanienne,2023/2024,2023,Autres cultures,Patate douce,7573.841819499999,42084.5570026162,5556.56666795749,0.4364761904761905,0.188,30.118551912568304,505.72,36.917131147540985
Logone_Occidental_2023_Pois_de_terre,Logone Occidental,Soudanienne,2023/2024,2023,Autres cultures,Pois de terre,1216.65645,1028.3426979831297,845.2202739591195,0.4364761904761905,0.188,30.118551912568304,505.72,36.917131147540985
Logone_Occidental_2023_Sésame,Logone Occidental,Soudanienne,2023/2024,2023,Autres cultures,Sésame,50260.17328,25208.37195019284,501.557601279182,0.4364761904761905,0.188,30.118551912568304,505.72,36.917131147540985
Logone_Occidental_2023_Taro,Logone Occidental,Soudanienne,2023/2024,2023,Autres cultures,Taro,129.7438,207.4194536595768,1598.68489792635,0.4364761904761905,0.188,30.118551912568304,505.72,36.917131147540985
Logone_Occidental_2023_Berbéré,Logone Occidental,Soudanienne,2023/2024,2023,Céréales,Berbéré,,,,0.4364761904761905,0.188,30.118551912568304,505.72,36.917131147540985
Logone_Occidental_2023_Blé,Logone Occidental,Soudanienne,2023/2024,2023,Céréales,Blé,,,,0.4364761904761905,0.188,30.118551912568304,505.72,36.917131147540985
Logone_Occidental_2023_Maïs,Logone Occidental,Soudanienne,2023/2024,2023,Céréales,Maïs,13768.4742843661,12573.983324269146,913.244493512743,0.4364761904761905,0.188,30.118551912568304,505.72,36.917131147540985
Logone_Occidental_2023_Mil,Logone Occidental,Soudanienne,2023/2024,2023,Céréales,Mil,23783.7808509439,14095.919633577854,592.669421313577,0.4364761904761905,0.188,30.118551912568304,505.72,36.917131147540985
Logone_Occidental_2023_Riz,Logone Occidental,Soudanienne,2023/2024,2023,Céréales,Riz,14002.6326955636,14954.65440278831,1067.98876525029,0.4364761904761905,0.188,30.118551912568304,505.72,36.917131147540985
Logone_Occidental_2023_Sorgho,Logone Occidental,Soudanienne,2023/2024,2023,Céréales,Sorgho,56253.21688826,42158.16771106121,749.4356775151748,0.4364761904761905,0.188,30.118551912568304,505.72,36.917131147540985
Logone_Oriental_2023_Arachide,Logone Oriental,Soudanienne,2023/2024,2023,Autres cultures,Arachide,48313.5902,62896.58642918977,1301.8404587368,0.4876222222222222,0.161,30.118551912568304,505.72,36.917131147540985
Logone_Oriental_2023_Manioc,Logone Oriental,Soudanienne,2023/2024,2023,Autres cultures,Manioc,3907.154472,30685.8853824156,7853.768158469573,0.4876222222222222,0.161,30.118551912568304,505.72,36.917131147540985
Logone_Oriental_2023_Niébé,Logone Oriental,Soudanienne,2023/2024,2023,Autres cultures,Niébé,14663.188585,9390.288082693034,640.3987801329253,0.4876222222222222,0.161,30.118551912568304,505.72,36.917131147540985
Logone_Oriental_2023_Patate_douce,Logone Oriental,Soudanienne,2023/2024,2023,Autres cultures,Patate douce,6533.71828,32419.1096501405,4961.816267679742,0.4876222222222222,0.161,30.118551912568304,505.72,36.917131147540985
Logone_Oriental_2023_Pois_de_terre,Logone Oriental,Soudanienne,2023/2024,2023,Autres cultures,Pois de terre,4763.7987,5630.762890233274,1181.99009757345,0.4876222222222222,0.161,30.118551912568304,505.72,36.917131147540985
Logone_Oriental_2023_Sésame,Logone Oriental,Soudanienne,2023/2024,2023,Autres cultures,Sésame,34644.1572,19558.674839350573,564.559118192391,0.4876222222222222,0.161,30.118551912568304,505.72,36.917131147540985
Logone_Oriental_2023_Taro,Logone Oriental,Soudanienne,2023/2024,2023,Autres cultures,Taro,2484.69272,3945.6446778979366,1587.98093870454,0.4876222222222222,0.161,30.118551912568304,505.72,36.917131147540985
Logone_Oriental_2023_Berbéré,Logone Oriental,Soudanienne,2023/2024,2023,Céréales,Berbéré,,,,0.4876222222222222,0.161,30.118551912568304,505.72,36.917131147540985
Logone_Oriental_2023_Blé,Logone Oriental,Soudanienne,2023/2024,2023,Céréales,Blé,,,,0.4876222222222222,0.161,30.118551912568304,505.72,36.917131147540985
Logone_Oriental_2023_Maïs,Logone Oriental,Soudanienne,2023/2024,2023,Céréales,Maïs,19178.89,18750.577650018786,977.6675109987484,0.4876222222222222,0.161,30.118551912568304,505.72,36.917131147540985
Logone_Oriental_2023_Mil,Logone Oriental,Soudanienne,2023/2024,2023,Céréales,Mil,25660.925,18058.043057256684,703.717541641881,0.4876222222222222,0.161,30.118551912568304,505.72,36.917131147540985
Logone_Oriental_2023_Riz,Logone Oriental,Soudanienne,2023/2024,2023,Céréales,Riz,21771.36,20270.64581650252,931.0693413963356,0.4876222222222222,0.161,30.118551912568304,505.72,36.917131147540985
Logone_Oriental_2023_Sorgho,Logone Oriental,Soudanienne,2023/2024,2023,Céréales,Sorgho,62194.5,61481.006494809146,988.5280289223184,0.4876222222222222,0.161,30.118551912568304,505.72,36.917131147540985
Mandoul_2023_Arachide,Mandoul,Soudanienne,2023/2024,2023,Autres cultures,Arachide,46608.0771,58442.10873935776,1253.9051678525,0.5114444444444444,0.297,30.118551912568304,505.72,36.917131147540985
Mandoul_2023_Manioc,Mandoul,Soudanienne,2023/2024,2023,Autres cultures,Manioc,6783.8771,63216.70338779053,9318.668728210088,0.5114444444444444,0.297,30.118551912568304,505.72,36.917131147540985
Mandoul_2023_Niébé,Mandoul,Soudanienne,2023/2024,2023,Autres cultures,Niébé,21341.72885525,13813.058232083984,647.23239273495,0.5114444444444444,0.297,30.118551912568304,505.72,36.917131147540985
Mandoul_2023_Patate_douce,Mandoul,Soudanienne,2023/2024,2023,Autres cultures,Patate douce,1708.6979,10742.725888602958,6287.0832161747,0.5114444444444444,0.297,30.118551912568304,505.72,36.917131147540985
Mandoul_2023_Pois_de_terre,Mandoul,Soudanienne,2023/2024,2023,Autres cultures,Pois de terre,6067.861648,8270.174231037996,1362.94706616521,0.5114444444444444,0.297,30.118551912568304,505.72,36.917131147540985
Mandoul_2023_Sésame,Mandoul,Soudanienne,2023/2024,2023,Autres cultures,Sésame,23770.4411208,12162.540523629925,511.66658884539,0.5114444444444444,0.297,30.118551912568304,505.72,36.917131147540985
Mandoul_2023_Taro,Mandoul,Soudanienne,2023/2024,2023,Autres cultures,Taro,2388.84779,7694.777885792946,3221.12522949524,0.5114444444444444,0.297,30.118551912568304,505.72,36.917131147540985
Mandoul_2023_Berbéré,Mandoul,Soudanienne,2023/2024,2023,Céréales,Berbéré,,,,0.5114444444444444,0.297,30.118551912568304,505.72,36.917131147540985
Mandoul_2023_Blé,Mandoul,Soudanienne,2023/2024,2023,Céréales,Blé,,,,0.5114444444444444,0.297,30.118551912568304,505.72,36.917131147540985
Mandoul_2023_Maïs,Mandoul,Soudanienne,2023/2024,2023,Céréales,Maïs,11031.0,11664.999650318874,1057.4743586545983,0.5114444444444444,0.297,30.118551912568304,505.72,36.917131147540985
Mandoul_2023_Mil,Mandoul,Soudanienne,2023/2024,2023,Céréales,Mil,44548.513333333365,23843.48321844097,535.2251160444476,0.5114444444444444,0.297,30.118551912568304,505.72,36.917131147540985
Mandoul_2023_Riz,Mandoul,Soudanienne,2023/2024,2023,Céréales,Riz,15896.43,14523.035515215535,913.6035899390954,0.5114444444444444,0.297,30.118551912568304,505.72,36.917131147540985
Mandoul_2023_Sorgho,Mandoul,Soudanienne,2023/2024,2023,Céréales,Sorgho,69413.64999999969,47613.5648543873,685.939506918128,0.5114444444444444,0.297,30.118551912568304,505.72,36.917131147540985
Mayo-Kebbi_Est_2023_Arachide,Mayo-Kebbi Est,Soudanienne,2023/2024,2023,Autres cultures,Arachide,29843.45056,29730.11537275532,996.2023430562488,0.5957272727272728,0.099,30.118551912568304,505.72,36.917131147540985
Mayo-Kebbi_Est_2023_Manioc,Mayo-Kebbi Est,Soudanienne,2023/2024,2023,Autres cultures,Manioc,3402.60145,32246.669548091428,9477.063365176497,0.5957272727272728,0.099,30.118551912568304,505.72,36.917131147540985
Mayo-Kebbi_Est_2023_Niébé,Mayo-Kebbi Est,Soudanienne,2023/2024,2023,Autres cultures,Niébé,18766.0739,10324.231198248068,550.1540307932,0.5957272727272728,0.099,30.118551912568304,505.72,36.917131147540985
Mayo-Kebbi_Est_2023_Patate_douce,Mayo-Kebbi Est,Soudanienne,2023/2024,2023,Autres cultures,Patate douce,942.73935303339,5503.082186912095,5837.331569118432,0.5957272727272728,0.099,30.118551912568304,505.72,36.917131147540985
Mayo-Kebbi_Est_2023_Pois_de_terre,Mayo-Kebbi Est,Soudanienne,2023/2024,2023,Autres cultures,Pois de terre,4473.1512,3028.7505327324207,677.0954965109206,0.5957272727272728,0.099,30.118551912568304,505.72,36.917131147540985
Mayo-Kebbi_Est_2023_Sésame,Mayo-Kebbi Est,Soudanienne,2023/2024,2023,Autres cultures,Sésame,17484.713044049997,7320.707516675962,418.69188806431,0.5957272727272728,0.099,30.118551912568304,505.72,36.917131147540985
Mayo-Kebbi_Est_2023_Taro,Mayo-Kebbi Est,Soudanienne,2023/2024,2023,Autres cultures,Taro,1755.3446399999998,5563.984442469293,3169.739044789116,0.5957272727272728,0.099,30.118551912568304,505.72,36.917131147540985
Mayo-Kebbi_Est_2023_Berbéré,Mayo-Kebbi Est,Soudanienne,2023/2024,2023,Céréales,Berbéré,61001.3546897336,47051.77978972704,771.323522715894,0.5957272727272728,0.099,30.118551912568304,505.72,36.917131147540985
Mayo-Kebbi_Est_2023_Blé,Mayo-Kebbi Est,Soudanienne,2023/2024,2023,Céréales,Blé,,,,0.5957272727272728,0.099,30.118551912568304,505.72,36.917131147540985
Mayo-Kebbi_Est_2023_Maïs,Mayo-Kebbi Est,Soudanienne,2023/2024,2023,Céréales,Maïs,13829.0,15584.014327488972,1126.90825999631,0.5957272727272728,0.099,30.118551912568304,505.72,36.917131147540985
Mayo-Kebbi_Est_2023_Mil,Mayo-Kebbi Est,Soudanienne,2023/2024,2023,Céréales,Mil,24092.9,13765.034867906175,571.331590132619,0.5957272727272728,0.099,30.118551912568304,505.72,36.917131147540985
Mayo-Kebbi_Est_2023_Riz,Mayo-Kebbi Est,Soudanienne,2023/2024,2023,Céréales,Riz,38624.72,57898.00497317697,1498.98834148641,0.5957272727272728,0.099,30.118551912568304,505.72,36.917131147540985
Mayo-Kebbi_Est_2023_Sorgho,Mayo-Kebbi Est,Soudanienne,2023/2024,2023,Céréales,Sorgho,71183.51385,55639.2003719584,781.630427646533,0.5957272727272728,0.099,30.118551912568304,505.72,36.917131147540985
Mayo-Kebbi_Ouest_2023_Arachide,Mayo-Kebbi Ouest,Soudanienne,2023/2024,2023,Autres cultures,Arachide,36731.590447025,35395.3772882191,963.622235178381,0.4653928571428571,0.133,30.118551912568304,505.72,36.917131147540985
Mayo-Kebbi_Ouest_2023_Manioc,Mayo-Kebbi Ouest,Soudanienne,2023/2024,2023,Autres cultures,Manioc,2961.3933629280004,17073.00924579705,5765.194674751535,0.4653928571428571,0.133,30.118551912568304,505.72,36.917131147540985
Mayo-Kebbi_Ouest_2023_Niébé,Mayo-Kebbi Ouest,Soudanienne,2023/2024,2023,Autres cultures,Niébé,8994.505005,5230.869188696853,581.562763686166,0.4653928571428571,0.133,30.118551912568304,505.72,36.917131147540985
Mayo-Kebbi_Ouest_2023_Patate_douce,Mayo-Kebbi Ouest,Soudanienne,2023/2024,2023,Autres cultures,Patate douce,977.0172170600264,3409.929794991576,3490.142993848669,0.4653928571428571,0.133,30.118551912568304,505.72,36.917131147540985
Mayo-Kebbi_Ouest_2023_Pois_de_terre,Mayo-Kebbi Ouest,Soudanienne,2023/2024,2023,Autres cultures,Pois de terre,2462.5834876632907,2330.2002861653827,946.2421468506132,0.4653928571428571,0.133,30.118551912568304,505.72,36.917131147540985
Mayo-Kebbi_Ouest_2023_Sésame,Mayo-Kebbi Ouest,Soudanienne,2023/2024,2023,Autres cultures,Sésame,17054.98027671678,9806.438499817496,574.989729727516,0.4653928571428571,0.133,30.118551912568304,505.72,36.917131147540985
Mayo-Kebbi_Ouest_2023_Taro,Mayo-Kebbi Ouest,Soudanienne,2023/2024,2023,Autres cultures,Taro,1036.16968184,1717.8040529435173,1657.84048988298,0.4653928571428571,0.133,30.118551912568304,505.72,36.917131147540985
Mayo-Kebbi_Ouest_2023_Berbéré,Mayo-Kebbi Ouest,Soudanienne,2023/2024,2023,Céréales,Berbéré,9549.08784124826,9123.450634106372,955.426401535097,0.4653928571428571,0.133,30.118551912568304,505.72,36.917131147540985
Mayo-Kebbi_Ouest_2023_Blé,Mayo-Kebbi Ouest,Soudanienne,2023/2024,2023,Céréales,Blé,,,,0.4653928571428571,0.133,30.118551912568304,505.72,36.917131147540985
Mayo-Kebbi_Ouest_2023_Maïs,Mayo-Kebbi Ouest,Soudanienne,2023/2024,2023,Céréales,Maïs,38458.22,42740.760045110364,1111.35564893826,0.4653928571428571,0.133,30.118551912568304,505.72,36.917131147540985
Mayo-Kebbi_Ouest_2023_Mil,Mayo-Kebbi Ouest,Soudanienne,2023/2024,2023,Céréales,Mil,6730.0,3956.632536984077,587.909738036267,0.4653928571428571,0.133,30.118551912568304,505.72,36.917131147540985
Mayo-Kebbi_Ouest_2023_Riz,Mayo-Kebbi Ouest,Soudanienne,2023/2024,2023,Céréales,Riz,6061.52,7349.599906686038,1212.50113943137,0.4653928571428571,0.133,30.118551912568304,505.72,36.917131147540985
Mayo-Kebbi_Ouest_2023_Sorgho,Mayo-Kebbi Ouest,Soudanienne,2023/2024,2023,Céréales,Sorgho,55018.636020967766,48056.23389943492,873.453749037336,0.4653928571428571,0.133,30.118551912568304,505.72,36.917131147540985
Moyen-Chari_2023_Arachide,Moyen-Chari,Soudanienne,2023/2024,2023,Autres cultures,Arachide,33980.49565,38733.37198781105,1139.87071838992,0.5987058823529412,0.324,30.118551912568304,505.72,36.917131147540985
Moyen-Chari_2023_Manioc,Moyen-Chari,Soudanienne,2023/2024,2023,Autres cultures,Manioc,3524.25315,23112.13431322574,6558.02331147118,0.5987058823529412,0.324,30.118551912568304,505.72,36.917131147540985
Moyen-Chari_2023_Niébé,Moyen-Chari,Soudanienne,2023/2024,2023,Autres cultures,Niébé,11916.71712,8498.64371355524,713.169879588049,0.5987058823529412,0.324,30.118551912568304,505.72,36.917131147540985
Moyen-Chari_2023_Patate_douce,Moyen-Chari,Soudanienne,2023/2024,2023,Autres cultures,Patate douce,2109.623235,12601.54036233156,5973.360623481927,0.5987058823529412,0.324,30.118551912568304,505.72,36.917131147540985
Moyen-Chari_2023_Pois_de_terre,Moyen-Chari,Soudanienne,2023/2024,2023,Autres cultures,Pois de terre,3518.2714425,4035.176574976786,1146.92019672862,0.5987058823529412,0.324,30.118551912568304,505.72,36.917131147540985
Moyen-Chari_2023_Sésame,Moyen-Chari,Soudanienne,2023/2024,2023,Autres cultures,Sésame,12756.85684,6076.922617917217,476.3651967044585,0.5987058823529412,0.324,30.118551912568304,505.72,36.917131147540985
Moyen-Chari_2023_Taro,Moyen-Chari,Soudanienne,2023/2024,2023,Autres cultures,Taro,1271.623311,2870.721106370247,2257.5247571647,0.5987058823529412,0.324,30.118551912568304,505.72,36.917131147540985
Moyen-Chari_2023_Berbéré,Moyen-Chari,Soudanienne,2023/2024,2023,Céréales,Berbéré,3895.93711081456,5340.676372142975,1370.83228507925,0.5987058823529412,0.324,30.118551912568304,505.72,36.917131147540985
Moyen-Chari_2023_Blé,Moyen-Chari,Soudanienne,2023/2024,2023,Céréales,Blé,,,,0.5987058823529412,0.324,30.118551912568304,505.72,36.917131147540985
Moyen-Chari_2023_Maïs,Moyen-Chari,Soudanienne,2023/2024,2023,Céréales,Maïs,11753.58856197504,10407.557990347472,885.4791824190427,0.5987058823529412,0.324,30.118551912568304,505.72,36.917131147540985
Moyen-Chari_2023_Mil,Moyen-Chari,Soudanienne,2023/2024,2023,Céréales,Mil,19628.0,12823.262944107091,653.3148025324583,0.5987058823529412,0.324,30.118551912568304,505.72,36.917131147540985
Moyen-Chari_2023_Riz,Moyen-Chari,Soudanienne,2023/2024,2023,Céréales,Riz,4309.748790251587,4447.540421037636,1031.9720794626653,0.5987058823529412,0.324,30.118551912568304,505.72,36.917131147540985
Moyen-Chari_2023_Sorgho,Moyen-Chari,Soudanienne,2023/2024,2023,Céréales,Sorgho,49632.8537903814,40917.43546772624,824.402232451438,0.5987058823529412,0.324,30.118551912568304,505.72,36.917131147540985
Tandjilé_2023_Arachide,Tandjilé,Soudanienne,2023/2024,2023,Autres cultures,Arachide,27121.0936835,28196.96825134102,1039.6692913787456,0.5037073170731707,0.164,30.118551912568304,505.72,36.917131147540985
Tandjilé_2023_Manioc,Tandjilé,Soudanienne,2023/2024,2023,Autres cultures,Manioc,3428.903052,28872.804477179285,8420.420186665368,0.5037073170731707,0.164,30.118551912568304,505.72,36.917131147540985
Tandjilé_2023_Niébé,Tandjilé,Soudanienne,2023/2024,2023,Autres cultures,Niébé,9075.81374,5610.160611855152,618.1440885162053,0.5037073170731707,0.164,30.118551912568304,505.72,36.917131147540985
Tandjilé_2023_Patate_douce,Tandjilé,Soudanienne,2023/2024,2023,Autres cultures,Patate douce,3173.450395,23793.05281931503,7497.534184496063,0.5037073170731707,0.164,30.118551912568304,505.72,36.917131147540985
Tandjilé_2023_Pois_de_terre,Tandjilé,Soudanienne,2023/2024,2023,Autres cultures,Pois de terre,1077.6862179999998,617.353079582481,572.8504914242868,0.5037073170731707,0.164,30.118551912568304,505.72,36.917131147540985
Tandjilé_2023_Sésame,Tandjilé,Soudanienne,2023/2024,2023,Autres cultures,Sésame,12291.644046,6429.371756800244,523.0684953728803,0.5037073170731707,0.164,30.118551912568304,505.72,36.917131147540985
Tandjilé_2023_Taro,Tandjilé,Soudanienne,2023/2024,2023,Autres cultures,Taro,2389.99442,3900.51580116255,1632.0187898859404,0.5037073170731707,0.164,30.118551912568304,505.72,36.917131147540985
Tandjilé_2023_Berbéré,Tandjilé,Soudanienne,2023/2024,2023,Céréales,Berbéré,6963.64154526546,5140.250808131326,738.15557201191,0.5037073170731707,0.164,30.118551912568304,505.72,36.917131147540985
Tandjilé_2023_Blé,Tandjilé,Soudanienne,2023/2024,2023,Céréales,Blé,,,,0.5037073170731707,0.164,30.118551912568304,505.72,36.917131147540985
Tandjilé_2023_Maïs,Tandjilé,Soudanienne,2023/2024,2023,Céréales,Maïs,6286.21,5041.817683733312,802.044106660979,0.5037073170731707,0.164,30.118551912568304,505.72,36.917131147540985
Tandjilé_2023_Mil,Tandjilé,Soudanienne,2023/2024,2023,Céréales,Mil,27804.515,17875.39269087282,642.895324405868,0.5037073170731707,0.164,30.118551912568304,505.72,36.917131147540985
Tandjilé_2023_Riz,Tandjilé,Soudanienne,2023/2024,2023,Céréales,Riz,54671.32,67594.81942005508,1236.38535561342,0.5037073170731707,0.164,30.118551912568304,505.72,36.917131147540985
Tandjilé_2023_Sorgho,Tandjilé,Soudanienne,2023/2024,2023,Céréales,Sorgho,40496.8333333333,30285.71279817958,747.85385190232,0.5037073170731707,0.164,30.118551912568304,505.72,36.917131147540985
